CustID,PartID,(No column name),natl_flag,oem_flag,annual_spend,quantity,retail_sales,cogs,posgp,comp_price,FRGSHPUSM649NCIS,TRUCKD11,VMTD11,HTRUCKSSAAR,WPU141106,actual_sales
CUST_13B712B98DD48D9D707000784BA555A2,PART_F846361051783347FEEA0BB027E5289C,1/23/2023,1,1,362261.39,7,140.84,61.649,54.761,0,1.154999971,116.8710022,272328.0938,0.515999973,245.1470032,116.41
CUST_13B712B98DD48D9D707000784BA555A2,PART_F846361051783347FEEA0BB027E5289C,2/2/2023,1,1,549570.2,3,60.36,26.421,26.019,18.80999947,1.167000055,116.8180008,270832.6563,0.519999981,245.5469971,52.44
CUST_13B712B98DD48D9D707000784BA555A2,PART_F846361051783347FEEA0BB027E5289C,2/6/2023,1,1,585624.62,7,140.84,61.649,54.761,18.86000061,1.164999962,116.4889984,270491.2188,0.515999973,245.548996,116.41
CUST_13B712B98DD48D9D707000784BA555A2,PART_F846361051783347FEEA0BB027E5289C,2/8/2023,1,1,642566.57,1,20.12,8.807,8.673,18.88999939,1.164000034,116.3249969,270320.5,0.513999999,245.5500031,17.48
CUST_13B712B98DD48D9D707000784BA555A2,PART_F846361051783347FEEA0BB027E5289C,2/17/2023,1,1,842273.18,10,207.2,88.07,81.63,19,1.159999967,115.5859985,269552.2813,0.504999995,245.5529938,169.7
CUST_13B712B98DD48D9D707000784BA555A2,PART_F846361051783347FEEA0BB027E5289C,3/7/2023,1,1,1095493.15,4,67.32,35.228,32.092,19.06999969,1.152999997,114.4840012,268970.4375,0.504000008,245.5930023,67.32
CUST_13B712B98DD48D9D707000784BA555A2,PART_F846361051783347FEEA0BB027E5289C,3/13/2023,1,1,1195309.86,6,100.98,52.842,46.938,19,1.151000023,114.3679962,269412.9063,0.514999986,245.6289978,99.78
CUST_13B712B98DD48D9D707000784BA555A2,PART_F846361051783347FEEA0BB027E5289C,3/14/2023,1,1,1225583.62,2,33.66,17.614,16.046,18.98999977,1.149999976,114.3479996,269486.6563,0.51700002,245.6349945,33.66
CUST_13B712B98DD48D9D707000784BA555A2,PART_F846361051783347FEEA0BB027E5289C,3/20/2023,1,1,1305433.38,6,100.98,52.842,46.938,18.93000031,1.148000002,114.2320023,269929.0938,0.528999984,245.6719971,99.78
CUST_13B712B98DD48D9D707000784BA555A2,PART_F846361051783347FEEA0BB027E5289C,3/24/2023,1,1,1394527.71,4,67.32,35.228,32.092,18.87999916,1.146999955,114.1549988,270224.0625,0.536000013,245.6959991,67.32
CUST_13B712B98DD48D9D707000784BA555A2,PART_F846361051783347FEEA0BB027E5289C,4/6/2023,1,1,1610134.79,9,151.47,79.263,68.157,19.06999969,1.148000002,113.9499969,270769.6563,0.549000025,245.7969971,147.42
CUST_13B712B98DD48D9D707000784BA555A2,PART_F846361051783347FEEA0BB027E5289C,4/17/2023,1,1,1750625.29,6,103.5,54.672,47.568,19.54999924,1.156000018,113.8399963,270672.125,0.546000004,245.9140015,102.24
CUST_13B712B98DD48D9D707000784BA555A2,PART_F846361051783347FEEA0BB027E5289C,4/25/2023,1,1,1899532.26,3,51.75,26.421,25.329,19.88999939,1.161999941,113.7600021,270601.1875,0.542999983,245.9989929,51.75
CUST_13B712B98DD48D9D707000784BA555A2,PART_F846361051783347FEEA0BB027E5289C,5/8/2023,1,1,2091051.86,6,103.5,52.842,49.398,20.07999992,1.161999941,113.8130035,270492.2188,0.540000021,246.2310028,102.24
CUST_13B712B98DD48D9D707000784BA555A2,PART_F846361051783347FEEA0BB027E5289C,5/16/2023,1,1,2221507.26,4,69,35.228,33.772,20.04999924,1.156999946,113.9420013,270428.4688,0.537999988,246.4219971,69
CUST_13B712B98DD48D9D707000784BA555A2,PART_F846361051783347FEEA0BB027E5289C,5/17/2023,1,1,2248280.91,6,103.5,52.842,50.658,20.04000092,1.156000018,113.9580002,270420.5313,0.537999988,246.4459991,103.5
CUST_13B712B98DD48D9D707000784BA555A2,PART_F846361051783347FEEA0BB027E5289C,5/18/2023,1,1,2258164.18,10,172.5,88.07,82.33,20.04000092,1.156000018,113.973999,270412.5625,0.537999988,246.4700012,170.4
CUST_13B712B98DD48D9D707000784BA555A2,PART_F846361051783347FEEA0BB027E5289C,5/22/2023,1,1,2311205.44,10,172.5,88.07,84.43,20.02000046,1.152999997,114.0390015,270380.6875,0.537,246.5659943,172.5
CUST_13B712B98DD48D9D707000784BA555A2,PART_F846361051783347FEEA0BB027E5289C,5/30/2023,1,1,2476688.18,4,69,35.228,33.772,19.98999977,1.148000002,114.1679993,270316.9375,0.535000026,246.7570038,69
CUST_13B712B98DD48D9D707000784BA555A2,PART_F846361051783347FEEA0BB027E5289C,6/5/2023,1,1,2566482.2,6,103.5,52.842,49.398,20.29000092,1.144000053,114.3199997,270375.9375,0.532000005,246.9210052,102.24
CUST_13B712B98DD48D9D707000784BA555A2,PART_F846361051783347FEEA0BB027E5289C,6/6/2023,1,1,2585055.83,8,138,70.456,67.544,20.35000038,1.143000007,114.3499985,270394.6563,0.531000018,246.9499969,138
CUST_13B712B98DD48D9D707000784BA555A2,PART_F846361051783347FEEA0BB027E5289C,6/7/2023,1,1,2610853.76,1,17.25,8.807,8.443,20.40999985,1.14199996,114.3799973,270413.4063,0.529999971,246.9790039,17.25
CUST_13B712B98DD48D9D707000784BA555A2,PART_F846361051783347FEEA0BB027E5289C,6/9/2023,1,1,2642770.79,3,51.75,26.421,25.329,20.53000069,1.139999986,114.4400024,270450.875,0.528999984,247.0370026,51.75
CUST_13B712B98DD48D9D707000784BA555A2,PART_F846361051783347FEEA0BB027E5289C,6/16/2023,1,1,2744518.87,6,103.5,52.842,49.398,20.95000076,1.13499999,114.6500015,270582,0.523000002,247.2400055,102.24
CUST_13B712B98DD48D9D707000784BA555A2,PART_F846361051783347FEEA0BB027E5289C,6/23/2023,1,1,2869915.81,2,34.5,17.614,16.886,21.37000084,1.128999949,114.8600006,270713.125,0.51700002,247.4420013,34.5
CUST_13B712B98DD48D9D707000784BA555A2,PART_F846361051783347FEEA0BB027E5289C,6/28/2023,1,1,2949329.62,6,103.5,52.842,50.658,21.67000008,1.125,115.0100021,270806.8125,0.513000011,247.5870056,103.5
CUST_13B712B98DD48D9D707000784BA555A2,PART_F846361051783347FEEA0BB027E5289C,7/5/2023,1,1,3029195.44,4,69,35.228,33.772,21.48999977,1.125,114.9580002,270912.8125,0.510999978,247.6750031,69
CUST_13B712B98DD48D9D707000784BA555A2,PART_F846361051783347FEEA0BB027E5289C,7/11/2023,1,1,3128399.42,3,51.75,26.421,25.329,21.12999916,1.128999949,114.7450027,270987.5313,0.512000024,247.677002,51.75
CUST_13B712B98DD48D9D707000784BA555A2,PART_F846361051783347FEEA0BB027E5289C,7/14/2023,1,1,3204297.03,7,132.37,61.649,61.901,20.95000076,1.131000042,114.6389999,271024.875,0.512000024,247.6779938,123.55
CUST_13B712B98DD48D9D707000784BA555A2,PART_F846361051783347FEEA0BB027E5289C,7/21/2023,1,1,3357033.68,10,189.1,88.07,82.33,20.53000069,1.136000037,114.3899994,271112.0313,0.513000011,247.6799927,170.4
CUST_13B712B98DD48D9D707000784BA555A2,PART_F846361051783347FEEA0BB027E5289C,7/31/2023,1,1,3549248.74,1,18.91,8.807,8.843,19.93000031,1.14199996,114.0350037,271236.5625,0.513999999,247.6840057,17.65
CUST_13B712B98DD48D9D707000784BA555A2,PART_F846361051783347FEEA0BB027E5289C,8/11/2023,1,1,3798621.34,2,37.82,17.614,17.686,19.98999977,1.149000049,114.0319977,270772.2188,0.512000024,247.8249969,35.3
CUST_13B712B98DD48D9D707000784BA555A2,PART_F846361051783347FEEA0BB027E5289C,8/17/2023,1,1,3888520.3,1,18.91,8.807,8.843,20.03000069,1.152999997,114.052002,270486.1563,0.50999999,247.9089966,17.65
CUST_13B712B98DD48D9D707000784BA555A2,PART_F846361051783347FEEA0BB027E5289C,8/25/2023,1,1,4046796.4,1,18.91,8.807,8.843,20.07999992,1.157999992,114.0770035,270104.75,0.509000003,248.0220032,17.65
CUST_13B712B98DD48D9D707000784BA555A2,PART_F846361051783347FEEA0BB027E5289C,8/31/2023,1,1,4157086.1,10,189.1,88.07,82.33,20.11000061,1.161999941,114.0970001,269818.6875,0.507000029,248.1060028,170.4
CUST_13B712B98DD48D9D707000784BA555A2,PART_F846361051783347FEEA0BB027E5289C,9/8/2023,1,1,4350937.97,1,18.91,8.807,8.443,20.29999924,1.149999976,114.1470032,269540.4688,0.497999996,248.1340027,17.25
CUST_13B712B98DD48D9D707000784BA555A2,PART_F846361051783347FEEA0BB027E5289C,10/2/2023,1,1,4848960.81,23,434.93,202.561,189.359,20.85000038,1.10800004,114.2809982,268843.4375,0.469000012,248.1809998,391.92
CUST_13B712B98DD48D9D707000784BA555A2,PART_F846361051783347FEEA0BB027E5289C,10/17/2023,1,1,5282613.58,3,56.73,26.421,25.329,20.94000053,1.100999951,113.9899979,269750.2188,0.472000003,248.2319946,51.75
CUST_13B712B98DD48D9D707000784BA555A2,PART_F846361051783347FEEA0BB027E5289C,10/24/2023,1,1,5455018.86,3,56.73,26.421,25.329,20.98999977,1.09800005,113.8550034,270173.375,0.47299999,248.2559967,51.75
CUST_13B712B98DD48D9D707000784BA555A2,PART_F846361051783347FEEA0BB027E5289C,10/30/2023,1,1,5613281.44,13,245.83,114.491,109.759,21.02000046,1.095000029,113.7389984,270536.0938,0.474000007,248.276001,224.25
CUST_13B712B98DD48D9D707000784BA555A2,PART_F846361051783347FEEA0BB027E5289C,11/1/2023,1,1,5723405.71,9,170.19,79.263,75.987,21.03000069,1.093999982,113.6999969,270657,0.474000007,248.2830048,155.25
CUST_13B712B98DD48D9D707000784BA555A2,PART_F846361051783347FEEA0BB027E5289C,11/3/2023,1,1,5769212.13,0,0,0,0,21.03000069,1.093000054,113.8529968,270644.5938,0.474999994,248.2920074,0
CUST_13B712B98DD48D9D707000784BA555A2,PART_F846361051783347FEEA0BB027E5289C,11/6/2023,1,1,5798786.74,12,226.92,105.684,98.796,21.02000046,1.090999961,114.0830002,270626,0.476000011,248.3049927,204.48
CUST_13B712B98DD48D9D707000784BA555A2,PART_F846361051783347FEEA0BB027E5289C,11/14/2023,1,1,5974109.2,22,416.02,193.754,184.696,21.01000023,1.087000012,114.6969986,270576.4063,0.479999989,248.3390045,378.45
CUST_13B712B98DD48D9D707000784BA555A2,PART_F846361051783347FEEA0BB027E5289C,11/15/2023,1,1,6010829.93,5,94.55,44.035,41.165,21.01000023,1.085999966,114.7730026,270570.1875,0.479999989,248.3439941,85.2
CUST_13B712B98DD48D9D707000784BA555A2,PART_F846361051783347FEEA0BB027E5289C,11/20/2023,1,1,6114768.85,5,94.55,44.035,41.165,21,1.082999945,115.1569977,270539.1875,0.481999993,248.3650055,85.2
CUST_13B712B98DD48D9D707000784BA555A2,PART_F846361051783347FEEA0BB027E5289C,11/24/2023,1,1,6193469.86,5,94.55,44.035,41.165,21,1.08099997,115.4629974,270514.4063,0.483999997,248.3829956,85.2
CUST_13B712B98DD48D9D707000784BA555A2,PART_F846361051783347FEEA0BB027E5289C,12/4/2023,1,1,6364434.45,8,151.28,70.456,67.544,21.26000023,1.072999954,115.5739975,270688.3438,0.488000005,248.5549927,138
CUST_13B712B98DD48D9D707000784BA555A2,PART_F846361051783347FEEA0BB027E5289C,12/12/2023,1,1,6604746.3,2,37.82,17.614,16.886,21.80999947,1.06400001,114.439003,271267.9688,0.488999993,248.9320068,34.5
CUST_13B712B98DD48D9D707000784BA555A2,PART_F846361051783347FEEA0BB027E5289C,12/14/2023,1,1,6653839.68,4,75.64,35.228,33.772,21.95000076,1.06099999,114.1549988,271412.875,0.49000001,249.0269928,69
CUST_13B712B98DD48D9D707000784BA555A2,PART_F846361051783347FEEA0BB027E5289C,12/15/2023,1,1,6672514.9,5,94.55,44.035,42.215,22.02000046,1.059999943,114.0130005,271485.3125,0.49000001,249.0740051,86.25
CUST_13B712B98DD48D9D707000784BA555A2,PART_F846361051783347FEEA0BB027E5289C,12/21/2023,1,1,6775999.5,18,340.38,158.526,149.874,22.43000031,1.052000046,113.1610031,271920.0313,0.490999997,249.3569946,308.4
CUST_13B712B98DD48D9D707000784BA555A2,PART_F846361051783347FEEA0BB027E5289C,12/29/2023,1,1,6904893.48,3,56.73,26.421,25.329,22.97999954,1.042999983,112.026001,272499.6563,0.492000014,249.7339935,51.75
CUST_13B712B98DD48D9D707000784BA555A2,PART_F846361051783347FEEA0BB027E5289C,1/12/2024,1,1,6984255.75,5,94.55,44.035,42.215,24.17000008,1.065999985,112.4520035,274435.125,0.493999988,249.8820038,86.25
CUST_13B712B98DD48D9D707000784BA555A2,PART_F846361051783347FEEA0BB027E5289C,1/18/2024,1,1,7029472.4,5,94.55,44.035,42.015,24.69000053,1.08099997,112.9160004,275372.2813,0.495000005,249.8860016,86.05
CUST_13B712B98DD48D9D707000784BA555A2,PART_F846361051783347FEEA0BB027E5289C,1/19/2024,1,1,7044315.85,5,94.55,44.035,42.015,24.78000069,1.082999945,112.9940033,275528.4688,0.495000005,249.8860016,86.05
CUST_13B712B98DD48D9D707000784BA555A2,PART_F846361051783347FEEA0BB027E5289C,2/2/2024,1,1,7176795.54,5,94.55,44.035,42.015,25.79999924,1.11500001,113.9690018,277416.875,0.495999992,249.8950043,86.05
CUST_13B712B98DD48D9D707000784BA555A2,PART_F846361051783347FEEA0BB027E5289C,2/6/2024,1,1,7220181.22,5,94.55,44.035,42.015,25.73999977,1.11500001,113.8450012,276848.3125,0.493999988,249.8999939,86.05
CUST_13B712B98DD48D9D707000784BA555A2,PART_F846361051783347FEEA0BB027E5289C,2/7/2024,1,1,7212334.93,5,75.75,44.035,42.015,25.72999954,1.11500001,113.814003,276706.1875,0.493000001,249.901001,86.05
CUST_13B712B98DD48D9D707000784BA555A2,PART_F846361051783347FEEA0BB027E5289C,2/8/2024,1,1,7215271.68,7,106.05,61.649,58.821,25.70999908,1.11500001,113.7829971,276564.0313,0.493000001,249.9019928,120.47
CUST_13B712B98DD48D9D707000784BA555A2,PART_F846361051783347FEEA0BB027E5289C,2/21/2024,1,1,7318511.27,12,181.8,105.684,100.836,25.53000069,1.113999963,113.3789978,274716.25,0.486000001,249.9170074,206.52
CUST_13B712B98DD48D9D707000784BA555A2,PART_F846361051783347FEEA0BB027E5289C,2/22/2024,1,1,7330861.3,3,45.45,26.421,25.209,25.51000023,1.113999963,113.3479996,274574.0938,0.486000001,249.9190063,51.63
CUST_13B712B98DD48D9D707000784BA555A2,PART_F846361051783347FEEA0BB027E5289C,2/28/2024,1,1,7415097.04,5,78.9,44.035,34.865,25.42000008,1.113000035,113.1620026,273721.2813,0.48300001,249.9259949,78.9
CUST_13B712B98DD48D9D707000784BA555A2,PART_F846361051783347FEEA0BB027E5289C,3/5/2024,1,1,7453714.76,15,236.7,132.105,126.045,24.45999908,1.110999942,113.0999985,273566.1563,0.481999993,249.9349976,258.15
CUST_13B712B98DD48D9D707000784BA555A2,PART_F846361051783347FEEA0BB027E5289C,3/26/2024,1,1,7600147.01,4,63.12,35.228,10.932,20.5,1.100999951,113.0999985,274244.25,0.479999989,249.9700012,46.16
CUST_13B712B98DD48D9D707000784BA555A2,PART_F846361051783347FEEA0BB027E5289C,4/8/2024,1,1,7654766.45,10,157.8,88.07,84.03,20.52000046,1.09800005,113.5199966,274453.875,0.477999985,249.8470001,172.1
CUST_13B712B98DD48D9D707000784BA555A2,PART_F846361051783347FEEA0BB027E5289C,4/9/2024,1,1,7680519.2,3,47.34,26.421,20.919,20.63999939,1.09800005,113.5800018,274456.125,0.477999985,249.8289948,47.34
CUST_13B712B98DD48D9D707000784BA555A2,PART_F846361051783347FEEA0BB027E5289C,4/11/2024,1,1,7727170.06,3,47.34,26.421,25.209,20.87999916,1.09800005,113.6999969,274460.6563,0.477999985,249.7910004,51.63
CUST_13B712B98DD48D9D707000784BA555A2,PART_F846361051783347FEEA0BB027E5289C,5/9/2024,1,1,7819294.01,15,236.7,132.105,104.595,24.32999992,1.093000054,114.6419983,274443.0313,0.470999986,249.4160004,236.7
CUST_13B712B98DD48D9D707000784BA555A2,PART_F846361051783347FEEA0BB027E5289C,5/14/2024,1,1,7861255.01,2,31.56,17.614,13.946,24.95999908,1.090000033,114.4810028,274403.6875,0.469999999,249.4179993,31.56
CUST_13B712B98DD48D9D707000784BA555A2,PART_F846361051783347FEEA0BB027E5289C,5/23/2024,1,1,7837198.55,20,315.6,176.14,168.06,26.11000061,1.083999991,114.1900024,274332.8438,0.467999995,249.4219971,344.2
CUST_13B712B98DD48D9D707000784BA555A2,PART_F846361051783347FEEA0BB027E5289C,7/8/2024,1,1,8039430.46,19,293.93,164.065,162.925,20.75,1.111999989,113.7809982,273590.0313,0.495000005,249.4440002,326.99
CUST_13B712B98DD48D9D707000784BA555A2,PART_F846361051783347FEEA0BB027E5289C,8/14/2024,1,1,8051557.89,20,309.4,172.7,171.5,19.84000015,1.113000035,113.8550034,273827.625,0.488000005,250.7669983,344.2
CUST_13B712B98DD48D9D707000784BA555A2,PART_F846361051783347FEEA0BB027E5289C,9/12/2024,1,1,8079489.05,2,30.94,17.27,13.67,19.71999931,1.093999982,113.4300003,274240.8438,0.474000007,252.5859985,30.94
CUST_13B712B98DD48D9D707000784BA555A2,PART_F846361051783347FEEA0BB027E5289C,9/23/2024,1,1,8038113.92,2,30.94,17.27,13.67,20,1.087000012,113.7600021,275331.6563,0.467999995,252.5859985,30.94
CUST_13B712B98DD48D9D707000784BA555A2,PART_F846361051783347FEEA0BB027E5289C,9/24/2024,1,1,8078842.98,22,340.34,189.97,150.37,20.03000069,1.085999966,113.7900009,275430.8438,0.467999995,252.5859985,340.34
CUST_13B712B98DD48D9D707000784BA555A2,PART_F846361051783347FEEA0BB027E5289C,9/25/2024,1,1,8055877.82,2,30.94,17.27,13.67,20.04999924,1.085000038,113.8199997,275530,0.467000008,252.5859985,30.94
CUST_13B712B98DD48D9D707000784BA555A2,PART_F846361051783347FEEA0BB027E5289C,9/26/2024,1,1,8071918.36,4,61.88,34.54,27.34,20.07999992,1.085000038,113.8499985,275629.1563,0.467000008,252.5859985,61.88
CUST_13B712B98DD48D9D707000784BA555A2,PART_F846361051783347FEEA0BB027E5289C,10/3/2024,1,1,8132111.27,2,30.94,17.27,13.67,21.79999924,1.08099997,113.9349976,276014.8125,0.465999991,252.5890045,30.94
CUST_13B712B98DD48D9D707000784BA555A2,PART_F846361051783347FEEA0BB027E5289C,10/10/2024,1,1,8185019.66,18,293.22,155.43,123.03,25.55999947,1.082000017,113.7099991,275629.125,0.472000003,252.5980072,278.46
CUST_13B712B98DD48D9D707000784BA555A2,PART_F846361051783347FEEA0BB027E5289C,10/23/2024,1,1,8054958.51,2,32.58,17.27,13.67,32.56000137,1.085000038,113.2900009,274912.875,0.48300001,252.6139984,30.94
CUST_13B712B98DD48D9D707000784BA555A2,PART_F846361051783347FEEA0BB027E5289C,11/11/2024,1,1,7970536.39,2,32.58,17.27,13.67,31.84000015,1.059999943,112.8669968,274985,0.481000006,252.6710052,30.94
CUST_13B712B98DD48D9D707000784BA555A2,PART_F846361051783347FEEA0BB027E5289C,11/26/2024,1,1,8024266.15,2,32.58,17.27,13.67,24.98999977,1.019999981,112.6669998,275837,0.465999991,252.7389984,30.94
CUST_13B712B98DD48D9D707000784BA555A2,PART_F846361051783347FEEA0BB027E5289C,12/11/2024,1,1,7888261.79,2,32.58,17.27,13.67,23.55999947,0.99000001,112.439003,276091.6563,0.465000004,252.7590027,30.94
CUST_13B712B98DD48D9D707000784BA555A2,PART_F846361051783347FEEA0BB027E5289C,12/20/2024,1,1,7917190.56,2,32.58,17.27,13.67,23.88999939,0.975000024,112.2939987,276065.2188,0.469000012,252.7559967,30.94
CUST_13B712B98DD48D9D707000784BA555A2,PART_F846361051783347FEEA0BB027E5289C,2/3/2025,1,1,7750224.05,4,74.76,34.54,27.34,22.87999916,1.05400002,113.8789978,274675.9375,0.446999997,253.4790039,61.88
CUST_13B712B98DD48D9D707000784BA555A2,PART_F846361051783347FEEA0BB027E5289C,3/24/2025,1,1,7371354.77,6,134.94,59.082,33.738,23.04000092,1.057000041,113.7480011,277860.3438,0.453000009,254.2550049,92.82
CUST_13B712B98DD48D9D707000784BA555A2,PART_F846361051783347FEEA0BB027E5289C,3/28/2025,1,1,7337276.16,20,449.8,196.94,112.46,23.06999969,1.057000041,113.7740021,277966.6875,0.451999992,254.2640076,309.4
CUST_13B712B98DD48D9D707000784BA555A2,PART_F846361051783347FEEA0BB027E5289C,4/7/2025,1,1,7216174.79,1,22.49,9.847,5.623,23.54000092,1.057000041,113.7600021,277774.1875,0.451999992,254.2799988,15.47
CUST_13B712B98DD48D9D707000784BA555A2,PART_F846361051783347FEEA0BB027E5289C,4/10/2025,1,1,7214707.99,1,22.49,9.847,5.623,23.72999954,1.057000041,113.7399979,277624.8125,0.451999992,254.2839966,15.47
CUST_13B712B98DD48D9D707000784BA555A2,PART_F846361051783347FEEA0BB027E5289C,5/1/2025,1,1,7085768.69,3,67.47,48.69,-2.28,25.54000092,1.05400002,113.5999985,276579,0.453999996,254.3079987,46.41
CUST_13B712B98DD48D9D707000784BA555A2,PART_F846361051783347FEEA0BB027E5289C,5/16/2025,1,1,6933540.23,2,44.98,32.46,-1.52,33.34000015,1.052999973,113.4550018,276468.6875,0.453999996,254.3200073,30.94
CUST_13B712B98DD48D9D707000784BA555A2,PART_F846361051783347FEEA0BB027E5289C,7/7/2025,1,1,6763782.05,2,44.98,19.694,25.286,26.79999924,1.029999971,114.2549973,277733,0.418000013,254.4459991,44.98
CUST_13B712B98DD48D9D707000784BA555A2,PART_F846361051783347FEEA0BB027E5289C,7/21/2025,1,1,6743770.19,5,112.45,49.235,63.215,25.25,1.023000002,114.6159973,277663,0.407999992,254.7129974,112.45
CUST_13B712B98DD48D9D707000784BA555A2,PART_F846361051783347FEEA0BB027E5289C,7/22/2025,1,1,6800228.07,1,22.49,9.847,12.643,25.13999939,1.021999955,114.6419983,277658,0.407000005,254.7319946,22.49
CUST_13B712B98DD48D9D707000784BA555A2,PART_F846361051783347FEEA0BB027E5289C,8/15/2025,1,1,6781863.6,3,67.17,29.541,22.329,24.25,1.027999997,114.4029999,277850.9688,0.39199999,255.5019989,51.87
CUST_13B712B98DD48D9D707000784BA555A2,PART_F846361051783347FEEA0BB027E5289C,9/19/2025,1,1,6681811.79,4,89.56,39.388,29.772,24.44000053,1.014999986,112.8399963,277845.4063,0.356999993,256.2049866,69.16
CUST_13B712B98DD48D9D707000784BA555A2,PART_F846361051783347FEEA0BB027E5289C,9/29/2025,1,1,6629567.19,3,67.17,29.541,22.329,24.48999977,1,112.3069992,277678.4063,0.342000008,256.2049866,51.87
CUST_13B712B98DD48D9D707000784BA555A2,PART_A275DACB776C28E5F2260A3C3583F6B1,7/8/2025,1,0,6804932.53,10,71.9,19.8,34.7,0,1.029000044,114.2809982,277728,0.416999996,254.4649963,54.5
CUST_13B712B98DD48D9D707000784BA555A2,PART_26833137ECA6E727C0ED32EFAEC82997,5/1/2023,1,0,1964435.31,24,120.96,61.704,59.256,0,1.166000009,113.6999969,270548,0.541000009,246.0630035,120.96
CUST_13B712B98DD48D9D707000784BA555A2,PART_26833137ECA6E727C0ED32EFAEC82997,5/18/2023,1,0,2258164.18,10,50.4,25.71,24.69,0,1.156000018,113.973999,270412.5625,0.537999988,246.4700012,50.4
CUST_13B712B98DD48D9D707000784BA555A2,PART_26833137ECA6E727C0ED32EFAEC82997,5/30/2023,1,0,2476688.18,10,50.4,25.71,24.69,0,1.148000002,114.1679993,270316.9375,0.535000026,246.7570038,50.4
CUST_13B712B98DD48D9D707000784BA555A2,PART_26833137ECA6E727C0ED32EFAEC82997,6/16/2023,1,0,2744518.87,4,20.16,10.284,9.876,0,1.13499999,114.6500015,270582,0.523000002,247.2400055,20.16
CUST_13B712B98DD48D9D707000784BA555A2,PART_26833137ECA6E727C0ED32EFAEC82997,6/22/2023,1,0,2850989.94,21,105.84,53.991,51.849,0,1.129999995,114.8300018,270694.4063,0.518000007,247.4129944,105.84
CUST_13B712B98DD48D9D707000784BA555A2,PART_26833137ECA6E727C0ED32EFAEC82997,8/31/2023,1,0,4157086.1,30,151.2,77.13,74.07,0,1.161999941,114.0970001,269818.6875,0.507000029,248.1060028,151.2
CUST_13B712B98DD48D9D707000784BA555A2,PART_26833137ECA6E727C0ED32EFAEC82997,7/12/2024,1,0,8084286.98,7,34.3,17.01,10.43,0,1.113999963,113.8840027,273711.1875,0.495000005,249.4459991,27.44
CUST_13B712B98DD48D9D707000784BA555A2,PART_26833137ECA6E727C0ED32EFAEC82997,7/23/2024,1,0,8110209.19,2,9.8,4.86,2.98,0,1.118000031,114.1679993,274044.375,0.493999988,249.4499969,7.84
CUST_13B712B98DD48D9D707000784BA555A2,PART_26833137ECA6E727C0ED32EFAEC82997,10/17/2024,1,0,8111969,20,98,48.6,29.8,0,1.083999991,113.4840012,275243.4375,0.477999985,252.6069946,78.4
CUST_13B712B98DD48D9D707000784BA555A2,PART_26833137ECA6E727C0ED32EFAEC82997,12/9/2024,1,0,7900986.18,3,14.7,7.29,4.47,0,0.992999971,112.4710007,276097.5313,0.463999987,252.7599945,11.76
CUST_13B712B98DD48D9D707000784BA555A2,PART_26833137ECA6E727C0ED32EFAEC82997,5/16/2025,1,0,6933540.23,10,78.9,24.54,16.26,0,1.052999973,113.4550018,276468.6875,0.453999996,254.3200073,40.8
CUST_13B712B98DD48D9D707000784BA555A2,PART_875F83D4C1E0185B862F17EC4716D04A,2/1/2023,1,0,538966.41,1,33.53,16.109,17.421,0,1.167000055,116.9000015,270918,0.521000028,245.5469971,33.53
CUST_13B712B98DD48D9D707000784BA555A2,PART_875F83D4C1E0185B862F17EC4716D04A,3/30/2023,1,0,1507127.07,0,0,0,0,0,1.144999981,114.0390015,270666.5313,0.546999991,245.7319946,0
CUST_13B712B98DD48D9D707000784BA555A2,PART_875F83D4C1E0185B862F17EC4716D04A,5/10/2023,1,0,2139882.82,1,33.94,16.458,17.482,0,1.159999967,113.8450012,270476.2813,0.538999975,246.2779999,33.94
CUST_13B712B98DD48D9D707000784BA555A2,PART_875F83D4C1E0185B862F17EC4716D04A,5/16/2023,1,0,2221507.26,1,33.94,16.458,17.532,0,1.156999946,113.9420013,270428.4688,0.537999988,246.4219971,33.99
CUST_13B712B98DD48D9D707000784BA555A2,PART_875F83D4C1E0185B862F17EC4716D04A,9/5/2023,1,0,4239394.58,1,28.31,16.458,11.852,0,1.156000018,114.1269989,269639.2813,0.501999974,248.128006,28.31
CUST_13B712B98DD48D9D707000784BA555A2,PART_875F83D4C1E0185B862F17EC4716D04A,11/16/2023,1,0,6043140.46,1,28.37,16.458,11.912,0,1.085999966,114.8499985,270564,0.481000006,248.3480072,28.37
CUST_13B712B98DD48D9D707000784BA555A2,PART_875F83D4C1E0185B862F17EC4716D04A,1/15/2024,1,0,6953983.1,1,28.37,16.458,11.912,0,1.072999954,112.6839981,274903.7188,0.493999988,249.8840027,28.37
CUST_13B712B98DD48D9D707000784BA555A2,PART_875F83D4C1E0185B862F17EC4716D04A,1/16/2024,1,0,7002689.6,1,28.37,16.458,11.912,0,1.075999975,112.7610016,275059.9063,0.493999988,249.8849945,28.37
CUST_13B712B98DD48D9D707000784BA555A2,PART_875F83D4C1E0185B862F17EC4716D04A,1/22/2024,1,0,7035998.57,2,56.74,32.916,23.824,0,1.090000033,113.2259979,275997.0625,0.495000005,249.8880005,56.74
CUST_13B712B98DD48D9D707000784BA555A2,PART_875F83D4C1E0185B862F17EC4716D04A,2/2/2024,1,0,7176795.54,1,28.37,16.458,11.912,0,1.11500001,113.9690018,277416.875,0.495999992,249.8950043,28.37
CUST_13B712B98DD48D9D707000784BA555A2,PART_875F83D4C1E0185B862F17EC4716D04A,2/19/2024,1,0,7283182.98,1,30.95,16.458,14.492,0,1.113999963,113.4410019,275000.5313,0.486999989,249.9149933,30.95
CUST_13B712B98DD48D9D707000784BA555A2,PART_875F83D4C1E0185B862F17EC4716D04A,3/14/2024,1,0,7499362.51,1,30.95,16.458,14.492,0,1.106999993,113.0999985,273856.7813,0.481000006,249.9499969,30.95
CUST_13B712B98DD48D9D707000784BA555A2,PART_875F83D4C1E0185B862F17EC4716D04A,6/3/2024,1,0,7899041.35,1,29.15,15.967,13.183,0,1.080000043,113.8799973,274203.0625,0.467999995,249.427002,29.15
CUST_13B712B98DD48D9D707000784BA555A2,PART_875F83D4C1E0185B862F17EC4716D04A,9/3/2024,1,0,8040979.05,1,28.34,15.967,12.373,0,1.100999951,113.1600037,273348.3438,0.479000002,252.5859985,28.34
CUST_13B712B98DD48D9D707000784BA555A2,PART_875F83D4C1E0185B862F17EC4716D04A,11/5/2024,1,0,8008405.59,1,28.34,15.967,12.373,0,1.075000048,112.9469986,274644.1875,0.486999989,252.6439972,28.34
CUST_13B712B98DD48D9D707000784BA555A2,PART_875F83D4C1E0185B862F17EC4716D04A,12/6/2024,1,0,7954454.39,1,28.34,15.967,12.373,0,0.998000026,112.5189972,276106.3125,0.463,252.7610016,28.34
CUST_13B712B98DD48D9D707000784BA555A2,PART_875F83D4C1E0185B862F17EC4716D04A,12/23/2024,1,0,7908462.22,1,28.34,15.967,12.373,0,0.968999982,112.2450027,276056.4063,0.469999999,252.7559967,28.34
CUST_13B712B98DD48D9D707000784BA555A2,PART_875F83D4C1E0185B862F17EC4716D04A,1/22/2025,1,0,7856542.52,1,28.34,15.967,12.373,0,1.021999955,113.3190002,274978.6563,0.455000013,253.2070007,28.34
CUST_13B712B98DD48D9D707000784BA555A2,PART_875F83D4C1E0185B862F17EC4716D04A,2/24/2025,1,0,7601711.39,1,28.39,15.967,12.423,0,1.05400002,113.6539993,276754.1875,0.456,254.0650024,28.39
CUST_13B712B98DD48D9D707000784BA555A2,PART_875F83D4C1E0185B862F17EC4716D04A,3/10/2025,1,0,7513978.91,3,85.17,47.901,37.269,0,1.054999948,113.6579971,277488.2188,0.456,254.2250061,85.17
CUST_13B712B98DD48D9D707000784BA555A2,PART_875F83D4C1E0185B862F17EC4716D04A,5/1/2025,1,0,7085768.69,1,28.39,15.967,12.423,0,1.05400002,113.5999985,276579,0.453999996,254.3079987,28.39
CUST_13B712B98DD48D9D707000784BA555A2,PART_875F83D4C1E0185B862F17EC4716D04A,6/6/2025,1,0,6833679.04,2,56.78,31.934,24.846,0,1.049000025,113.4329987,276586.3438,0.448000014,254.3320007,56.78
CUST_13B712B98DD48D9D707000784BA555A2,PART_875F83D4C1E0185B862F17EC4716D04A,6/18/2025,1,0,6799849.39,1,28.39,15.967,12.423,0,1.041000009,113.7529984,277151.125,0.435000002,254.3320007,28.39
CUST_13B712B98DD48D9D707000784BA555A2,PART_875F83D4C1E0185B862F17EC4716D04A,6/20/2025,1,0,6790964.92,1,28.39,15.967,12.423,0,1.039999962,113.8069992,277245.2813,0.432999998,254.3320007,28.39
CUST_13B712B98DD48D9D707000784BA555A2,PART_875F83D4C1E0185B862F17EC4716D04A,6/24/2025,1,0,6782201.83,1,28.39,15.967,12.423,0,1.036999941,113.913002,277433.5313,0.42899999,254.3320007,28.39
CUST_13B712B98DD48D9D707000784BA555A2,PART_875F83D4C1E0185B862F17EC4716D04A,6/30/2025,1,0,6764663.35,1,28.39,15.967,12.423,0,1.034000039,114.072998,277715.9375,0.423000008,254.3320007,28.39
CUST_13B712B98DD48D9D707000784BA555A2,PART_875F83D4C1E0185B862F17EC4716D04A,7/3/2025,1,0,6821034.98,1,28.39,15.967,12.423,0,1.031999946,114.1520004,277753,0.421000004,254.3699951,28.39
CUST_13B712B98DD48D9D707000784BA555A2,PART_875F83D4C1E0185B862F17EC4716D04A,7/21/2025,1,0,6743770.19,1,28.39,15.967,12.423,0,1.023000002,114.6159973,277663,0.407999992,254.7129974,28.39
CUST_13B712B98DD48D9D707000784BA555A2,PART_875F83D4C1E0185B862F17EC4716D04A,7/22/2025,1,0,6800228.07,1,28.39,15.967,12.423,0,1.021999955,114.6419983,277658,0.407000005,254.7319946,28.39
CUST_13B712B98DD48D9D707000784BA555A2,PART_875F83D4C1E0185B862F17EC4716D04A,7/24/2025,1,0,6786010.14,1,28.39,15.967,12.423,0,1.021000028,114.6940002,277648,0.405999988,254.7700043,28.39
CUST_13B712B98DD48D9D707000784BA555A2,PART_875F83D4C1E0185B862F17EC4716D04A,8/7/2025,1,0,6757902.06,-1,-28.99,-15.967,-13.023,0,1.021999955,114.6869965,277712.125,0.397000015,255.1710052,-28.99
CUST_13B712B98DD48D9D707000784BA555A2,PART_875F83D4C1E0185B862F17EC4716D04A,9/9/2025,1,0,6706974.9,1,28.99,15.967,13.023,0,1.029999971,113.3730011,278012.4063,0.370999992,256.2049866,28.99
CUST_13B712B98DD48D9D707000784BA555A2,PART_875F83D4C1E0185B862F17EC4716D04A,9/12/2025,1,0,6717993.24,-2,-57.98,-31.934,-26.046,0,1.026000023,113.2129974,277962.3125,0.367000014,256.2049866,-57.98
CUST_13B712B98DD48D9D707000784BA555A2,PART_1834E63E0726D7C45CBB65980BD3C890,1/3/2023,1,0,21740.19,16,253.44,93.504,38.336,0,1.126999974,116.8059998,275461.6563,0.504999995,244.2590027,131.84
CUST_13B712B98DD48D9D707000784BA555A2,PART_1834E63E0726D7C45CBB65980BD3C890,1/10/2023,1,0,140415.29,4,63.36,23.376,9.584,0,1.136000037,116.8290024,274364.9063,0.509000003,244.5700073,32.96
CUST_13B712B98DD48D9D707000784BA555A2,PART_1834E63E0726D7C45CBB65980BD3C890,1/11/2023,1,0,174394.08,13,205.92,75.972,31.148,0,1.138000011,116.8320007,274208.2188,0.509000003,244.6139984,107.12
CUST_13B712B98DD48D9D707000784BA555A2,PART_1834E63E0726D7C45CBB65980BD3C890,1/19/2023,1,0,316562.62,14,220.08,81.816,33.544,0,1.149000049,116.8580017,272954.8125,0.513999999,244.9700012,115.36
CUST_13B712B98DD48D9D707000784BA555A2,PART_1834E63E0726D7C45CBB65980BD3C890,1/20/2023,1,0,340537.85,2,31.44,11.688,4.792,0,1.149999976,116.8610001,272798.125,0.513999999,245.0140076,16.48
CUST_13B712B98DD48D9D707000784BA555A2,PART_1834E63E0726D7C45CBB65980BD3C890,1/25/2023,1,0,389738.75,33,518.76,192.852,79.068,0,1.156999946,116.8769989,272014.75,0.51700002,245.2359924,271.92
CUST_13B712B98DD48D9D707000784BA555A2,PART_1834E63E0726D7C45CBB65980BD3C890,1/31/2023,1,0,496151.64,20,314.4,116.88,47.92,0,1.166000009,116.8970032,271074.6875,0.519999981,245.503006,164.8
CUST_13B712B98DD48D9D707000784BA555A2,PART_1834E63E0726D7C45CBB65980BD3C890,2/7/2023,1,0,615294.46,10,157.2,58.44,23.96,0,1.164000034,116.4069977,270405.8438,0.514999986,245.548996,82.4
CUST_13B712B98DD48D9D707000784BA555A2,PART_1834E63E0726D7C45CBB65980BD3C890,2/8/2023,1,0,642566.57,13,204.36,75.972,31.148,0,1.164000034,116.3249969,270320.5,0.513999999,245.5500031,107.12
CUST_13B712B98DD48D9D707000784BA555A2,PART_1834E63E0726D7C45CBB65980BD3C890,2/14/2023,1,0,784231.43,6,94.32,35.064,14.376,0,1.161000013,115.8320007,269808.3438,0.508000016,245.552002,49.44
CUST_13B712B98DD48D9D707000784BA555A2,PART_1834E63E0726D7C45CBB65980BD3C890,2/18/2023,1,0,855624.46,3,47.16,17.532,7.188,0,1.159999967,115.5039978,269466.9375,0.504000008,245.5529938,24.72
CUST_13B712B98DD48D9D707000784BA555A2,PART_1834E63E0726D7C45CBB65980BD3C890,3/1/2023,1,0,990119.08,9,141.48,52.596,21.564,0,1.154999971,114.5999985,268528,0.493000001,245.5570068,74.16
CUST_13B712B98DD48D9D707000784BA555A2,PART_1834E63E0726D7C45CBB65980BD3C890,3/2/2023,1,0,1033020.15,2,31.44,11.688,5.112,0,1.154999971,114.5810013,268601.75,0.495000005,245.5630035,16.8
CUST_13B712B98DD48D9D707000784BA555A2,PART_1834E63E0726D7C45CBB65980BD3C890,3/9/2023,1,0,1137500.74,1,15.72,5.844,2.556,0,1.15199995,114.4449997,269117.9375,0.508000016,245.6049957,8.4
CUST_13B712B98DD48D9D707000784BA555A2,PART_1834E63E0726D7C45CBB65980BD3C890,3/27/2023,1,0,1419036.78,10,157.2,58.44,25.56,0,1.146000028,114.0970001,270445.2813,0.541999996,245.7140045,84
CUST_13B712B98DD48D9D707000784BA555A2,PART_1834E63E0726D7C45CBB65980BD3C890,4/12/2023,1,0,1688560.54,0,0,0,0,0,1.15199995,113.8899994,270716.4688,0.546999991,245.8609924,0
CUST_13B712B98DD48D9D707000784BA555A2,PART_1834E63E0726D7C45CBB65980BD3C890,4/19/2023,1,0,1791103.66,19,298.68,103.037,55.603,0,1.156999946,113.8199997,270654.4063,0.545000017,245.9349976,158.64
CUST_13B712B98DD48D9D707000784BA555A2,PART_1834E63E0726D7C45CBB65980BD3C890,4/20/2023,1,0,1809637.47,10,157.2,54.23,29.77,0,1.157999992,113.8099976,270645.5313,0.545000017,245.9459991,84
CUST_13B712B98DD48D9D707000784BA555A2,PART_1834E63E0726D7C45CBB65980BD3C890,4/21/2023,1,0,1824833.23,10,157.2,54.23,29.77,0,1.159000039,113.8000031,270636.6563,0.54400003,245.9570007,84
CUST_13B712B98DD48D9D707000784BA555A2,PART_1834E63E0726D7C45CBB65980BD3C890,5/2/2023,1,0,2003644.03,14,220.08,75.922,41.678,0,1.164999962,113.7160034,270540.0313,0.541000009,246.0870056,117.6
CUST_13B712B98DD48D9D707000784BA555A2,PART_1834E63E0726D7C45CBB65980BD3C890,5/3/2023,1,0,2033653,23,361.56,124.729,68.471,0,1.164999962,113.7320023,270532.0625,0.541000009,246.1109924,193.2
CUST_13B712B98DD48D9D707000784BA555A2,PART_1834E63E0726D7C45CBB65980BD3C890,5/18/2023,1,0,2258164.18,15,235.8,81.345,44.655,0,1.156000018,113.973999,270412.5625,0.537999988,246.4700012,126
CUST_13B712B98DD48D9D707000784BA555A2,PART_1834E63E0726D7C45CBB65980BD3C890,5/19/2023,1,0,2290652.79,22,345.84,119.306,65.494,0,1.154999971,113.9899979,270404.5938,0.537999988,246.4940033,184.8
CUST_13B712B98DD48D9D707000784BA555A2,PART_1834E63E0726D7C45CBB65980BD3C890,5/25/2023,1,0,2425904.67,16,251.52,86.768,47.632,0,1.151000023,114.086998,270356.7813,0.536000013,246.6369934,134.4
CUST_13B712B98DD48D9D707000784BA555A2,PART_1834E63E0726D7C45CBB65980BD3C890,6/2/2023,1,0,2556345.64,20,314.4,108.46,59.54,0,1.146000028,114.2300034,270319.7188,0.533999979,246.8339996,168
CUST_13B712B98DD48D9D707000784BA555A2,PART_1834E63E0726D7C45CBB65980BD3C890,6/9/2023,1,0,2642770.79,17,267.24,92.191,50.609,0,1.139999986,114.4400024,270450.875,0.528999984,247.0370026,142.8
CUST_13B712B98DD48D9D707000784BA555A2,PART_1834E63E0726D7C45CBB65980BD3C890,6/20/2023,1,0,2790415.21,12,188.64,65.076,35.724,0,1.131000042,114.7699966,270656.9375,0.519999981,247.3549957,100.8
CUST_13B712B98DD48D9D707000784BA555A2,PART_1834E63E0726D7C45CBB65980BD3C890,6/30/2023,1,0,2986929.07,20,314.4,108.46,59.54,0,1.123000026,115.0699997,270844.2813,0.512000024,247.6450043,168
CUST_13B712B98DD48D9D707000784BA555A2,PART_1834E63E0726D7C45CBB65980BD3C890,7/17/2023,1,0,3238926.14,5,78.6,27.115,14.885,0,1.133000016,114.5319977,271062.2188,0.513000011,247.6790009,42
CUST_13B712B98DD48D9D707000784BA555A2,PART_1834E63E0726D7C45CBB65980BD3C890,7/21/2023,1,0,3357033.68,21,330.12,113.883,62.517,0,1.136000037,114.3899994,271112.0313,0.513000011,247.6799927,176.4
CUST_13B712B98DD48D9D707000784BA555A2,PART_1834E63E0726D7C45CBB65980BD3C890,7/25/2023,1,0,3410309.59,100,1572,542.3,297.7,0,1.138000011,114.2480011,271161.8438,0.513000011,247.6820068,840
CUST_13B712B98DD48D9D707000784BA555A2,PART_1834E63E0726D7C45CBB65980BD3C890,7/31/2023,1,0,3549248.74,22,345.84,119.306,65.494,0,1.14199996,114.0350037,271236.5625,0.513999999,247.6840057,184.8
CUST_13B712B98DD48D9D707000784BA555A2,PART_1834E63E0726D7C45CBB65980BD3C890,8/2/2023,1,0,3617870.93,13,204.36,70.499,38.701,0,1.144000053,114.0029984,271201.3125,0.513999999,247.697998,109.2
CUST_13B712B98DD48D9D707000784BA555A2,PART_1834E63E0726D7C45CBB65980BD3C890,8/3/2023,1,0,3655070.92,7,110.04,37.961,20.839,0,1.144000053,114.0059967,271153.6563,0.513999999,247.7120056,58.8
CUST_13B712B98DD48D9D707000784BA555A2,PART_1834E63E0726D7C45CBB65980BD3C890,8/4/2023,1,0,3664105.21,16,251.52,86.768,47.632,0,1.144999981,114.0100021,271105.9688,0.513000011,247.7259979,134.4
CUST_13B712B98DD48D9D707000784BA555A2,PART_1834E63E0726D7C45CBB65980BD3C890,8/11/2023,1,0,3798621.34,20,314.4,108.46,59.54,0,1.149000049,114.0319977,270772.2188,0.512000024,247.8249969,168
CUST_13B712B98DD48D9D707000784BA555A2,PART_1834E63E0726D7C45CBB65980BD3C890,8/17/2023,1,0,3888520.3,20,314.4,108.46,59.54,0,1.152999997,114.052002,270486.1563,0.50999999,247.9089966,168
CUST_13B712B98DD48D9D707000784BA555A2,PART_1834E63E0726D7C45CBB65980BD3C890,8/28/2023,1,0,4071079.45,23,361.56,124.729,68.471,0,1.159999967,114.086998,269961.7188,0.508000016,248.0639954,193.2
CUST_13B712B98DD48D9D707000784BA555A2,PART_1834E63E0726D7C45CBB65980BD3C890,8/30/2023,1,0,4144584.75,17,267.24,92.191,40.579,0,1.161999941,114.0940018,269866.3438,0.507000029,248.0919952,132.77
CUST_13B712B98DD48D9D707000784BA555A2,PART_1834E63E0726D7C45CBB65980BD3C890,9/6/2023,1,0,4303085.16,13,204.36,70.499,31.031,0,1.154000044,114.1330032,269606.3438,0.500999987,248.1300049,101.53
CUST_13B712B98DD48D9D707000784BA555A2,PART_1834E63E0726D7C45CBB65980BD3C890,9/7/2023,1,0,4323713.44,10,157.2,54.23,23.87,0,1.15199995,114.1399994,269573.4063,0.499000013,248.1320038,78.1
CUST_13B712B98DD48D9D707000784BA555A2,PART_1834E63E0726D7C45CBB65980BD3C890,9/8/2023,1,0,4350937.97,10,157.2,54.23,23.87,0,1.149999976,114.1470032,269540.4688,0.497999996,248.1340027,78.1
CUST_13B712B98DD48D9D707000784BA555A2,PART_1834E63E0726D7C45CBB65980BD3C890,9/13/2023,1,0,4437602.75,13,204.36,70.499,31.621,0,1.141000032,114.1800003,269375.8125,0.492000014,248.1430054,102.12
CUST_13B712B98DD48D9D707000784BA555A2,PART_1834E63E0726D7C45CBB65980BD3C890,9/22/2023,1,0,4685695.76,20,314.4,108.46,47.74,0,1.125,114.2399979,269079.4063,0.479999989,248.1609955,156.2
CUST_13B712B98DD48D9D707000784BA555A2,PART_1834E63E0726D7C45CBB65980BD3C890,9/29/2023,1,0,4831607.33,14,220.08,75.922,33.418,0,1.111999989,114.2870026,268848.875,0.472000003,248.173996,109.34
CUST_13B712B98DD48D9D707000784BA555A2,PART_1834E63E0726D7C45CBB65980BD3C890,10/16/2023,1,0,5229860.82,17,267.24,92.191,40.579,0,1.100999951,114.0100021,269689.7813,0.470999986,248.2290039,132.77
CUST_13B712B98DD48D9D707000784BA555A2,PART_1834E63E0726D7C45CBB65980BD3C890,10/17/2023,1,0,5282613.58,5,78.6,27.115,11.935,0,1.100999951,113.9899979,269750.2188,0.472000003,248.2319946,39.05
CUST_13B712B98DD48D9D707000784BA555A2,PART_1834E63E0726D7C45CBB65980BD3C890,10/20/2023,1,0,5380532.01,20,314.4,108.46,47.74,0,1.098999977,113.9319992,269931.5938,0.472000003,248.2420044,156.2
CUST_13B712B98DD48D9D707000784BA555A2,PART_1834E63E0726D7C45CBB65980BD3C890,10/24/2023,1,0,5455018.86,13,204.36,70.499,31.031,0,1.09800005,113.8550034,270173.375,0.47299999,248.2559967,101.53
CUST_13B712B98DD48D9D707000784BA555A2,PART_1834E63E0726D7C45CBB65980BD3C890,11/2/2023,1,0,5736358.97,13,204.36,70.499,31.031,0,1.093000054,113.7770004,270650.8125,0.474000007,248.2870026,101.53
CUST_13B712B98DD48D9D707000784BA555A2,PART_1834E63E0726D7C45CBB65980BD3C890,11/8/2023,1,0,5858400.86,30,471.6,162.69,71.61,0,1.090000033,114.2369995,270613.5938,0.476999998,248.3130035,234.3
CUST_13B712B98DD48D9D707000784BA555A2,PART_1834E63E0726D7C45CBB65980BD3C890,11/9/2023,1,0,5908380.42,20,314.4,108.46,47.74,0,1.088999987,114.3130035,270607.4063,0.476999998,248.3179932,156.2
CUST_13B712B98DD48D9D707000784BA555A2,PART_1834E63E0726D7C45CBB65980BD3C890,11/10/2023,1,0,5923470.31,15,235.8,81.345,35.805,0,1.088999987,114.3899994,270601.1875,0.477999985,248.3220062,117.15
CUST_13B712B98DD48D9D707000784BA555A2,PART_1834E63E0726D7C45CBB65980BD3C890,11/13/2023,1,0,5940477.18,0,0,0,0,0,1.087000012,114.6200027,270582.5938,0.479000002,248.3350067,0
CUST_13B712B98DD48D9D707000784BA555A2,PART_1834E63E0726D7C45CBB65980BD3C890,11/16/2023,1,0,6043140.46,40,628.8,216.92,95.48,0,1.085999966,114.8499985,270564,0.481000006,248.3480072,312.4
CUST_13B712B98DD48D9D707000784BA555A2,PART_1834E63E0726D7C45CBB65980BD3C890,11/21/2023,1,0,6145965.42,15,235.8,81.345,35.805,0,1.082999945,115.2330017,270533,0.48300001,248.3699951,117.15
CUST_13B712B98DD48D9D707000784BA555A2,PART_1834E63E0726D7C45CBB65980BD3C890,11/22/2023,1,0,6171653.19,24,377.28,130.152,57.288,0,1.082000017,115.3099976,270526.8125,0.48300001,248.3739929,187.44
CUST_13B712B98DD48D9D707000784BA555A2,PART_1834E63E0726D7C45CBB65980BD3C890,12/8/2023,1,0,6536258.56,14,220.08,75.922,33.418,0,1.067999959,115.0059967,270978.1563,0.488000005,248.7429962,109.34
CUST_13B712B98DD48D9D707000784BA555A2,PART_1834E63E0726D7C45CBB65980BD3C890,12/14/2023,1,0,6653839.68,21,330.12,113.883,50.127,0,1.06099999,114.1549988,271412.875,0.49000001,249.0269928,164.01
CUST_13B712B98DD48D9D707000784BA555A2,PART_1834E63E0726D7C45CBB65980BD3C890,12/16/2023,1,0,6684049.55,4,62.88,21.692,9.548,0,1.059000015,113.8710022,271557.7813,0.49000001,249.1210022,31.24
CUST_13B712B98DD48D9D707000784BA555A2,PART_1834E63E0726D7C45CBB65980BD3C890,12/21/2023,1,0,6775999.5,13,204.36,70.499,31.031,0,1.052000046,113.1610031,271920.0313,0.490999997,249.3569946,101.53
CUST_13B712B98DD48D9D707000784BA555A2,PART_1834E63E0726D7C45CBB65980BD3C890,1/9/2024,1,0,6969721.33,25,393,135.575,59.675,0,1.059000015,112.2190018,273966.5625,0.493999988,249.8809967,195.25
CUST_13B712B98DD48D9D707000784BA555A2,PART_1834E63E0726D7C45CBB65980BD3C890,1/17/2024,1,0,7005749.86,17,267.24,92.191,40.579,0,1.077999949,112.8389969,275216.0938,0.495000005,249.8849945,132.77
CUST_13B712B98DD48D9D707000784BA555A2,PART_1834E63E0726D7C45CBB65980BD3C890,1/19/2024,1,0,7044315.85,30,471.6,162.69,71.61,0,1.082999945,112.9940033,275528.4688,0.495000005,249.8860016,234.3
CUST_13B712B98DD48D9D707000784BA555A2,PART_1834E63E0726D7C45CBB65980BD3C890,1/22/2024,1,0,7035998.57,50,786,271.15,119.35,0,1.090000033,113.2259979,275997.0625,0.495000005,249.8880005,390.5
CUST_13B712B98DD48D9D707000784BA555A2,PART_1834E63E0726D7C45CBB65980BD3C890,1/31/2024,1,0,7150057.96,0,0,0,0,0,1.113000035,113.9229965,277402.8125,0.495999992,249.8930054,0
CUST_13B712B98DD48D9D707000784BA555A2,PART_1834E63E0726D7C45CBB65980BD3C890,2/7/2024,1,0,7212334.93,24,377.28,160.008,27.432,0,1.11500001,113.814003,276706.1875,0.493000001,249.901001,187.44
CUST_13B712B98DD48D9D707000784BA555A2,PART_1834E63E0726D7C45CBB65980BD3C890,2/9/2024,1,0,7201056.9,14,220.08,93.338,16.002,0,1.113999963,113.7519989,276421.9063,0.492000014,249.9029999,109.34
CUST_13B712B98DD48D9D707000784BA555A2,PART_1834E63E0726D7C45CBB65980BD3C890,2/14/2024,1,0,7213556.45,50,786,333.35,57.15,0,1.113999963,113.5970001,275711.2188,0.49000001,249.9089966,390.5
CUST_13B712B98DD48D9D707000784BA555A2,PART_1834E63E0726D7C45CBB65980BD3C890,2/19/2024,1,0,7283182.98,3,47.16,20.001,3.429,0,1.113999963,113.4410019,275000.5313,0.486999989,249.9149933,23.43
CUST_13B712B98DD48D9D707000784BA555A2,PART_1834E63E0726D7C45CBB65980BD3C890,2/21/2024,1,0,7318511.27,12,188.64,80.004,13.716,0,1.113999963,113.3789978,274716.25,0.486000001,249.9170074,93.72
CUST_13B712B98DD48D9D707000784BA555A2,PART_1834E63E0726D7C45CBB65980BD3C890,2/23/2024,1,0,7345003.35,100,1572,666.7,114.3,0,1.113000035,113.3170013,274431.9688,0.485000014,249.9199982,781
CUST_13B712B98DD48D9D707000784BA555A2,PART_1834E63E0726D7C45CBB65980BD3C890,2/27/2024,1,0,7401036.36,20,314.4,133.34,22.86,0,1.113000035,113.1930008,273863.4063,0.48300001,249.923996,156.2
CUST_13B712B98DD48D9D707000784BA555A2,PART_1834E63E0726D7C45CBB65980BD3C890,3/4/2024,1,0,7410130.96,80,1257.6,533.36,91.44,0,1.111999989,113.0999985,273533.875,0.481999993,249.9329987,624.8
CUST_13B712B98DD48D9D707000784BA555A2,PART_1834E63E0726D7C45CBB65980BD3C890,3/13/2024,1,0,7490331.06,19,298.68,126.673,21.717,0,1.106999993,113.0999985,273824.4688,0.481000006,249.947998,148.39
CUST_13B712B98DD48D9D707000784BA555A2,PART_1834E63E0726D7C45CBB65980BD3C890,3/26/2024,1,0,7600147.01,21,330.12,140.007,24.003,0,1.100999951,113.0999985,274244.25,0.479999989,249.9700012,164.01
CUST_13B712B98DD48D9D707000784BA555A2,PART_1834E63E0726D7C45CBB65980BD3C890,3/28/2024,1,0,7608627.86,15,235.83,100.005,17.145,0,1.100000024,113.0999985,274308.8438,0.479999989,249.9730072,117.15
CUST_13B712B98DD48D9D707000784BA555A2,PART_1834E63E0726D7C45CBB65980BD3C890,4/3/2024,1,0,7647767.86,79,1241.88,526.693,90.297,0,1.09800005,113.2200012,274442.5313,0.479999989,249.9420013,616.99
CUST_13B712B98DD48D9D707000784BA555A2,PART_1834E63E0726D7C45CBB65980BD3C890,4/15/2024,1,0,7708006.59,21,330.12,140.007,24.003,0,1.09800005,113.9400024,274469.7188,0.476999998,249.7149963,164.01
CUST_13B712B98DD48D9D707000784BA555A2,PART_1834E63E0726D7C45CBB65980BD3C890,4/24/2024,1,0,7770729.69,20,314.4,133.34,22.86,0,1.09800005,114.4800034,274490.125,0.474999994,249.5449982,156.2
CUST_13B712B98DD48D9D707000784BA555A2,PART_1834E63E0726D7C45CBB65980BD3C890,5/2/2024,1,0,7794920.66,20,314.4,133.34,22.86,0,1.097000003,114.8679962,274498.125,0.47299999,249.4120026,156.2
CUST_13B712B98DD48D9D707000784BA555A2,PART_1834E63E0726D7C45CBB65980BD3C890,5/8/2024,1,0,7808857.6,21,330.12,140.007,24.003,0,1.093000054,114.6740036,274450.9063,0.470999986,249.4149933,164.01
CUST_13B712B98DD48D9D707000784BA555A2,PART_1834E63E0726D7C45CBB65980BD3C890,5/15/2024,1,0,7858187.67,27,424.44,180.009,30.861,0,1.088999987,114.447998,274395.8125,0.469999999,249.4179993,210.87
CUST_13B712B98DD48D9D707000784BA555A2,PART_1834E63E0726D7C45CBB65980BD3C890,5/28/2024,1,0,7864681.13,22,345.84,146.674,25.146,0,1.08099997,114.0289993,274293.4688,0.467000008,249.423996,171.82
CUST_13B712B98DD48D9D707000784BA555A2,PART_1834E63E0726D7C45CBB65980BD3C890,5/29/2024,1,0,7895249.46,5,78.6,33.335,5.715,0,1.080000043,113.9970016,274285.625,0.467000008,249.4250031,39.05
CUST_13B712B98DD48D9D707000784BA555A2,PART_1834E63E0726D7C45CBB65980BD3C890,6/11/2024,1,0,7969545.58,20,314.4,133.34,22.86,0,1.088999987,113.8000031,273967.3438,0.476000011,249.4309998,156.2
CUST_13B712B98DD48D9D707000784BA555A2,PART_1834E63E0726D7C45CBB65980BD3C890,6/12/2024,1,0,7957882.43,13,204.36,86.671,14.859,0,1.090000033,113.7900009,273937.875,0.476999998,249.4320068,101.53
CUST_13B712B98DD48D9D707000784BA555A2,PART_1834E63E0726D7C45CBB65980BD3C890,6/13/2024,1,0,7952793.6,20,314.4,133.34,22.86,0,1.090999961,113.7799988,273908.4063,0.477999985,249.4320068,156.2
CUST_13B712B98DD48D9D707000784BA555A2,PART_1834E63E0726D7C45CBB65980BD3C890,6/18/2024,1,0,8017951.23,25,393,166.675,28.575,0,1.095999956,113.7300034,273761.0625,0.481999993,249.4349976,195.25
CUST_13B712B98DD48D9D707000784BA555A2,PART_1834E63E0726D7C45CBB65980BD3C890,6/26/2024,1,0,8014728.21,18,318.6,120.006,20.574,0,1.105000019,113.6500015,273525.3438,0.49000001,249.4389954,140.58
CUST_13B712B98DD48D9D707000784BA555A2,PART_1834E63E0726D7C45CBB65980BD3C890,7/8/2024,1,0,8039430.46,30,486.6,200.01,34.29,0,1.111999989,113.7809982,273590.0313,0.495000005,249.4440002,234.3
CUST_13B712B98DD48D9D707000784BA555A2,PART_1834E63E0726D7C45CBB65980BD3C890,7/11/2024,1,0,8088473.78,30,638.7,200.01,34.29,0,1.113999963,113.8580017,273680.9063,0.495000005,249.4459991,234.3
CUST_13B712B98DD48D9D707000784BA555A2,PART_1834E63E0726D7C45CBB65980BD3C890,7/15/2024,1,0,8059450.15,50,811,333.35,57.15,0,1.11500001,113.9609985,273802.0625,0.495000005,249.4470062,390.5
CUST_13B712B98DD48D9D707000784BA555A2,PART_1834E63E0726D7C45CBB65980BD3C890,7/25/2024,1,0,8097171.68,16,259.52,106.672,18.288,0,1.118999958,114.2190018,274104.9688,0.493999988,249.451004,124.96
CUST_13B712B98DD48D9D707000784BA555A2,PART_1834E63E0726D7C45CBB65980BD3C890,7/31/2024,1,0,8034594.8,20,324.4,133.34,22.86,0,1.121000051,114.3740005,274286.7188,0.493999988,249.4530029,156.2
CUST_13B712B98DD48D9D707000784BA555A2,PART_1834E63E0726D7C45CBB65980BD3C890,8/1/2024,1,0,8038335.21,20,324.4,133.34,22.86,0,1.121000051,114.4000015,274317,0.493999988,249.4530029,156.2
CUST_13B712B98DD48D9D707000784BA555A2,PART_1834E63E0726D7C45CBB65980BD3C890,8/7/2024,1,0,8070208,11,178.42,73.337,12.573,0,1.116999984,114.1480026,274091.125,0.490999997,250.0590057,85.91
CUST_13B712B98DD48D9D707000784BA555A2,PART_1834E63E0726D7C45CBB65980BD3C890,8/12/2024,1,0,8037050.58,52,843.44,346.684,59.436,0,1.113999963,113.939003,273902.9063,0.488999993,250.5650024,406.12
CUST_13B712B98DD48D9D707000784BA555A2,PART_1834E63E0726D7C45CBB65980BD3C890,8/13/2024,1,0,8054132.45,25,405.5,166.675,28.575,0,1.113999963,113.8970032,273865.25,0.488999993,250.6660004,195.25
CUST_13B712B98DD48D9D707000784BA555A2,PART_1834E63E0726D7C45CBB65980BD3C890,8/14/2024,1,0,8051557.89,11,178.42,73.337,12.573,0,1.113000035,113.8550034,273827.625,0.488000005,250.7669983,85.91
CUST_13B712B98DD48D9D707000784BA555A2,PART_1834E63E0726D7C45CBB65980BD3C890,8/23/2024,1,0,8089244.14,30,486.6,200.01,34.29,0,1.10800004,113.4769974,273488.8125,0.483999997,251.6759949,234.3
CUST_13B712B98DD48D9D707000784BA555A2,PART_1834E63E0726D7C45CBB65980BD3C890,9/3/2024,1,0,8040979.05,14,227.08,93.338,16.002,0,1.100999951,113.1600037,273348.3438,0.479000002,252.5859985,109.34
CUST_13B712B98DD48D9D707000784BA555A2,PART_1834E63E0726D7C45CBB65980BD3C890,9/5/2024,1,0,8079887.8,13,210.86,86.671,14.859,0,1.098999977,113.2200012,273546.6563,0.477999985,252.5859985,101.53
CUST_13B712B98DD48D9D707000784BA555A2,PART_1834E63E0726D7C45CBB65980BD3C890,9/9/2024,1,0,8066526.47,5,81.1,33.335,5.715,0,1.095999956,113.3399963,273943.3438,0.476000011,252.5859985,39.05
CUST_13B712B98DD48D9D707000784BA555A2,PART_1834E63E0726D7C45CBB65980BD3C890,9/10/2024,1,0,8092032.33,30,486.6,200.01,34.29,0,1.095999956,113.3700027,274042.5,0.474999994,252.5859985,234.3
CUST_13B712B98DD48D9D707000784BA555A2,PART_1834E63E0726D7C45CBB65980BD3C890,9/16/2024,1,0,8054598.23,73,1184.06,486.691,83.439,0,1.092000008,113.5500031,274637.5,0.472000003,252.5859985,570.13
CUST_13B712B98DD48D9D707000784BA555A2,PART_1834E63E0726D7C45CBB65980BD3C890,9/25/2024,1,0,8055877.82,42,681.24,280.014,48.006,0,1.085000038,113.8199997,275530,0.467000008,252.5859985,328.02
CUST_13B712B98DD48D9D707000784BA555A2,PART_1834E63E0726D7C45CBB65980BD3C890,10/2/2024,1,0,8071411.94,20,341.8,133.34,22.86,0,1.08099997,113.9680023,276069.9063,0.465000004,252.5870056,156.2
CUST_13B712B98DD48D9D707000784BA555A2,PART_1834E63E0726D7C45CBB65980BD3C890,10/3/2024,1,0,8132111.27,33,563.97,220.011,37.719,0,1.08099997,113.9349976,276014.8125,0.465999991,252.5890045,257.73
CUST_13B712B98DD48D9D707000784BA555A2,PART_1834E63E0726D7C45CBB65980BD3C890,10/9/2024,1,0,8175449.68,10,170.9,66.67,11.43,0,1.082000017,113.7419968,275684.2188,0.470999986,252.595993,78.1
CUST_13B712B98DD48D9D707000784BA555A2,PART_1834E63E0726D7C45CBB65980BD3C890,10/14/2024,1,0,8143592.09,15,256.35,100.005,17.145,0,1.082999945,113.5810013,275408.75,0.474999994,252.6029968,117.15
CUST_13B712B98DD48D9D707000784BA555A2,PART_1834E63E0726D7C45CBB65980BD3C890,10/21/2024,1,0,8076201.87,57,974.13,380.019,65.151,0,1.083999991,113.3550034,275023.0625,0.481000006,252.6119995,445.17
CUST_13B712B98DD48D9D707000784BA555A2,PART_1834E63E0726D7C45CBB65980BD3C890,10/25/2024,1,0,8052475.82,30,512.7,200.01,34.29,0,1.085000038,113.2259979,274802.6875,0.485000014,252.6170044,234.3
CUST_13B712B98DD48D9D707000784BA555A2,PART_1834E63E0726D7C45CBB65980BD3C890,10/30/2024,1,0,7981261.62,29,495.61,193.343,33.147,0,1.085999966,113.0650024,274527.1875,0.488999993,252.6230011,226.49
CUST_13B712B98DD48D9D707000784BA555A2,PART_1834E63E0726D7C45CBB65980BD3C890,10/31/2024,1,0,7986800.95,5,85.45,33.335,5.715,0,1.085999966,113.0319977,274472.0938,0.49000001,252.625,39.05
CUST_13B712B98DD48D9D707000784BA555A2,PART_1834E63E0726D7C45CBB65980BD3C890,11/5/2024,1,0,8008405.59,0,0,0,0,0,1.075000048,112.9469986,274644.1875,0.486999989,252.6439972,0
CUST_13B712B98DD48D9D707000784BA555A2,PART_1834E63E0726D7C45CBB65980BD3C890,11/12/2024,1,0,7995302.41,50,1069.5,333.35,57.15,0,1.057000041,112.8529968,275041.8125,0.479999989,252.6759949,390.5
CUST_13B712B98DD48D9D707000784BA555A2,PART_1834E63E0726D7C45CBB65980BD3C890,11/15/2024,1,0,7988620.83,64,1368.96,426.688,73.152,0,1.049000025,112.8130035,275212.1875,0.476999998,252.6889954,499.84
CUST_13B712B98DD48D9D707000784BA555A2,PART_1834E63E0726D7C45CBB65980BD3C890,11/22/2024,1,0,7982717.95,3,64.17,20.001,3.429,0,1.031000018,112.7200012,275609.8125,0.469999999,252.720993,23.43
CUST_13B712B98DD48D9D707000784BA555A2,PART_1834E63E0726D7C45CBB65980BD3C890,11/26/2024,1,0,8024266.15,1,21.39,6.667,1.143,0,1.019999981,112.6669998,275837,0.465999991,252.7389984,7.81
CUST_13B712B98DD48D9D707000784BA555A2,PART_1834E63E0726D7C45CBB65980BD3C890,11/28/2024,1,0,8004930.48,11,235.29,73.337,12.573,0,1.014999986,112.6399994,275950.5938,0.463999987,252.7480011,85.91
CUST_13B712B98DD48D9D707000784BA555A2,PART_1834E63E0726D7C45CBB65980BD3C890,12/2/2024,1,0,7926713.23,12,256.68,80.004,13.716,0,1.004999995,112.5839996,276118.0625,0.460999995,252.7619934,93.72
CUST_13B712B98DD48D9D707000784BA555A2,PART_1834E63E0726D7C45CBB65980BD3C890,12/3/2024,1,0,7986778.66,30,641.7,200.01,34.29,0,1.003999949,112.5680008,276115.125,0.462000012,252.7610016,234.3
CUST_13B712B98DD48D9D707000784BA555A2,PART_1834E63E0726D7C45CBB65980BD3C890,12/5/2024,1,0,7970001,10,213.9,66.67,11.43,0,1,112.5350037,276109.25,0.463,252.7610016,78.1
CUST_13B712B98DD48D9D707000784BA555A2,PART_1834E63E0726D7C45CBB65980BD3C890,12/9/2024,1,0,7900986.18,28,598.92,186.676,32.004,0,0.992999971,112.4710007,276097.5313,0.463999987,252.7599945,218.68
CUST_13B712B98DD48D9D707000784BA555A2,PART_1834E63E0726D7C45CBB65980BD3C890,12/11/2024,1,0,7888261.79,22,470.58,146.674,25.146,0,0.99000001,112.439003,276091.6563,0.465000004,252.7590027,171.82
CUST_13B712B98DD48D9D707000784BA555A2,PART_1834E63E0726D7C45CBB65980BD3C890,12/16/2024,1,0,7870205.29,90,1925.1,600.03,102.87,0,0.981000006,112.3580017,276076.9688,0.467000008,252.7579956,702.9
CUST_13B712B98DD48D9D707000784BA555A2,PART_1834E63E0726D7C45CBB65980BD3C890,1/8/2025,1,0,7870508.96,50,1069.5,333.35,57.15,0,0.976999998,112.5059967,275679.5625,0.467999995,252.904007,390.5
CUST_13B712B98DD48D9D707000784BA555A2,PART_1834E63E0726D7C45CBB65980BD3C890,1/15/2025,1,0,7883164.93,53,1133.67,353.351,60.579,0,0.999000013,112.913002,275329.0938,0.460999995,253.0559998,413.93
CUST_13B712B98DD48D9D707000784BA555A2,PART_1834E63E0726D7C45CBB65980BD3C890,1/17/2025,1,0,7866588.51,20,427.8,133.34,22.86,0,1.006000042,113.0289993,275228.9688,0.460000008,253.098999,156.2
CUST_13B712B98DD48D9D707000784BA555A2,PART_1834E63E0726D7C45CBB65980BD3C890,1/20/2025,1,0,7829690.62,8,171.12,53.336,9.144,0,1.014999986,113.2030029,275078.7813,0.456999987,253.1640015,62.48
CUST_13B712B98DD48D9D707000784BA555A2,PART_1834E63E0726D7C45CBB65980BD3C890,1/30/2025,1,0,7820158.7,14,299.46,93.338,16.002,0,1.047999978,113.7839966,274578.125,0.448000014,253.3800049,109.34
CUST_13B712B98DD48D9D707000784BA555A2,PART_1834E63E0726D7C45CBB65980BD3C890,2/5/2025,1,0,7777049.76,26,556.14,173.342,29.718,0,1.05400002,113.8570023,274873.8438,0.448000014,253.5350037,203.06
CUST_13B712B98DD48D9D707000784BA555A2,PART_1834E63E0726D7C45CBB65980BD3C890,2/19/2025,1,0,7633201.02,50,1029.5,333.35,57.15,0,1.05400002,113.7070007,276259.3438,0.453999996,253.9259949,390.5
CUST_13B712B98DD48D9D707000784BA555A2,PART_1834E63E0726D7C45CBB65980BD3C890,3/4/2025,1,0,7572058.58,22,452.98,146.674,25.146,0,1.05400002,113.6190033,277328.75,0.456999987,254.2120056,171.82
CUST_13B712B98DD48D9D707000784BA555A2,PART_1834E63E0726D7C45CBB65980BD3C890,3/5/2025,1,0,7563545.63,10,205.9,66.67,11.43,0,1.054999948,113.6259995,277355.3125,0.456999987,254.2140045,78.1
CUST_13B712B98DD48D9D707000784BA555A2,PART_1834E63E0726D7C45CBB65980BD3C890,3/7/2025,1,0,7536004.52,9,185.31,60.003,10.287,0,1.054999948,113.6389999,277408.4688,0.456999987,254.2180023,70.29
CUST_13B712B98DD48D9D707000784BA555A2,PART_1834E63E0726D7C45CBB65980BD3C890,3/17/2025,1,0,7433322.84,50,1029.5,333.35,57.15,0,1.055999994,113.7030029,277674.2813,0.453999996,254.2400055,390.5
CUST_13B712B98DD48D9D707000784BA555A2,PART_1834E63E0726D7C45CBB65980BD3C890,3/26/2025,1,0,7356037.38,24,494.16,160.008,27.432,0,1.057000041,113.7610016,277913.5313,0.451999992,254.2599945,187.44
CUST_13B712B98DD48D9D707000784BA555A2,PART_1834E63E0726D7C45CBB65980BD3C890,4/2/2025,1,0,7274914.9,30,617.7,200.01,34.29,0,1.057999969,113.7929993,278023.1875,0.451000005,254.2740021,234.3
CUST_13B712B98DD48D9D707000784BA555A2,PART_1834E63E0726D7C45CBB65980BD3C890,4/3/2025,1,0,7283544.67,19,391.21,126.673,21.717,0,1.057999969,113.7870026,277973.4063,0.451000005,254.2749939,148.39
CUST_13B712B98DD48D9D707000784BA555A2,PART_1834E63E0726D7C45CBB65980BD3C890,4/14/2025,1,0,7182145.38,67,1379.53,446.689,76.581,0,1.055999994,113.7129974,277425.5938,0.451999992,254.2879944,523.27
CUST_13B712B98DD48D9D707000784BA555A2,PART_1834E63E0726D7C45CBB65980BD3C890,4/15/2025,1,0,7202226.87,16,329.44,106.672,18.288,0,1.055999994,113.7070007,277375.8125,0.451999992,254.2890015,124.96
CUST_13B712B98DD48D9D707000784BA555A2,PART_1834E63E0726D7C45CBB65980BD3C890,4/24/2025,1,0,7110663.77,15,308.85,100.005,17.145,0,1.054999948,113.6470032,276927.5938,0.453000009,254.3000031,117.15
CUST_13B712B98DD48D9D707000784BA555A2,PART_1834E63E0726D7C45CBB65980BD3C890,5/8/2025,1,0,7011783.62,1,20.59,6.802,1.008,0,1.05400002,113.5319977,276527.5313,0.453999996,254.3130035,7.81
CUST_13B712B98DD48D9D707000784BA555A2,PART_1834E63E0726D7C45CBB65980BD3C890,5/14/2025,1,0,6972815.35,9,185.31,61.218,9.072,0,1.052999973,113.473999,276483.375,0.453999996,254.3179932,70.29
CUST_13B712B98DD48D9D707000784BA555A2,PART_1834E63E0726D7C45CBB65980BD3C890,5/15/2025,1,0,6963246.32,10,205.9,68.02,10.08,0,1.052999973,113.4649963,276476.0313,0.453999996,254.3190002,78.1
CUST_13B712B98DD48D9D707000784BA555A2,PART_1834E63E0726D7C45CBB65980BD3C890,5/16/2025,1,0,6933540.23,9,185.31,61.218,9.072,0,1.052999973,113.4550018,276468.6875,0.453999996,254.3200073,70.29
CUST_13B712B98DD48D9D707000784BA555A2,PART_1834E63E0726D7C45CBB65980BD3C890,5/19/2025,1,0,6897375.37,8,164.72,54.416,8.064,0,1.052999973,113.4260025,276446.625,0.453000009,254.3220062,62.48
CUST_13B712B98DD48D9D707000784BA555A2,PART_1834E63E0726D7C45CBB65980BD3C890,5/20/2025,1,0,6936962.17,1,20.59,6.802,1.008,0,1.052999973,113.4160004,276439.25,0.453000009,254.322998,7.81
CUST_13B712B98DD48D9D707000784BA555A2,PART_1834E63E0726D7C45CBB65980BD3C890,5/21/2025,1,0,6936489.63,8,164.72,54.416,8.064,0,1.052999973,113.4059982,276431.9063,0.453000009,254.322998,62.48
CUST_13B712B98DD48D9D707000784BA555A2,PART_1834E63E0726D7C45CBB65980BD3C890,5/22/2025,1,0,6933302.57,5,102.95,34.01,5.04,0,1.052999973,113.3970032,276424.5625,0.453000009,254.3240051,39.05
CUST_13B712B98DD48D9D707000784BA555A2,PART_1834E63E0726D7C45CBB65980BD3C890,6/4/2025,1,0,6825149.93,17,350.03,115.634,17.136,0,1.049999952,113.3799973,276492.1875,0.449999988,254.3320007,132.77
CUST_13B712B98DD48D9D707000784BA555A2,PART_1834E63E0726D7C45CBB65980BD3C890,6/9/2025,1,0,6816827.74,50,1029.5,340.1,50.4,0,1.047000051,113.5130005,276727.5313,0.444999993,254.3320007,390.5
CUST_13B712B98DD48D9D707000784BA555A2,PART_1834E63E0726D7C45CBB65980BD3C890,6/12/2025,1,0,6837961.95,12,247.08,81.624,12.096,0,1.044999957,113.5930023,276868.7188,0.442000002,254.3320007,93.72
CUST_13B712B98DD48D9D707000784BA555A2,PART_1834E63E0726D7C45CBB65980BD3C890,6/18/2025,1,0,6799849.39,17,350.03,115.634,17.136,0,1.041000009,113.7529984,277151.125,0.435000002,254.3320007,132.77
CUST_13B712B98DD48D9D707000784BA555A2,PART_1834E63E0726D7C45CBB65980BD3C890,7/2/2025,1,0,6835218.98,21,432.39,142.842,21.168,0,1.031999946,114.1259995,277758,0.421000004,254.3509979,164.01
CUST_13B712B98DD48D9D707000784BA555A2,PART_1834E63E0726D7C45CBB65980BD3C890,7/8/2025,1,0,6804932.53,16,329.44,108.832,16.128,0,1.029000044,114.2809982,277728,0.416999996,254.4649963,124.96
CUST_13B712B98DD48D9D707000784BA555A2,PART_1834E63E0726D7C45CBB65980BD3C890,7/9/2025,1,0,6781084.83,71,1461.89,482.942,71.568,0,1.029000044,114.3059998,277723,0.416000009,254.4850006,554.51
CUST_13B712B98DD48D9D707000784BA555A2,PART_1834E63E0726D7C45CBB65980BD3C890,7/15/2025,1,0,6767999.5,20,411.8,104.5,51.7,0,1.026000023,114.4609985,277693,0.412,254.598999,156.2
CUST_13B712B98DD48D9D707000784BA555A2,PART_1834E63E0726D7C45CBB65980BD3C890,7/24/2025,1,0,6786010.14,27,555.93,141.075,69.795,0,1.021000028,114.6940002,277648,0.405999988,254.7700043,210.87
CUST_13B712B98DD48D9D707000784BA555A2,PART_1834E63E0726D7C45CBB65980BD3C890,7/29/2025,1,0,6770030.93,50,1029.5,261.25,129.25,0,1.019000053,114.822998,277623,0.40200001,254.8659973,390.5
CUST_13B712B98DD48D9D707000784BA555A2,PART_1834E63E0726D7C45CBB65980BD3C890,8/13/2025,1,0,6776896.98,12,247.08,62.7,32.94,0,1.02699995,114.473999,277816.25,0.393000007,255.4190063,95.64
CUST_13B712B98DD48D9D707000784BA555A2,PART_1834E63E0726D7C45CBB65980BD3C890,8/18/2025,1,0,6740666.06,51,1050.09,266.475,139.995,0,1.031000018,114.2969971,277903.0313,0.391000003,255.6260071,406.47
CUST_13B712B98DD48D9D707000784BA555A2,PART_1834E63E0726D7C45CBB65980BD3C890,8/22/2025,1,0,6725849.03,25,514.75,170.05,29.2,0,1.034000039,114.1549988,277972.4375,0.388000011,255.7910004,199.25
CUST_13B712B98DD48D9D707000784BA555A2,PART_1834E63E0726D7C45CBB65980BD3C890,9/9/2025,1,0,6706974.9,13,267.67,88.426,15.184,0,1.029999971,113.3730011,278012.4063,0.370999992,256.2049866,103.61
CUST_13B712B98DD48D9D707000784BA555A2,PART_1834E63E0726D7C45CBB65980BD3C890,9/15/2025,1,0,6661001.33,50,1029.5,340.1,58.4,0,1.021000028,113.0530014,277912.1875,0.361999989,256.2049866,398.5
CUST_13B712B98DD48D9D707000784BA555A2,PART_1834E63E0726D7C45CBB65980BD3C890,9/19/2025,1,0,6681811.79,13,267.67,88.426,15.184,0,1.014999986,112.8399963,277845.4063,0.356999993,256.2049866,103.61
CUST_13B712B98DD48D9D707000784BA555A2,PART_1834E63E0726D7C45CBB65980BD3C890,9/29/2025,1,0,6629567.19,7,144.13,47.614,8.176,0,1,112.3069992,277678.4063,0.342000008,256.2049866,55.79
CUST_13B712B98DD48D9D707000784BA555A2,PART_49BC3AEB5BC7A4B6AAB9074E61E8B3BF,2/7/2023,1,1,615294.46,10,132.7,52.48,80.22,9.359999657,1.164000034,116.4069977,270405.8438,0.514999986,245.548996,132.7
CUST_13B712B98DD48D9D707000784BA555A2,PART_49BC3AEB5BC7A4B6AAB9074E61E8B3BF,10/19/2023,1,1,5348993,19,252.13,92.511,159.619,10.69999981,1.100000024,113.9520035,269871.125,0.472000003,248.2389984,252.13
CUST_13B712B98DD48D9D707000784BA555A2,PART_49BC3AEB5BC7A4B6AAB9074E61E8B3BF,10/23/2023,1,1,5401054.11,0,0,0,0,10.85000038,1.09800005,113.8740005,270112.9375,0.47299999,248.253006,0
CUST_13B712B98DD48D9D707000784BA555A2,PART_49BC3AEB5BC7A4B6AAB9074E61E8B3BF,10/25/2023,1,1,5488951.98,1,13.27,4.869,8.401,10.92000008,1.097000003,113.8349991,270233.8438,0.47299999,248.2590027,13.27
CUST_13B712B98DD48D9D707000784BA555A2,PART_49BC3AEB5BC7A4B6AAB9074E61E8B3BF,5/8/2024,1,1,7808857.6,15,176.85,73.035,103.815,11.27999973,1.093000054,114.6740036,274450.9063,0.470999986,249.4149933,176.85
CUST_13B712B98DD48D9D707000784BA555A2,PART_F8400FE193854A06AA58390118BCF325,5/9/2023,1,1,2124200.46,15,408,215.52,192.48,21.07999992,1.161000013,113.8290024,270484.25,0.538999975,246.2539978,408
CUST_13B712B98DD48D9D707000784BA555A2,PART_F8400FE193854A06AA58390118BCF325,5/17/2023,1,1,2248280.91,-7,-190.4,-100.576,-89.824,20.67000008,1.156000018,113.9580002,270420.5313,0.537999988,246.4459991,-190.4
CUST_13B712B98DD48D9D707000784BA555A2,PART_F8400FE193854A06AA58390118BCF325,8/9/2023,1,1,3741613.1,1,27.2,14.368,12.832,22.62000084,1.148000002,114.026001,270867.5938,0.512000024,247.7969971,27.2
CUST_13B712B98DD48D9D707000784BA555A2,PART_F8400FE193854A06AA58390118BCF325,10/27/2023,1,1,5586882.98,1,27.2,14.368,12.832,22.20000076,1.095999956,113.7969971,270354.75,0.47299999,248.2660065,27.2
CUST_13B712B98DD48D9D707000784BA555A2,PART_F8400FE193854A06AA58390118BCF325,11/9/2023,1,1,5908380.42,6,163.2,86.208,76.992,22.39999962,1.088999987,114.3130035,270607.4063,0.476999998,248.3179932,163.2
CUST_13B712B98DD48D9D707000784BA555A2,PART_F8400FE193854A06AA58390118BCF325,11/20/2023,1,1,6114768.85,5,136,71.84,64.16,22.78000069,1.082999945,115.1569977,270539.1875,0.481999993,248.3650055,136
CUST_13B712B98DD48D9D707000784BA555A2,PART_F8400FE193854A06AA58390118BCF325,2/2/2024,1,1,7176795.54,0,0,0,0,21.54000092,1.11500001,113.9690018,277416.875,0.495999992,249.8950043,0
CUST_13B712B98DD48D9D707000784BA555A2,PART_F8400FE193854A06AA58390118BCF325,2/12/2024,1,1,7174572.69,2,55.88,29.448,24.952,29.54000092,1.113999963,113.6589966,275995.4688,0.490999997,249.9069977,54.4
CUST_13B712B98DD48D9D707000784BA555A2,PART_F8400FE193854A06AA58390118BCF325,2/20/2024,1,1,7322988.71,0,0,0,0,35.95000076,1.113999963,113.4100037,274858.375,0.486999989,249.9160004,0
CUST_13B712B98DD48D9D707000784BA555A2,PART_F8400FE193854A06AA58390118BCF325,2/22/2024,1,1,7330861.3,5,139.7,73.62,62.38,37.54999924,1.113999963,113.3479996,274574.0938,0.486000001,249.9190063,136
CUST_13B712B98DD48D9D707000784BA555A2,PART_F8400FE193854A06AA58390118BCF325,4/8/2024,1,1,7654766.45,2,59.58,29.448,26.292,35.38000107,1.09800005,113.5199966,274453.875,0.477999985,249.8470001,55.74
CUST_13B712B98DD48D9D707000784BA555A2,PART_F8400FE193854A06AA58390118BCF325,5/8/2024,1,1,7808857.6,1,29.79,14.724,13.146,28.64999962,1.093000054,114.6740036,274450.9063,0.470999986,249.4149933,27.87
CUST_13B712B98DD48D9D707000784BA555A2,PART_F8400FE193854A06AA58390118BCF325,6/24/2024,1,1,7997723.02,2,59.58,29.448,26.292,29.01000023,1.103000045,113.6699982,273584.2813,0.488000005,249.4380035,55.74
CUST_13B712B98DD48D9D707000784BA555A2,PART_F8400FE193854A06AA58390118BCF325,6/25/2024,1,1,8028630.36,1,29.79,14.724,13.146,28.95999908,1.103999972,113.6600037,273554.8125,0.488999993,249.4389954,27.87
CUST_13B712B98DD48D9D707000784BA555A2,PART_F8400FE193854A06AA58390118BCF325,6/26/2024,1,1,8014728.21,1,29.79,14.724,13.146,28.92000008,1.105000019,113.6500015,273525.3438,0.49000001,249.4389954,27.87
CUST_13B712B98DD48D9D707000784BA555A2,PART_F8400FE193854A06AA58390118BCF325,6/28/2024,1,1,8008883.19,0,0,0,0,28.84000015,1.106999993,113.6299973,273466.4063,0.492000014,249.4400024,0
CUST_13B712B98DD48D9D707000784BA555A2,PART_F8400FE193854A06AA58390118BCF325,7/3/2024,1,1,8019818.98,1,29.79,14.724,13.146,29.18000031,1.110999942,113.6520004,273438.5938,0.495000005,249.4429932,27.87
CUST_13B712B98DD48D9D707000784BA555A2,PART_F8400FE193854A06AA58390118BCF325,8/9/2024,1,1,8059149.1,2,57.94,29.448,26.292,33.31000137,1.116000056,114.0650024,274015.8438,0.49000001,250.2619934,55.74
CUST_13B712B98DD48D9D707000784BA555A2,PART_F8400FE193854A06AA58390118BCF325,8/13/2024,1,1,8054132.45,8,231.76,117.792,105.168,33.40000153,1.113999963,113.8970032,273865.25,0.488999993,250.6660004,222.96
CUST_13B712B98DD48D9D707000784BA555A2,PART_F8400FE193854A06AA58390118BCF325,9/26/2024,1,1,8071918.36,2,57.94,29.448,26.292,35.86999893,1.085000038,113.8499985,275629.1563,0.467000008,252.5859985,55.74
CUST_13B712B98DD48D9D707000784BA555A2,PART_F8400FE193854A06AA58390118BCF325,12/23/2024,1,1,7908462.22,5,144.85,73.62,65.73,36.27000046,0.968999982,112.2450027,276056.4063,0.469999999,252.7559967,139.35
CUST_13B712B98DD48D9D707000784BA555A2,PART_F8400FE193854A06AA58390118BCF325,1/3/2025,1,1,7880396.66,8,231.76,108.592,114.368,34.72000122,0.959999979,112.2160034,275929.875,0.472000003,252.7960052,222.96
CUST_13B712B98DD48D9D707000784BA555A2,PART_F8400FE193854A06AA58390118BCF325,1/21/2025,1,1,7866484.7,1,28.97,13.574,14.296,33.13999939,1.019000053,113.2610016,275028.7188,0.456,253.1849976,27.87
CUST_13B712B98DD48D9D707000784BA555A2,PART_F8400FE193854A06AA58390118BCF325,2/19/2025,1,1,7633201.02,3,98.07,40.722,42.888,28.79000092,1.05400002,113.7070007,276259.3438,0.453999996,253.9259949,83.61
CUST_13B712B98DD48D9D707000784BA555A2,PART_F8400FE193854A06AA58390118BCF325,2/28/2025,1,1,7589499.82,6,196.14,81.444,85.776,27.13999939,1.05400002,113.6110001,277150.0313,0.458000004,254.177002,167.22
CUST_13B712B98DD48D9D707000784BA555A2,PART_F8400FE193854A06AA58390118BCF325,3/3/2025,1,1,7560376.54,0,0,0,0,26.68000031,1.05400002,113.612999,277302.1563,0.458000004,254.2089996,0
CUST_13B712B98DD48D9D707000784BA555A2,PART_F8400FE193854A06AA58390118BCF325,3/4/2025,1,1,7572058.58,1,32.69,13.574,14.296,26.53000069,1.05400002,113.6190033,277328.75,0.456999987,254.2120056,27.87
CUST_13B712B98DD48D9D707000784BA555A2,PART_F8400FE193854A06AA58390118BCF325,5/13/2025,1,1,6970001.83,1,32.69,13.919,13.951,31.70999908,1.052999973,113.4840012,276490.75,0.453999996,254.3170013,27.87
CUST_13B712B98DD48D9D707000784BA555A2,PART_F8400FE193854A06AA58390118BCF325,6/16/2025,1,1,6799224.52,1,32.69,13.919,14.661,32.79000092,1.042999983,113.6999969,277057,0.437999994,254.3320007,28.58
CUST_13B712B98DD48D9D707000784BA555A2,PART_F8400FE193854A06AA58390118BCF325,9/16/2025,1,1,6688093.82,3,93.87,41.787,43.953,36,1.019999981,113,277895.5,0.361000001,256.2049866,85.74
CUST_13B712B98DD48D9D707000784BA555A2,PART_012C41EC3774276BB02E78F7C0D99F43,1/3/2023,1,1,21740.19,5,67.7,25.9,41.8,0,1.126999974,116.8059998,275461.6563,0.504999995,244.2590027,67.7
CUST_13B712B98DD48D9D707000784BA555A2,PART_012C41EC3774276BB02E78F7C0D99F43,1/4/2023,1,1,49804.97,2,27.08,10.36,16.72,0,1.128000021,116.8099976,275304.9688,0.505999982,244.3029938,27.08
CUST_13B712B98DD48D9D707000784BA555A2,PART_012C41EC3774276BB02E78F7C0D99F43,1/17/2023,1,1,277367.04,5,68.35,25.9,42.5,0,1.146000028,116.8519974,273268.1563,0.513000011,244.8809967,68.4
CUST_13B712B98DD48D9D707000784BA555A2,PART_012C41EC3774276BB02E78F7C0D99F43,1/31/2023,1,1,496151.64,2,20.84,10.36,10.48,14.01000023,1.166000009,116.8970032,271074.6875,0.519999981,245.503006,20.84
CUST_13B712B98DD48D9D707000784BA555A2,PART_012C41EC3774276BB02E78F7C0D99F43,2/8/2023,1,1,642566.57,2,20.84,10.36,10.48,13.75,1.164000034,116.3249969,270320.5,0.513999999,245.5500031,20.84
CUST_13B712B98DD48D9D707000784BA555A2,PART_012C41EC3774276BB02E78F7C0D99F43,2/15/2023,1,1,811140.71,2,20.84,10.36,10.48,13.52000046,1.161000013,115.75,269723,0.507000029,245.552002,20.84
CUST_13B712B98DD48D9D707000784BA555A2,PART_012C41EC3774276BB02E78F7C0D99F43,3/3/2023,1,1,1053595.01,2,20.84,10.36,10.48,13.18000031,1.154000044,114.560997,268675.4688,0.497000009,245.5690002,20.84
CUST_13B712B98DD48D9D707000784BA555A2,PART_012C41EC3774276BB02E78F7C0D99F43,3/13/2023,1,1,1195309.86,3,31.26,15.54,15.72,13.48999977,1.151000023,114.3679962,269412.9063,0.514999986,245.6289978,31.26
CUST_13B712B98DD48D9D707000784BA555A2,PART_012C41EC3774276BB02E78F7C0D99F43,3/29/2023,1,1,1468878.5,2,20.84,10.36,10.48,13.98999977,1.144999981,114.0579987,270592.7813,0.545000017,245.7259979,20.84
CUST_13B712B98DD48D9D707000784BA555A2,PART_012C41EC3774276BB02E78F7C0D99F43,4/7/2023,1,1,1631733.03,2,20.84,10.36,10.48,13.96000004,1.148000002,113.9400024,270760.8125,0.549000025,245.8079987,20.84
CUST_13B712B98DD48D9D707000784BA555A2,PART_012C41EC3774276BB02E78F7C0D99F43,4/17/2023,1,1,1750625.29,2,21.56,10.722,10.838,13.82999992,1.156000018,113.8399963,270672.125,0.546000004,245.9140015,21.56
CUST_13B712B98DD48D9D707000784BA555A2,PART_012C41EC3774276BB02E78F7C0D99F43,4/20/2023,1,1,1809637.47,3,32.34,16.083,16.257,13.78999996,1.157999992,113.8099976,270645.5313,0.545000017,245.9459991,32.34
CUST_13B712B98DD48D9D707000784BA555A2,PART_012C41EC3774276BB02E78F7C0D99F43,4/28/2023,1,1,1950469.55,1,10.78,5.361,5.419,13.68999958,1.164000034,113.7300034,270574.5938,0.541999996,246.0310059,10.78
CUST_13B712B98DD48D9D707000784BA555A2,PART_012C41EC3774276BB02E78F7C0D99F43,5/1/2023,1,1,1964435.31,4,43.12,21.444,21.676,13.67000008,1.166000009,113.6999969,270548,0.541000009,246.0630035,43.12
CUST_13B712B98DD48D9D707000784BA555A2,PART_012C41EC3774276BB02E78F7C0D99F43,5/3/2023,1,1,2033653,3,32.34,16.083,16.257,13.69999981,1.164999962,113.7320023,270532.0625,0.541000009,246.1109924,32.34
CUST_13B712B98DD48D9D707000784BA555A2,PART_012C41EC3774276BB02E78F7C0D99F43,5/8/2023,1,1,2091051.86,3,32.34,16.083,16.257,13.76000023,1.161999941,113.8130035,270492.2188,0.540000021,246.2310028,32.34
CUST_13B712B98DD48D9D707000784BA555A2,PART_012C41EC3774276BB02E78F7C0D99F43,5/9/2023,1,1,2124200.46,4,43.12,21.444,21.676,13.77999973,1.161000013,113.8290024,270484.25,0.538999975,246.2539978,43.12
CUST_13B712B98DD48D9D707000784BA555A2,PART_012C41EC3774276BB02E78F7C0D99F43,5/11/2023,1,1,2161147.69,6,64.68,32.166,32.514,13.80000019,1.159999967,113.8610001,270468.3125,0.538999975,246.302002,64.68
CUST_13B712B98DD48D9D707000784BA555A2,PART_012C41EC3774276BB02E78F7C0D99F43,5/12/2023,1,1,2169207.9,3,32.34,16.083,16.257,13.81000042,1.159000039,113.8769989,270460.3438,0.538999975,246.326004,32.34
CUST_13B712B98DD48D9D707000784BA555A2,PART_012C41EC3774276BB02E78F7C0D99F43,5/15/2023,1,1,2193459.55,3,32.34,16.083,16.257,13.85000038,1.156999946,113.9260025,270436.4375,0.537999988,246.397995,32.34
CUST_13B712B98DD48D9D707000784BA555A2,PART_012C41EC3774276BB02E78F7C0D99F43,5/22/2023,1,1,2311205.44,6,64.68,32.166,32.514,13.93999958,1.152999997,114.0390015,270380.6875,0.537,246.5659943,64.68
CUST_13B712B98DD48D9D707000784BA555A2,PART_012C41EC3774276BB02E78F7C0D99F43,5/29/2023,1,1,2475584.36,2,21.56,10.722,10.838,14.02999973,1.149000049,114.1520004,270324.9063,0.536000013,246.7330017,21.56
CUST_13B712B98DD48D9D707000784BA555A2,PART_012C41EC3774276BB02E78F7C0D99F43,6/1/2023,1,1,2533404.98,10,107.8,53.61,54.19,14.05000019,1.146999955,114.1999969,270301,0.535000026,246.8049927,107.8
CUST_13B712B98DD48D9D707000784BA555A2,PART_012C41EC3774276BB02E78F7C0D99F43,6/7/2023,1,1,2610853.76,0,0,0,0,14.01000023,1.14199996,114.3799973,270413.4063,0.529999971,246.9790039,0
CUST_13B712B98DD48D9D707000784BA555A2,PART_012C41EC3774276BB02E78F7C0D99F43,6/16/2023,1,1,2744518.87,3,32.34,16.083,16.257,13.93999958,1.13499999,114.6500015,270582,0.523000002,247.2400055,32.34
CUST_13B712B98DD48D9D707000784BA555A2,PART_012C41EC3774276BB02E78F7C0D99F43,6/23/2023,1,1,2869915.81,6,64.68,32.166,32.514,13.88000011,1.128999949,114.8600006,270713.125,0.51700002,247.4420013,64.68
CUST_13B712B98DD48D9D707000784BA555A2,PART_012C41EC3774276BB02E78F7C0D99F43,6/26/2023,1,1,2889948.92,2,21.56,10.722,10.838,13.85999966,1.126000047,114.9499969,270769.3438,0.514999986,247.529007,21.56
CUST_13B712B98DD48D9D707000784BA555A2,PART_012C41EC3774276BB02E78F7C0D99F43,7/5/2023,1,1,3029195.44,6,64.68,32.166,32.514,13.89000034,1.125,114.9580002,270912.8125,0.510999978,247.6750031,64.68
CUST_13B712B98DD48D9D707000784BA555A2,PART_012C41EC3774276BB02E78F7C0D99F43,7/6/2023,1,1,3062044.49,2,21.56,10.722,10.838,13.90999985,1.125,114.9229965,270925.25,0.510999978,247.6759949,21.56
CUST_13B712B98DD48D9D707000784BA555A2,PART_012C41EC3774276BB02E78F7C0D99F43,7/10/2023,1,1,3092120.61,7,75.46,37.527,37.933,13.96000004,1.128000021,114.7809982,270975.0625,0.512000024,247.677002,75.46
CUST_13B712B98DD48D9D707000784BA555A2,PART_012C41EC3774276BB02E78F7C0D99F43,7/11/2023,1,1,3128399.42,2,21.56,10.722,10.838,13.97000027,1.128999949,114.7450027,270987.5313,0.512000024,247.677002,21.56
CUST_13B712B98DD48D9D707000784BA555A2,PART_012C41EC3774276BB02E78F7C0D99F43,7/14/2023,1,1,3204297.03,2,21.56,10.722,10.838,14.01000023,1.131000042,114.6389999,271024.875,0.512000024,247.6779938,21.56
CUST_13B712B98DD48D9D707000784BA555A2,PART_012C41EC3774276BB02E78F7C0D99F43,7/18/2023,1,1,3267978.63,6,64.68,32.166,32.514,14.06000042,1.133999944,114.4970016,271074.6875,0.513000011,247.6790009,64.68
CUST_13B712B98DD48D9D707000784BA555A2,PART_012C41EC3774276BB02E78F7C0D99F43,7/21/2023,1,1,3357033.68,2,21.56,10.722,10.838,14.10000038,1.136000037,114.3899994,271112.0313,0.513000011,247.6799927,21.56
CUST_13B712B98DD48D9D707000784BA555A2,PART_012C41EC3774276BB02E78F7C0D99F43,7/24/2023,1,1,3374422.9,5,53.9,26.805,27.095,14.14000034,1.138000011,114.2839966,271149.375,0.513000011,247.6809998,53.9
CUST_13B712B98DD48D9D707000784BA555A2,PART_012C41EC3774276BB02E78F7C0D99F43,7/31/2023,1,1,3549248.74,3,32.34,16.083,16.257,14.22999954,1.14199996,114.0350037,271236.5625,0.513999999,247.6840057,32.34
CUST_13B712B98DD48D9D707000784BA555A2,PART_012C41EC3774276BB02E78F7C0D99F43,8/14/2023,1,1,3824560.52,4,43.12,21.444,21.676,14.03999996,1.151000023,114.0419998,270629.1875,0.510999978,247.8670044,43.12
CUST_13B712B98DD48D9D707000784BA555A2,PART_012C41EC3774276BB02E78F7C0D99F43,8/15/2023,1,1,3856848.54,8,86.24,42.888,43.352,14.02999973,1.15199995,114.0449982,270581.5313,0.510999978,247.8809967,86.24
CUST_13B712B98DD48D9D707000784BA555A2,PART_012C41EC3774276BB02E78F7C0D99F43,8/16/2023,1,1,3868525.45,1,10.78,5.361,5.419,14.01000023,1.152999997,114.0479965,270533.8438,0.510999978,247.8950043,10.78
CUST_13B712B98DD48D9D707000784BA555A2,PART_012C41EC3774276BB02E78F7C0D99F43,8/22/2023,1,1,3966944.75,3,32.34,16.083,16.257,13.93000031,1.156999946,114.0680008,270247.7813,0.509000003,247.9790039,32.34
CUST_13B712B98DD48D9D707000784BA555A2,PART_012C41EC3774276BB02E78F7C0D99F43,8/24/2023,1,1,4021732.62,3,32.34,16.083,16.257,13.89999962,1.157999992,114.0739975,270152.4063,0.509000003,248.0070038,32.34
CUST_13B712B98DD48D9D707000784BA555A2,PART_012C41EC3774276BB02E78F7C0D99F43,8/28/2023,1,1,4071079.45,6,64.68,32.166,32.514,13.85000038,1.159999967,114.086998,269961.7188,0.508000016,248.0639954,64.68
CUST_13B712B98DD48D9D707000784BA555A2,PART_012C41EC3774276BB02E78F7C0D99F43,8/30/2023,1,1,4144584.75,1,10.78,5.361,5.419,13.81999969,1.161999941,114.0940018,269866.3438,0.507000029,248.0919952,10.78
CUST_13B712B98DD48D9D707000784BA555A2,PART_012C41EC3774276BB02E78F7C0D99F43,9/4/2023,1,1,4236421.41,4,43.12,21.444,21.676,13.88000011,1.157999992,114.1200027,269672.1875,0.503000021,248.1260071,43.12
CUST_13B712B98DD48D9D707000784BA555A2,PART_012C41EC3774276BB02E78F7C0D99F43,9/11/2023,1,1,4374388.72,4,43.12,21.444,21.676,13.98999977,1.144999981,114.1669998,269441.6563,0.493999988,248.1390076,43.12
CUST_13B712B98DD48D9D707000784BA555A2,PART_012C41EC3774276BB02E78F7C0D99F43,9/15/2023,1,1,4512712.39,3,32.34,16.083,16.257,14.06000042,1.136999965,114.1930008,269309.9375,0.488999993,248.1470032,32.34
CUST_13B712B98DD48D9D707000784BA555A2,PART_012C41EC3774276BB02E78F7C0D99F43,9/26/2023,1,1,4758329.94,3,32.34,16.083,16.257,14.23999977,1.116999984,114.2669983,268947.6563,0.474999994,248.1679993,32.34
CUST_13B712B98DD48D9D707000784BA555A2,PART_012C41EC3774276BB02E78F7C0D99F43,9/28/2023,1,1,4816170.51,0,0,0,0,14.27999973,1.113999963,114.2799988,268881.8125,0.47299999,248.1719971,0
CUST_13B712B98DD48D9D707000784BA555A2,PART_012C41EC3774276BB02E78F7C0D99F43,10/2/2023,1,1,4848960.81,3,32.34,16.083,16.257,14.27999973,1.10800004,114.2809982,268843.4375,0.469000012,248.1809998,32.34
CUST_13B712B98DD48D9D707000784BA555A2,PART_012C41EC3774276BB02E78F7C0D99F43,10/3/2023,1,1,4898394.84,1,10.78,5.361,5.419,14.27000046,1.106999993,114.2610016,268903.9063,0.469000012,248.1849976,10.78
CUST_13B712B98DD48D9D707000784BA555A2,PART_012C41EC3774276BB02E78F7C0D99F43,10/9/2023,1,1,5054096.78,0,0,0,0,14.18999958,1.103999972,114.1449966,269266.625,0.469999999,248.2050018,0
CUST_13B712B98DD48D9D707000784BA555A2,PART_012C41EC3774276BB02E78F7C0D99F43,10/10/2023,1,1,5109447.38,5,53.9,26.805,27.095,14.18000031,1.103999972,114.1259995,269327.0625,0.469999999,248.2079926,53.9
CUST_13B712B98DD48D9D707000784BA555A2,PART_012C41EC3774276BB02E78F7C0D99F43,10/27/2023,1,1,5586882.98,4,43.12,21.444,21.676,13.96000004,1.095999956,113.7969971,270354.75,0.47299999,248.2660065,43.12
CUST_13B712B98DD48D9D707000784BA555A2,PART_012C41EC3774276BB02E78F7C0D99F43,10/30/2023,1,1,5613281.44,2,21.56,10.722,10.838,13.92000008,1.095000029,113.7389984,270536.0938,0.474000007,248.276001,21.56
CUST_13B712B98DD48D9D707000784BA555A2,PART_012C41EC3774276BB02E78F7C0D99F43,11/9/2023,1,1,5908380.42,3,32.34,16.083,16.257,14.22999954,1.088999987,114.3130035,270607.4063,0.476999998,248.3179932,32.34
CUST_13B712B98DD48D9D707000784BA555A2,PART_012C41EC3774276BB02E78F7C0D99F43,11/13/2023,1,1,5940477.18,14,150.92,75.054,75.866,14.38000011,1.087000012,114.6200027,270582.5938,0.479000002,248.3350067,150.92
CUST_13B712B98DD48D9D707000784BA555A2,PART_012C41EC3774276BB02E78F7C0D99F43,11/15/2023,1,1,6010829.93,3,32.34,16.083,16.257,14.44999981,1.085999966,114.7730026,270570.1875,0.479999989,248.3439941,32.34
CUST_13B712B98DD48D9D707000784BA555A2,PART_012C41EC3774276BB02E78F7C0D99F43,11/16/2023,1,1,6043140.46,12,129.36,64.332,65.028,14.48999977,1.085999966,114.8499985,270564,0.481000006,248.3480072,129.36
CUST_13B712B98DD48D9D707000784BA555A2,PART_012C41EC3774276BB02E78F7C0D99F43,12/8/2023,1,1,6536258.56,6,64.68,32.166,32.514,15.43999958,1.067999959,115.0059967,270978.1563,0.488000005,248.7429962,64.68
CUST_13B712B98DD48D9D707000784BA555A2,PART_012C41EC3774276BB02E78F7C0D99F43,12/27/2023,1,1,6835504.68,2,21.56,10.722,10.838,16.51000023,1.044999957,112.3099976,272354.75,0.492000014,249.6399994,21.56
CUST_13B712B98DD48D9D707000784BA555A2,PART_012C41EC3774276BB02E78F7C0D99F43,1/3/2024,1,1,6966332.42,4,43.12,21.444,21.676,16.56999969,1.04400003,111.7549973,273029.375,0.493000001,249.8769989,43.12
CUST_13B712B98DD48D9D707000784BA555A2,PART_012C41EC3774276BB02E78F7C0D99F43,1/9/2024,1,1,6969721.33,2,21.56,10.722,10.838,16.26000023,1.059000015,112.2190018,273966.5625,0.493999988,249.8809967,21.56
CUST_13B712B98DD48D9D707000784BA555A2,PART_012C41EC3774276BB02E78F7C0D99F43,1/11/2024,1,1,6984367.39,5,53.9,24.981,28.919,16.14999962,1.06400001,112.3740005,274278.9375,0.493999988,249.8820038,53.9
CUST_13B712B98DD48D9D707000784BA555A2,PART_012C41EC3774276BB02E78F7C0D99F43,1/17/2024,1,1,7005749.86,2,21.56,9.81,11.75,15.84000015,1.077999949,112.8389969,275216.0938,0.495000005,249.8849945,21.56
CUST_13B712B98DD48D9D707000784BA555A2,PART_012C41EC3774276BB02E78F7C0D99F43,1/25/2024,1,1,7111368.84,5,53.9,24.525,29.375,15.42000008,1.09800005,113.4580002,276465.6563,0.495000005,249.8899994,53.9
CUST_13B712B98DD48D9D707000784BA555A2,PART_012C41EC3774276BB02E78F7C0D99F43,1/29/2024,1,1,7121083.09,6,64.68,29.43,35.25,15.21000004,1.10800004,113.7679977,277090.4063,0.495999992,249.8919983,64.68
CUST_13B712B98DD48D9D707000784BA555A2,PART_012C41EC3774276BB02E78F7C0D99F43,2/1/2024,1,1,7137394.74,1,10.78,4.905,5.875,15.22999954,1.11500001,114,277559,0.495999992,249.8939972,10.78
CUST_13B712B98DD48D9D707000784BA555A2,PART_012C41EC3774276BB02E78F7C0D99F43,2/2/2024,1,1,7176795.54,5,53.9,24.525,29.375,15.35000038,1.11500001,113.9690018,277416.875,0.495999992,249.8950043,53.9
CUST_13B712B98DD48D9D707000784BA555A2,PART_012C41EC3774276BB02E78F7C0D99F43,2/5/2024,1,1,7181547.59,5,53.86,24.525,29.375,15.72999954,1.11500001,113.8759995,276990.4375,0.493999988,249.8990021,53.9
CUST_13B712B98DD48D9D707000784BA555A2,PART_012C41EC3774276BB02E78F7C0D99F43,2/7/2024,1,1,7212334.93,2,21.56,9.81,11.75,15.98999977,1.11500001,113.814003,276706.1875,0.493000001,249.901001,21.56
CUST_13B712B98DD48D9D707000784BA555A2,PART_012C41EC3774276BB02E78F7C0D99F43,2/8/2024,1,1,7215271.68,7,75.43,34.335,41.125,16.11000061,1.11500001,113.7829971,276564.0313,0.493000001,249.9019928,75.46
CUST_13B712B98DD48D9D707000784BA555A2,PART_012C41EC3774276BB02E78F7C0D99F43,2/15/2024,1,1,7260916.79,4,43.08,19.62,23.5,17,1.113999963,113.5660019,275569.0625,0.488999993,249.9100037,43.12
CUST_13B712B98DD48D9D707000784BA555A2,PART_012C41EC3774276BB02E78F7C0D99F43,2/21/2024,1,1,7318511.27,2,21.54,9.81,11.75,17.76000023,1.113999963,113.3789978,274716.25,0.486000001,249.9170074,21.56
CUST_13B712B98DD48D9D707000784BA555A2,PART_012C41EC3774276BB02E78F7C0D99F43,2/26/2024,1,1,7347386.7,3,32.31,14.715,17.625,18.38999939,1.113000035,113.223999,274005.5625,0.483999997,249.9230042,32.34
CUST_13B712B98DD48D9D707000784BA555A2,PART_012C41EC3774276BB02E78F7C0D99F43,2/27/2024,1,1,7401036.36,3,32.31,14.715,17.625,18.52000046,1.113000035,113.1930008,273863.4063,0.48300001,249.923996,32.34
CUST_13B712B98DD48D9D707000784BA555A2,PART_012C41EC3774276BB02E78F7C0D99F43,3/6/2024,1,1,7438067.05,10,107.7,49.05,58.75,17.43000031,1.110999942,113.0999985,273598.4375,0.481999993,249.9360046,107.8
CUST_13B712B98DD48D9D707000784BA555A2,PART_012C41EC3774276BB02E78F7C0D99F43,3/7/2024,1,1,7465751.88,1,10.77,4.905,5.875,17.20999908,1.110000014,113.0999985,273630.75,0.481999993,249.9380035,10.78
CUST_13B712B98DD48D9D707000784BA555A2,PART_012C41EC3774276BB02E78F7C0D99F43,3/19/2024,1,1,7549170.73,4,43.12,19.62,23.5,14.53999996,1.103999972,113.0999985,274018.2188,0.481000006,249.9579926,43.12
CUST_13B712B98DD48D9D707000784BA555A2,PART_012C41EC3774276BB02E78F7C0D99F43,3/28/2024,1,1,7608627.86,4,43.08,19.62,23.5,12.53999996,1.100000024,113.0999985,274308.8438,0.479999989,249.9730072,43.12
CUST_13B712B98DD48D9D707000784BA555A2,PART_012C41EC3774276BB02E78F7C0D99F43,4/3/2024,1,1,7647767.86,1,10.76,4.905,5.875,12.07999992,1.09800005,113.2200012,274442.5313,0.479999989,249.9420013,10.78
CUST_13B712B98DD48D9D707000784BA555A2,PART_012C41EC3774276BB02E78F7C0D99F43,4/9/2024,1,1,7680519.2,1,10.78,4.905,5.875,12.51000023,1.09800005,113.5800018,274456.125,0.477999985,249.8289948,10.78
CUST_13B712B98DD48D9D707000784BA555A2,PART_012C41EC3774276BB02E78F7C0D99F43,4/15/2024,1,1,7708006.59,3,32.34,14.715,17.625,12.93999958,1.09800005,113.9400024,274469.7188,0.476999998,249.7149963,32.34
CUST_13B712B98DD48D9D707000784BA555A2,PART_012C41EC3774276BB02E78F7C0D99F43,4/22/2024,1,1,7736781.38,10,107.7,49.05,58.75,13.43999958,1.09800005,114.3600006,274485.5938,0.474999994,249.5820007,107.8
CUST_13B712B98DD48D9D707000784BA555A2,PART_012C41EC3774276BB02E78F7C0D99F43,4/23/2024,1,1,7779902.97,1,10.78,4.905,5.875,13.51000023,1.09800005,114.4199982,274487.875,0.474999994,249.5630035,10.78
CUST_13B712B98DD48D9D707000784BA555A2,PART_012C41EC3774276BB02E78F7C0D99F43,5/13/2024,1,1,7829067.32,3,32.3,14.715,17.625,13.35000038,1.090000033,114.5130005,274411.5625,0.469999999,249.4170074,32.34
CUST_13B712B98DD48D9D707000784BA555A2,PART_012C41EC3774276BB02E78F7C0D99F43,5/15/2024,1,1,7858187.67,2,21.54,9.81,11.75,13.25,1.088999987,114.447998,274395.8125,0.469999999,249.4179993,21.56
CUST_13B712B98DD48D9D707000784BA555A2,PART_012C41EC3774276BB02E78F7C0D99F43,5/21/2024,1,1,7884454.28,7,75.46,34.335,41.125,12.94999981,1.085000038,114.2549973,274348.5938,0.467999995,249.4210052,75.46
CUST_13B712B98DD48D9D707000784BA555A2,PART_012C41EC3774276BB02E78F7C0D99F43,6/3/2024,1,1,7899041.35,5,53.9,24.525,29.375,12.71000004,1.080000043,113.8799973,274203.0625,0.467999995,249.427002,53.9
CUST_13B712B98DD48D9D707000784BA555A2,PART_012C41EC3774276BB02E78F7C0D99F43,6/4/2024,1,1,7952371.39,6,64.62,29.43,35.25,12.80000019,1.08099997,113.8700027,274173.5938,0.469000012,249.4279938,64.68
CUST_13B712B98DD48D9D707000784BA555A2,PART_012C41EC3774276BB02E78F7C0D99F43,6/5/2024,1,1,7957265.65,4,43.08,19.62,23.5,12.89000034,1.082000017,113.8600006,274144.125,0.469999999,249.4279938,43.12
CUST_13B712B98DD48D9D707000784BA555A2,PART_012C41EC3774276BB02E78F7C0D99F43,6/7/2024,1,1,7957188.25,0,0,0,0,13.06999969,1.083999991,113.8399963,274085.1875,0.472000003,249.4290009,0
CUST_13B712B98DD48D9D707000784BA555A2,PART_012C41EC3774276BB02E78F7C0D99F43,6/11/2024,1,1,7969545.58,1,10.77,4.905,5.875,13.43000031,1.088999987,113.8000031,273967.3438,0.476000011,249.4309998,10.78
CUST_13B712B98DD48D9D707000784BA555A2,PART_012C41EC3774276BB02E78F7C0D99F43,6/24/2024,1,1,7997723.02,2,21.56,9.81,11.75,14.60999966,1.103000045,113.6699982,273584.2813,0.488000005,249.4380035,21.56
CUST_13B712B98DD48D9D707000784BA555A2,PART_012C41EC3774276BB02E78F7C0D99F43,6/27/2024,1,1,8008585.36,4,43.12,19.62,23.5,14.88000011,1.105999947,113.6399994,273495.875,0.490999997,249.4400024,43.12
CUST_13B712B98DD48D9D707000784BA555A2,PART_012C41EC3774276BB02E78F7C0D99F43,7/3/2024,1,1,8019818.98,3,32.34,14.715,17.625,14.85999966,1.110999942,113.6520004,273438.5938,0.495000005,249.4429932,32.34
CUST_13B712B98DD48D9D707000784BA555A2,PART_012C41EC3774276BB02E78F7C0D99F43,7/10/2024,1,1,8097871.37,2,21.56,9.81,11.75,14.18000031,1.113000035,113.8320007,273650.625,0.495000005,249.4450073,21.56
CUST_13B712B98DD48D9D707000784BA555A2,PART_012C41EC3774276BB02E78F7C0D99F43,7/30/2024,1,1,8060876.36,3,32.34,14.715,17.625,12.22999954,1.120000005,114.3479996,274256.4063,0.493999988,249.4519958,32.34
CUST_13B712B98DD48D9D707000784BA555A2,PART_012C41EC3774276BB02E78F7C0D99F43,7/31/2024,1,1,8034594.8,5,53.9,24.525,29.375,12.13000011,1.121000051,114.3740005,274286.7188,0.493999988,249.4530029,53.9
CUST_13B712B98DD48D9D707000784BA555A2,PART_012C41EC3774276BB02E78F7C0D99F43,8/1/2024,1,1,8038335.21,4,43.12,19.62,23.5,12.19999981,1.121000051,114.4000015,274317,0.493999988,249.4530029,43.12
CUST_13B712B98DD48D9D707000784BA555A2,PART_012C41EC3774276BB02E78F7C0D99F43,8/7/2024,1,1,8070208,2,21.56,9.81,11.75,12.60999966,1.116999984,114.1480026,274091.125,0.490999997,250.0590057,21.56
CUST_13B712B98DD48D9D707000784BA555A2,PART_012C41EC3774276BB02E78F7C0D99F43,8/13/2024,1,1,8054132.45,4,43.12,19.62,23.5,13.01000023,1.113999963,113.8970032,273865.25,0.488999993,250.6660004,43.12
CUST_13B712B98DD48D9D707000784BA555A2,PART_012C41EC3774276BB02E78F7C0D99F43,8/14/2024,1,1,8051557.89,4,43.12,19.62,23.5,13.07999992,1.113000035,113.8550034,273827.625,0.488000005,250.7669983,43.12
CUST_13B712B98DD48D9D707000784BA555A2,PART_012C41EC3774276BB02E78F7C0D99F43,8/19/2024,1,1,8053864.2,4,43.12,19.62,23.5,13.42000008,1.110000014,113.6449966,273639.375,0.486000001,251.2720032,43.12
CUST_13B712B98DD48D9D707000784BA555A2,PART_012C41EC3774276BB02E78F7C0D99F43,8/26/2024,1,1,8048728.45,1,10.78,4.905,5.875,13.89999962,1.105999947,113.3519974,273375.875,0.48300001,251.9799957,10.78
CUST_13B712B98DD48D9D707000784BA555A2,PART_012C41EC3774276BB02E78F7C0D99F43,9/2/2024,1,1,8040121.9,2,21.56,9.81,11.75,14.42000008,1.100999951,113.1299973,273249.1563,0.479000002,252.5859985,21.56
CUST_13B712B98DD48D9D707000784BA555A2,PART_012C41EC3774276BB02E78F7C0D99F43,9/3/2024,1,1,8040979.05,6,64.68,29.43,35.25,14.5,1.100999951,113.1600037,273348.3438,0.479000002,252.5859985,64.68
CUST_13B712B98DD48D9D707000784BA555A2,PART_012C41EC3774276BB02E78F7C0D99F43,9/12/2024,1,1,8079489.05,5,53.9,24.525,29.375,15.30000019,1.093999982,113.4300003,274240.8438,0.474000007,252.5859985,53.9
CUST_13B712B98DD48D9D707000784BA555A2,PART_012C41EC3774276BB02E78F7C0D99F43,9/16/2024,1,1,8054598.23,7,75.46,34.335,41.125,15.64999962,1.092000008,113.5500031,274637.5,0.472000003,252.5859985,75.46
CUST_13B712B98DD48D9D707000784BA555A2,PART_012C41EC3774276BB02E78F7C0D99F43,9/23/2024,1,1,8038113.92,4,43.12,19.62,23.5,16.26000023,1.087000012,113.7600021,275331.6563,0.467999995,252.5859985,43.12
CUST_13B712B98DD48D9D707000784BA555A2,PART_012C41EC3774276BB02E78F7C0D99F43,10/7/2024,1,1,8174194.29,2,21.56,9.81,11.75,16.45000076,1.082000017,113.8059998,275794.4063,0.469000012,252.5939941,21.56
CUST_13B712B98DD48D9D707000784BA555A2,PART_012C41EC3774276BB02E78F7C0D99F43,10/8/2024,1,1,8208854.8,4,43.12,19.62,23.5,16.38999939,1.082000017,113.7740021,275739.3125,0.469999999,252.5950012,43.12
CUST_13B712B98DD48D9D707000784BA555A2,PART_012C41EC3774276BB02E78F7C0D99F43,10/14/2024,1,1,8143592.09,4,43.12,19.62,23.5,16.03000069,1.082999945,113.5810013,275408.75,0.474999994,252.6029968,43.12
CUST_13B712B98DD48D9D707000784BA555A2,PART_012C41EC3774276BB02E78F7C0D99F43,10/15/2024,1,1,8166895.41,5,53.9,24.525,29.375,15.97000027,1.082999945,113.5479965,275353.6563,0.476000011,252.6040039,53.9
CUST_13B712B98DD48D9D707000784BA555A2,PART_012C41EC3774276BB02E78F7C0D99F43,10/16/2024,1,1,8144765.62,3,32.34,14.715,17.625,15.89999962,1.082999945,113.5159988,275298.5625,0.476999998,252.6049957,32.34
CUST_13B712B98DD48D9D707000784BA555A2,PART_012C41EC3774276BB02E78F7C0D99F43,11/6/2024,1,1,7996576.27,5,53.9,24.525,29.375,15.43999958,1.072999954,112.9329987,274701,0.486000001,252.6490021,53.9
CUST_13B712B98DD48D9D707000784BA555A2,PART_012C41EC3774276BB02E78F7C0D99F43,11/12/2024,1,1,7995302.41,4,43.12,19.62,23.5,15.88000011,1.057000041,112.8529968,275041.8125,0.479999989,252.6759949,43.12
CUST_13B712B98DD48D9D707000784BA555A2,PART_012C41EC3774276BB02E78F7C0D99F43,11/13/2024,1,1,8007917.68,5,53.9,24.525,29.375,15.96000004,1.05400002,112.8399963,275098.5938,0.479000002,252.6799927,53.9
CUST_13B712B98DD48D9D707000784BA555A2,PART_012C41EC3774276BB02E78F7C0D99F43,11/14/2024,1,1,7986444.94,0,0,0,0,16.03000069,1.052000046,112.8270035,275155.4063,0.477999985,252.6849976,0
CUST_13B712B98DD48D9D707000784BA555A2,PART_012C41EC3774276BB02E78F7C0D99F43,11/19/2024,1,1,7971836.69,3,32.34,14.715,17.625,16.39999962,1.039000034,112.7600021,275439.4063,0.47299999,252.7079926,32.34
CUST_13B712B98DD48D9D707000784BA555A2,PART_012C41EC3774276BB02E78F7C0D99F43,11/22/2024,1,1,7982717.95,4,43.12,19.62,23.5,16.62999916,1.031000018,112.7200012,275609.8125,0.469999999,252.720993,43.12
CUST_13B712B98DD48D9D707000784BA555A2,PART_012C41EC3774276BB02E78F7C0D99F43,12/5/2024,1,1,7970001,1,10.78,4.905,5.875,16.81999969,1,112.5350037,276109.25,0.463,252.7610016,10.78
CUST_13B712B98DD48D9D707000784BA555A2,PART_012C41EC3774276BB02E78F7C0D99F43,12/10/2024,1,1,7934499.95,5,53.9,24.525,29.375,16.43000031,0.991999984,112.4550018,276094.5938,0.465000004,252.7590027,53.9
CUST_13B712B98DD48D9D707000784BA555A2,PART_012C41EC3774276BB02E78F7C0D99F43,12/16/2024,1,1,7870205.29,4,43.12,19.62,23.5,15.94999981,0.981000006,112.3580017,276076.9688,0.467000008,252.7579956,43.12
CUST_13B712B98DD48D9D707000784BA555A2,PART_012C41EC3774276BB02E78F7C0D99F43,12/20/2024,1,1,7917190.56,5,53.9,24.525,29.375,15.63000011,0.975000024,112.2939987,276065.2188,0.469000012,252.7559967,53.9
CUST_13B712B98DD48D9D707000784BA555A2,PART_012C41EC3774276BB02E78F7C0D99F43,12/30/2024,1,1,7884893.22,8,86.24,39.24,47,14.84000015,0.957000017,112.1320038,276035.875,0.47299999,252.7539978,86.24
CUST_13B712B98DD48D9D707000784BA555A2,PART_012C41EC3774276BB02E78F7C0D99F43,12/31/2024,1,1,7923144.29,6,64.68,29.43,35.25,14.76000023,0.95599997,112.1159973,276032.9375,0.474000007,252.753006,64.68
CUST_13B712B98DD48D9D707000784BA555A2,PART_012C41EC3774276BB02E78F7C0D99F43,1/6/2025,1,1,7862963.77,2,21.56,9.81,11.75,15.21000004,0.970000029,112.3899994,275779.6875,0.469000012,252.8609924,21.56
CUST_13B712B98DD48D9D707000784BA555A2,PART_012C41EC3774276BB02E78F7C0D99F43,1/8/2025,1,1,7870508.96,2,21.56,9.81,11.75,15.36999989,0.976999998,112.5059967,275679.5625,0.467999995,252.904007,21.56
CUST_13B712B98DD48D9D707000784BA555A2,PART_012C41EC3774276BB02E78F7C0D99F43,1/30/2025,1,1,7820158.7,4,51.96,19.62,23.5,17.03000069,1.047999978,113.7839966,274578.125,0.448000014,253.3800049,43.12
CUST_13B712B98DD48D9D707000784BA555A2,PART_012C41EC3774276BB02E78F7C0D99F43,2/11/2025,1,1,7748720.26,4,51.96,19.62,23.5,16.35000038,1.05400002,113.7929993,275467.6563,0.449999988,253.7019958,43.12
CUST_13B712B98DD48D9D707000784BA555A2,PART_012C41EC3774276BB02E78F7C0D99F43,2/13/2025,1,1,7702499.35,2,25.98,9.81,11.75,16.20999908,1.05400002,113.7710037,275665.5625,0.451000005,253.7579956,21.56
CUST_13B712B98DD48D9D707000784BA555A2,PART_012C41EC3774276BB02E78F7C0D99F43,2/14/2025,1,1,7638585.95,0,0,0,0,16.13999939,1.05400002,113.7610016,275764.5313,0.451999992,253.7859955,0
CUST_13B712B98DD48D9D707000784BA555A2,PART_012C41EC3774276BB02E78F7C0D99F43,2/17/2025,1,1,7587607.94,1,12.99,4.905,5.875,15.93999958,1.05400002,113.7289963,276061.4375,0.453000009,253.8699951,10.78
CUST_13B712B98DD48D9D707000784BA555A2,PART_012C41EC3774276BB02E78F7C0D99F43,2/19/2025,1,1,7633201.02,9,116.91,44.145,52.875,15.80000019,1.05400002,113.7070007,276259.3438,0.453999996,253.9259949,97.02
CUST_13B712B98DD48D9D707000784BA555A2,PART_012C41EC3774276BB02E78F7C0D99F43,2/24/2025,1,1,7601711.39,4,51.96,19.62,23.5,15.46000004,1.05400002,113.6539993,276754.1875,0.456,254.0650024,43.12
CUST_13B712B98DD48D9D707000784BA555A2,PART_012C41EC3774276BB02E78F7C0D99F43,2/27/2025,1,1,7603281.34,2,25.98,9.81,11.75,15.25,1.05400002,113.6210022,277051.0625,0.456999987,254.1490021,21.56
CUST_13B712B98DD48D9D707000784BA555A2,PART_012C41EC3774276BB02E78F7C0D99F43,3/3/2025,1,1,7560376.54,2,25.98,9.81,11.75,15.31000042,1.05400002,113.612999,277302.1563,0.458000004,254.2089996,21.56
CUST_13B712B98DD48D9D707000784BA555A2,PART_012C41EC3774276BB02E78F7C0D99F43,3/17/2025,1,1,7433322.84,9,116.91,44.145,52.875,15.89999962,1.055999994,113.7030029,277674.2813,0.453999996,254.2400055,97.02
CUST_13B712B98DD48D9D707000784BA555A2,PART_012C41EC3774276BB02E78F7C0D99F43,3/31/2025,1,1,7273704.65,4,51.96,19.62,23.5,16.48999977,1.057999969,113.7939987,278046.4063,0.451000005,254.2709961,43.12
CUST_13B712B98DD48D9D707000784BA555A2,PART_012C41EC3774276BB02E78F7C0D99F43,4/8/2025,1,1,7238093.24,7,90.93,41.209,34.251,17.69000053,1.057000041,113.7529984,277724.4063,0.451999992,254.2810059,75.46
CUST_13B712B98DD48D9D707000784BA555A2,PART_012C41EC3774276BB02E78F7C0D99F43,4/10/2025,1,1,7214707.99,5,64.95,29.435,24.465,17.98999977,1.057000041,113.7399979,277624.8125,0.451999992,254.2839966,53.9
CUST_13B712B98DD48D9D707000784BA555A2,PART_012C41EC3774276BB02E78F7C0D99F43,4/11/2025,1,1,7211329.56,3,38.97,17.661,14.679,18.13999939,1.057000041,113.7330017,277575,0.451999992,254.2850037,32.34
CUST_13B712B98DD48D9D707000784BA555A2,PART_012C41EC3774276BB02E78F7C0D99F43,4/14/2025,1,1,7182145.38,3,38.97,17.661,14.679,18.59000015,1.055999994,113.7129974,277425.5938,0.451999992,254.2879944,32.34
CUST_13B712B98DD48D9D707000784BA555A2,PART_012C41EC3774276BB02E78F7C0D99F43,5/9/2025,1,1,7005767.04,3,38.97,17.661,14.679,21.28000069,1.052999973,113.5230026,276520.1563,0.453999996,254.3139954,32.34
CUST_13B712B98DD48D9D707000784BA555A2,PART_012C41EC3774276BB02E78F7C0D99F43,6/4/2025,1,1,6825149.93,1,12.99,5.887,4.893,21.45999908,1.049999952,113.3799973,276492.1875,0.449999988,254.3320007,10.78
CUST_13B712B98DD48D9D707000784BA555A2,PART_012C41EC3774276BB02E78F7C0D99F43,6/5/2025,1,1,6843584.06,3,38.97,17.661,14.679,21.31999969,1.049000025,113.4069977,276539.2813,0.449000001,254.3320007,32.34
CUST_13B712B98DD48D9D707000784BA555A2,PART_012C41EC3774276BB02E78F7C0D99F43,6/6/2025,1,1,6833679.04,4,51.96,23.548,19.572,21.19000053,1.049000025,113.4329987,276586.3438,0.448000014,254.3320007,43.12
CUST_13B712B98DD48D9D707000784BA555A2,PART_012C41EC3774276BB02E78F7C0D99F43,6/11/2025,1,1,6848270.24,0,0,0,0,20.52000046,1.046000004,113.5670013,276821.6563,0.442999989,254.3320007,0
CUST_13B712B98DD48D9D707000784BA555A2,PART_012C41EC3774276BB02E78F7C0D99F43,6/12/2025,1,1,6837961.95,4,51.96,23.548,23.852,20.38999939,1.044999957,113.5930023,276868.7188,0.442000002,254.3320007,47.4
CUST_13B712B98DD48D9D707000784BA555A2,PART_012C41EC3774276BB02E78F7C0D99F43,6/16/2025,1,1,6799224.52,2,25.98,11.774,14.066,19.85000038,1.042999983,113.6999969,277057,0.437999994,254.3320007,25.84
CUST_13B712B98DD48D9D707000784BA555A2,PART_012C41EC3774276BB02E78F7C0D99F43,6/17/2025,1,1,6830366.34,2,25.98,11.774,14.066,19.71999931,1.042000055,113.7269974,277104.0625,0.43599999,254.3320007,25.84
CUST_13B712B98DD48D9D707000784BA555A2,PART_012C41EC3774276BB02E78F7C0D99F43,6/18/2025,1,1,6799849.39,1,12.99,5.887,7.033,19.57999992,1.041000009,113.7529984,277151.125,0.435000002,254.3320007,12.92
CUST_13B712B98DD48D9D707000784BA555A2,PART_012C41EC3774276BB02E78F7C0D99F43,6/19/2025,1,1,6795716.62,4,51.96,23.548,28.132,19.45000076,1.041000009,113.7799988,277198.1875,0.433999985,254.3320007,51.68
CUST_13B712B98DD48D9D707000784BA555A2,PART_012C41EC3774276BB02E78F7C0D99F43,6/23/2025,1,1,6753014.87,3,38.97,17.661,21.099,18.92000008,1.037999988,113.887001,277386.4688,0.430000007,254.3320007,38.76
CUST_13B712B98DD48D9D707000784BA555A2,PART_012C41EC3774276BB02E78F7C0D99F43,6/24/2025,1,1,6782201.83,2,25.98,11.774,14.066,18.78000069,1.036999941,113.913002,277433.5313,0.42899999,254.3320007,25.84
CUST_13B712B98DD48D9D707000784BA555A2,PART_012C41EC3774276BB02E78F7C0D99F43,6/25/2025,1,1,6779775.82,1,12.99,5.887,7.033,18.64999962,1.036999941,113.9400024,277480.5938,0.428000003,254.3320007,12.92
CUST_13B712B98DD48D9D707000784BA555A2,PART_012C41EC3774276BB02E78F7C0D99F43,6/27/2025,1,1,6787965.69,6,77.94,39.207,38.313,18.37999916,1.036000013,113.9929962,277574.7188,0.425999999,254.3320007,77.52
CUST_13B712B98DD48D9D707000784BA555A2,PART_012C41EC3774276BB02E78F7C0D99F43,7/4/2025,1,1,6799914.78,1,12.99,7.182,5.738,18.54000092,1.031000018,114.177002,277748,0.419999987,254.3890076,12.92
CUST_13B712B98DD48D9D707000784BA555A2,PART_012C41EC3774276BB02E78F7C0D99F43,7/7/2025,1,1,6763782.05,2,25.98,14.364,11.476,18.95999908,1.029999971,114.2549973,277733,0.418000013,254.4459991,25.84
CUST_13B712B98DD48D9D707000784BA555A2,PART_012C41EC3774276BB02E78F7C0D99F43,7/8/2025,1,1,6804932.53,0,0,0,2.14,19.10000038,1.029000044,114.2809982,277728,0.416999996,254.4649963,2.14
CUST_13B712B98DD48D9D707000784BA555A2,PART_012C41EC3774276BB02E78F7C0D99F43,7/28/2025,1,1,6730601.16,1,12.99,7.182,5.738,21.90999985,1.019000053,114.7969971,277628,0.402999997,254.8470001,12.92
CUST_13B712B98DD48D9D707000784BA555A2,PART_012C41EC3774276BB02E78F7C0D99F43,8/5/2025,1,1,6796706.57,4,52.76,28.728,18.312,21.73999977,1.019999981,114.7580032,277677.4063,0.398000002,255.0879974,47.04
CUST_13B712B98DD48D9D707000784BA555A2,PART_012C41EC3774276BB02E78F7C0D99F43,8/15/2025,1,1,6781863.6,2,26.38,14.364,9.156,20.54999924,1.027999997,114.4029999,277850.9688,0.39199999,255.5019989,23.52
CUST_13B712B98DD48D9D707000784BA555A2,PART_012C41EC3774276BB02E78F7C0D99F43,8/25/2025,1,1,6731998.58,1,13.19,7.182,4.578,19.36000061,1.036000013,114.0479965,278024.5313,0.386999995,255.9160004,11.76
CUST_13B712B98DD48D9D707000784BA555A2,PART_012C41EC3774276BB02E78F7C0D99F43,8/29/2025,1,1,6733724.8,2,26.38,14.364,9.156,18.88999939,1.039999962,113.9059982,278093.9375,0.38499999,256.0809937,23.52
CUST_13B712B98DD48D9D707000784BA555A2,PART_012C41EC3774276BB02E78F7C0D99F43,9/1/2025,1,1,6713086.96,1,13.19,7.182,4.578,18.77000046,1.042000055,113.8000031,278146,0.382999986,256.2049866,11.76
CUST_13B712B98DD48D9D707000784BA555A2,PART_012C41EC3774276BB02E78F7C0D99F43,9/5/2025,1,1,6713821.83,2,26.38,14.364,9.156,19.22999954,1.036000013,113.586998,278079.1875,0.377000004,256.2049866,23.52
CUST_13B712B98DD48D9D707000784BA555A2,PART_012C41EC3774276BB02E78F7C0D99F43,9/18/2025,1,1,6665083.78,7,92.33,50.274,32.046,20.72999954,1.01699996,112.8929977,277862.0938,0.35800001,256.2049866,82.32
CUST_13B712B98DD48D9D707000784BA555A2,PART_012C41EC3774276BB02E78F7C0D99F43,9/19/2025,1,1,6681811.79,1,13.19,7.182,4.578,20.85000038,1.014999986,112.8399963,277845.4063,0.356999993,256.2049866,11.76
CUST_13B712B98DD48D9D707000784BA555A2,PART_25F3874B96DA8E29F040CD54AC9B9893,1/2/2023,1,0,9232.21,2,55.82,23.174,17.126,0,1.125,116.8030014,275618.3125,0.504999995,244.2140045,40.3
CUST_13B712B98DD48D9D707000784BA555A2,PART_25F3874B96DA8E29F040CD54AC9B9893,1/3/2023,1,0,21740.19,6,167.46,69.522,51.378,0,1.126999974,116.8059998,275461.6563,0.504999995,244.2590027,120.9
CUST_13B712B98DD48D9D707000784BA555A2,PART_25F3874B96DA8E29F040CD54AC9B9893,1/9/2023,1,0,121743.84,5,139.55,57.935,42.815,0,1.13499999,116.8259964,274521.5938,0.508000016,244.5249939,100.75
CUST_13B712B98DD48D9D707000784BA555A2,PART_25F3874B96DA8E29F040CD54AC9B9893,1/19/2023,1,0,316562.62,4,112.68,46.348,34.252,0,1.149000049,116.8580017,272954.8125,0.513999999,244.9700012,80.6
CUST_13B712B98DD48D9D707000784BA555A2,PART_25F3874B96DA8E29F040CD54AC9B9893,1/20/2023,1,0,340537.85,20,563.4,231.74,171.26,0,1.149999976,116.8610001,272798.125,0.513999999,245.0140076,403
CUST_13B712B98DD48D9D707000784BA555A2,PART_25F3874B96DA8E29F040CD54AC9B9893,1/26/2023,1,0,407044.26,5,140.8,57.935,42.815,0,1.159000039,116.8809967,271858.0625,0.518000007,245.2799988,100.75
CUST_13B712B98DD48D9D707000784BA555A2,PART_25F3874B96DA8E29F040CD54AC9B9893,1/31/2023,1,0,496151.64,6,169.02,69.522,51.378,0,1.166000009,116.8970032,271074.6875,0.519999981,245.503006,120.9
CUST_13B712B98DD48D9D707000784BA555A2,PART_25F3874B96DA8E29F040CD54AC9B9893,2/2/2023,1,0,549570.2,7,197.19,81.109,59.941,0,1.167000055,116.8180008,270832.6563,0.519999981,245.5469971,141.05
CUST_13B712B98DD48D9D707000784BA555A2,PART_25F3874B96DA8E29F040CD54AC9B9893,2/17/2023,1,0,842273.18,1,28.16,11.587,8.563,0,1.159999967,115.5859985,269552.2813,0.504999995,245.5529938,20.15
CUST_13B712B98DD48D9D707000784BA555A2,PART_25F3874B96DA8E29F040CD54AC9B9893,2/20/2023,1,0,855746.68,12,338,139.044,102.756,0,1.159000039,115.3389969,269296.2188,0.501999974,245.5540009,241.8
CUST_13B712B98DD48D9D707000784BA555A2,PART_25F3874B96DA8E29F040CD54AC9B9893,2/21/2023,1,0,887507.6,24,676.08,278.088,205.512,0,1.157999992,115.2570038,269210.8438,0.500999987,245.5540009,483.6
CUST_13B712B98DD48D9D707000784BA555A2,PART_25F3874B96DA8E29F040CD54AC9B9893,2/22/2023,1,0,907332.85,4,112.68,46.348,34.252,0,1.157999992,115.1750031,269125.5,0.5,245.5549927,80.6
CUST_13B712B98DD48D9D707000784BA555A2,PART_25F3874B96DA8E29F040CD54AC9B9893,2/23/2023,1,0,928541.52,14,394.24,162.218,119.882,0,1.157999992,115.0930023,269040.1563,0.499000013,245.5549927,282.1
CUST_13B712B98DD48D9D707000784BA555A2,PART_25F3874B96DA8E29F040CD54AC9B9893,3/2/2023,1,0,1033020.15,8,225.36,92.696,68.504,0,1.154999971,114.5810013,268601.75,0.495000005,245.5630035,161.2
CUST_13B712B98DD48D9D707000784BA555A2,PART_25F3874B96DA8E29F040CD54AC9B9893,3/10/2023,1,0,1166370.93,6,169.02,69.522,53.778,0,1.15199995,114.4260025,269191.6875,0.50999999,245.6109924,123.3
CUST_13B712B98DD48D9D707000784BA555A2,PART_25F3874B96DA8E29F040CD54AC9B9893,3/13/2023,1,0,1195309.86,6,168.96,69.522,53.778,0,1.151000023,114.3679962,269412.9063,0.514999986,245.6289978,123.3
CUST_13B712B98DD48D9D707000784BA555A2,PART_25F3874B96DA8E29F040CD54AC9B9893,3/21/2023,1,0,1340276.15,23,647.88,266.501,206.149,0,1.148000002,114.2129974,270002.8438,0.529999971,245.6779938,472.65
CUST_13B712B98DD48D9D707000784BA555A2,PART_25F3874B96DA8E29F040CD54AC9B9893,3/24/2023,1,0,1394527.71,20,563.4,231.74,179.26,0,1.146999955,114.1549988,270224.0625,0.536000013,245.6959991,411
CUST_13B712B98DD48D9D707000784BA555A2,PART_25F3874B96DA8E29F040CD54AC9B9893,3/27/2023,1,0,1419036.78,4,112.68,46.348,35.852,0,1.146000028,114.0970001,270445.2813,0.541999996,245.7140045,82.2
CUST_13B712B98DD48D9D707000784BA555A2,PART_25F3874B96DA8E29F040CD54AC9B9893,3/29/2023,1,0,1468878.5,6,169.02,69.522,53.778,0,1.144999981,114.0579987,270592.7813,0.545000017,245.7259979,123.3
CUST_13B712B98DD48D9D707000784BA555A2,PART_25F3874B96DA8E29F040CD54AC9B9893,3/30/2023,1,0,1507127.07,5,140.85,57.935,44.815,0,1.144999981,114.0390015,270666.5313,0.546999991,245.7319946,102.75
CUST_13B712B98DD48D9D707000784BA555A2,PART_25F3874B96DA8E29F040CD54AC9B9893,3/31/2023,1,0,1516267.88,4,112.68,46.348,35.852,0,1.144000053,114.0189972,270740.25,0.549000025,245.7380066,82.2
CUST_13B712B98DD48D9D707000784BA555A2,PART_25F3874B96DA8E29F040CD54AC9B9893,4/7/2023,1,0,1631733.03,12,338.04,139.044,107.556,0,1.148000002,113.9400024,270760.8125,0.549000025,245.8079987,246.6
CUST_13B712B98DD48D9D707000784BA555A2,PART_25F3874B96DA8E29F040CD54AC9B9893,4/11/2023,1,0,1668425.77,24,676.08,278.088,215.112,0,1.151000023,113.9000015,270725.3438,0.547999978,245.8500061,493.2
CUST_13B712B98DD48D9D707000784BA555A2,PART_25F3874B96DA8E29F040CD54AC9B9893,4/19/2023,1,0,1791103.66,25,704.25,289.675,224.075,0,1.156999946,113.8199997,270654.4063,0.545000017,245.9349976,513.75
CUST_13B712B98DD48D9D707000784BA555A2,PART_25F3874B96DA8E29F040CD54AC9B9893,4/20/2023,1,0,1809637.47,3,84.51,34.761,26.889,0,1.157999992,113.8099976,270645.5313,0.545000017,245.9459991,61.65
CUST_13B712B98DD48D9D707000784BA555A2,PART_25F3874B96DA8E29F040CD54AC9B9893,4/21/2023,1,0,1824833.23,2,56.34,14.434,26.666,0,1.159000039,113.8000031,270636.6563,0.54400003,245.9570007,41.1
CUST_13B712B98DD48D9D707000784BA555A2,PART_25F3874B96DA8E29F040CD54AC9B9893,5/2/2023,1,0,2003644.03,5,140.85,36.085,66.665,0,1.164999962,113.7160034,270540.0313,0.541000009,246.0870056,102.75
CUST_13B712B98DD48D9D707000784BA555A2,PART_25F3874B96DA8E29F040CD54AC9B9893,5/5/2023,1,0,2078700.52,4,112.68,28.868,53.332,0,1.164000034,113.7649994,270516.125,0.540000021,246.1589966,82.2
CUST_13B712B98DD48D9D707000784BA555A2,PART_25F3874B96DA8E29F040CD54AC9B9893,5/8/2023,1,0,2091051.86,5,140.85,36.085,66.665,0,1.161999941,113.8130035,270492.2188,0.540000021,246.2310028,102.75
CUST_13B712B98DD48D9D707000784BA555A2,PART_25F3874B96DA8E29F040CD54AC9B9893,5/10/2023,1,0,2139882.82,6,169.02,43.302,79.998,0,1.159999967,113.8450012,270476.2813,0.538999975,246.2779999,123.3
CUST_13B712B98DD48D9D707000784BA555A2,PART_25F3874B96DA8E29F040CD54AC9B9893,5/12/2023,1,0,2169207.9,4,112.68,28.868,53.332,0,1.159000039,113.8769989,270460.3438,0.538999975,246.326004,82.2
CUST_13B712B98DD48D9D707000784BA555A2,PART_25F3874B96DA8E29F040CD54AC9B9893,5/15/2023,1,0,2193459.55,4,112.68,28.868,53.332,0,1.156999946,113.9260025,270436.4375,0.537999988,246.397995,82.2
CUST_13B712B98DD48D9D707000784BA555A2,PART_25F3874B96DA8E29F040CD54AC9B9893,5/19/2023,1,0,2290652.79,22,619.74,158.774,293.326,0,1.154999971,113.9899979,270404.5938,0.537999988,246.4940033,452.1
CUST_13B712B98DD48D9D707000784BA555A2,PART_25F3874B96DA8E29F040CD54AC9B9893,5/22/2023,1,0,2311205.44,15,422.55,108.255,199.995,0,1.152999997,114.0390015,270380.6875,0.537,246.5659943,308.25
CUST_13B712B98DD48D9D707000784BA555A2,PART_25F3874B96DA8E29F040CD54AC9B9893,5/30/2023,1,0,2476688.18,4,112.68,28.868,53.332,0,1.148000002,114.1679993,270316.9375,0.535000026,246.7570038,82.2
CUST_13B712B98DD48D9D707000784BA555A2,PART_25F3874B96DA8E29F040CD54AC9B9893,5/31/2023,1,0,2500502.54,6,169.02,43.302,79.998,0,1.148000002,114.1839981,270308.9688,0.535000026,246.7810059,123.3
CUST_13B712B98DD48D9D707000784BA555A2,PART_25F3874B96DA8E29F040CD54AC9B9893,6/6/2023,1,0,2585055.83,5,140.85,36.085,66.665,0,1.143000007,114.3499985,270394.6563,0.531000018,246.9499969,102.75
CUST_13B712B98DD48D9D707000784BA555A2,PART_25F3874B96DA8E29F040CD54AC9B9893,6/7/2023,1,0,2610853.76,4,112.68,28.868,53.332,0,1.14199996,114.3799973,270413.4063,0.529999971,246.9790039,82.2
CUST_13B712B98DD48D9D707000784BA555A2,PART_25F3874B96DA8E29F040CD54AC9B9893,6/12/2023,1,0,2653918.99,24,428.88,173.208,255.672,0,1.138000011,114.5299988,270507.0625,0.526000023,247.1239929,428.88
CUST_13B712B98DD48D9D707000784BA555A2,PART_25F3874B96DA8E29F040CD54AC9B9893,6/23/2023,1,0,2869915.81,12,214.44,86.604,127.836,0,1.128999949,114.8600006,270713.125,0.51700002,247.4420013,214.44
CUST_13B712B98DD48D9D707000784BA555A2,PART_25F3874B96DA8E29F040CD54AC9B9893,6/26/2023,1,0,2889948.92,5,89.35,36.085,53.265,0,1.126000047,114.9499969,270769.3438,0.514999986,247.529007,89.35
CUST_13B712B98DD48D9D707000784BA555A2,PART_25F3874B96DA8E29F040CD54AC9B9893,7/4/2023,1,0,3028726.34,5,89.35,36.085,53.265,0,1.123999953,114.9940033,270900.3438,0.510999978,247.6750031,89.35
CUST_13B712B98DD48D9D707000784BA555A2,PART_25F3874B96DA8E29F040CD54AC9B9893,7/20/2023,1,0,3331603.88,23,411.01,165.991,245.019,0,1.13499999,114.4260025,271099.5938,0.513000011,247.6799927,411.01
CUST_13B712B98DD48D9D707000784BA555A2,PART_25F3874B96DA8E29F040CD54AC9B9893,7/21/2023,1,0,3357033.68,16,285.92,115.472,170.448,0,1.136000037,114.3899994,271112.0313,0.513000011,247.6799927,285.92
CUST_13B712B98DD48D9D707000784BA555A2,PART_25F3874B96DA8E29F040CD54AC9B9893,7/24/2023,1,0,3374422.9,15,268.05,108.255,159.795,0,1.138000011,114.2839966,271149.375,0.513000011,247.6809998,268.05
CUST_13B712B98DD48D9D707000784BA555A2,PART_25F3874B96DA8E29F040CD54AC9B9893,7/25/2023,1,0,3410309.59,1,17.87,7.217,10.653,0,1.138000011,114.2480011,271161.8438,0.513000011,247.6820068,17.87
CUST_13B712B98DD48D9D707000784BA555A2,PART_25F3874B96DA8E29F040CD54AC9B9893,7/26/2023,1,0,3434315.77,5,89.35,36.085,53.265,0,1.139000058,114.2129974,271174.2813,0.513000011,247.6820068,89.35
CUST_13B712B98DD48D9D707000784BA555A2,PART_25F3874B96DA8E29F040CD54AC9B9893,8/2/2023,1,0,3617870.93,14,250.18,101.038,149.142,0,1.144000053,114.0029984,271201.3125,0.513999999,247.697998,250.18
CUST_13B712B98DD48D9D707000784BA555A2,PART_25F3874B96DA8E29F040CD54AC9B9893,8/4/2023,1,0,3664105.21,10,178.7,72.17,106.53,0,1.144999981,114.0100021,271105.9688,0.513000011,247.7259979,178.7
CUST_13B712B98DD48D9D707000784BA555A2,PART_25F3874B96DA8E29F040CD54AC9B9893,8/7/2023,1,0,3680981.58,3,53.61,21.651,31.959,0,1.146999955,114.0189972,270962.9375,0.513000011,247.7680054,53.61
CUST_13B712B98DD48D9D707000784BA555A2,PART_25F3874B96DA8E29F040CD54AC9B9893,8/8/2023,1,0,3719823.72,10,178.7,72.17,106.53,0,1.148000002,114.0230026,270915.25,0.512000024,247.7819977,178.7
CUST_13B712B98DD48D9D707000784BA555A2,PART_25F3874B96DA8E29F040CD54AC9B9893,8/9/2023,1,0,3741613.1,12,214.44,86.604,127.836,0,1.148000002,114.026001,270867.5938,0.512000024,247.7969971,214.44
CUST_13B712B98DD48D9D707000784BA555A2,PART_25F3874B96DA8E29F040CD54AC9B9893,8/15/2023,1,0,3856848.54,4,71.48,28.868,42.612,0,1.15199995,114.0449982,270581.5313,0.510999978,247.8809967,71.48
CUST_13B712B98DD48D9D707000784BA555A2,PART_25F3874B96DA8E29F040CD54AC9B9893,9/5/2023,1,0,4239394.58,15,268.05,108.255,159.795,0,1.156000018,114.1269989,269639.2813,0.501999974,248.128006,268.05
CUST_13B712B98DD48D9D707000784BA555A2,PART_25F3874B96DA8E29F040CD54AC9B9893,9/7/2023,1,0,4323713.44,6,107.22,43.302,63.918,0,1.15199995,114.1399994,269573.4063,0.499000013,248.1320038,107.22
CUST_13B712B98DD48D9D707000784BA555A2,PART_25F3874B96DA8E29F040CD54AC9B9893,9/11/2023,1,0,4374388.72,14,250.18,101.038,149.142,0,1.144999981,114.1669998,269441.6563,0.493999988,248.1390076,250.18
CUST_13B712B98DD48D9D707000784BA555A2,PART_25F3874B96DA8E29F040CD54AC9B9893,9/18/2023,1,0,4529142.77,10,178.7,72.17,106.53,0,1.131999969,114.2129974,269211.125,0.485000014,248.1529999,178.7
CUST_13B712B98DD48D9D707000784BA555A2,PART_25F3874B96DA8E29F040CD54AC9B9893,9/29/2023,1,0,4831607.33,4,71.48,28.868,42.612,0,1.111999989,114.2870026,268848.875,0.472000003,248.173996,71.48
CUST_13B712B98DD48D9D707000784BA555A2,PART_25F3874B96DA8E29F040CD54AC9B9893,10/6/2023,1,0,4986559.58,6,107.22,43.302,63.918,0,1.105999947,114.2030029,269085.25,0.469999999,248.1950073,107.22
CUST_13B712B98DD48D9D707000784BA555A2,PART_25F3874B96DA8E29F040CD54AC9B9893,10/10/2023,1,0,5109447.38,20,357.4,144.34,213.06,0,1.103999972,114.1259995,269327.0625,0.469999999,248.2079926,357.4
CUST_13B712B98DD48D9D707000784BA555A2,PART_25F3874B96DA8E29F040CD54AC9B9893,10/12/2023,1,0,5157798.81,16,285.92,115.472,170.448,0,1.103000045,114.086998,269447.9688,0.470999986,248.2149963,285.92
CUST_13B712B98DD48D9D707000784BA555A2,PART_25F3874B96DA8E29F040CD54AC9B9893,10/16/2023,1,0,5229860.82,4,71.48,28.868,42.612,0,1.100999951,114.0100021,269689.7813,0.470999986,248.2290039,71.48
CUST_13B712B98DD48D9D707000784BA555A2,PART_25F3874B96DA8E29F040CD54AC9B9893,10/26/2023,1,0,5513763.82,6,107.22,43.302,63.918,0,1.097000003,113.8160019,270294.2813,0.47299999,248.2630005,107.22
CUST_13B712B98DD48D9D707000784BA555A2,PART_25F3874B96DA8E29F040CD54AC9B9893,10/31/2023,1,0,5708413.5,10,178.7,72.17,106.53,0,1.093999982,113.7190018,270596.5625,0.474000007,248.2799988,178.7
CUST_13B712B98DD48D9D707000784BA555A2,PART_25F3874B96DA8E29F040CD54AC9B9893,11/2/2023,1,0,5736358.97,6,107.22,43.302,63.918,0,1.093000054,113.7770004,270650.8125,0.474000007,248.2870026,107.22
CUST_13B712B98DD48D9D707000784BA555A2,PART_25F3874B96DA8E29F040CD54AC9B9893,11/6/2023,1,0,5798786.74,5,89.35,36.085,53.265,0,1.090999961,114.0830002,270626,0.476000011,248.3049927,89.35
CUST_13B712B98DD48D9D707000784BA555A2,PART_25F3874B96DA8E29F040CD54AC9B9893,11/7/2023,1,0,5831584.48,22,393.14,158.774,234.366,0,1.090999961,114.1600037,270619.8125,0.476999998,248.3090057,393.14
CUST_13B712B98DD48D9D707000784BA555A2,PART_25F3874B96DA8E29F040CD54AC9B9893,11/9/2023,1,0,5908380.42,4,71.48,28.868,42.612,0,1.088999987,114.3130035,270607.4063,0.476999998,248.3179932,71.48
CUST_13B712B98DD48D9D707000784BA555A2,PART_25F3874B96DA8E29F040CD54AC9B9893,11/20/2023,1,0,6114768.85,6,107.22,43.302,63.918,0,1.082999945,115.1569977,270539.1875,0.481999993,248.3650055,107.22
CUST_13B712B98DD48D9D707000784BA555A2,PART_25F3874B96DA8E29F040CD54AC9B9893,11/27/2023,1,0,6204824.79,4,71.48,28.868,42.612,0,1.078999996,115.6930008,270495.8125,0.485000014,248.3959961,71.48
CUST_13B712B98DD48D9D707000784BA555A2,PART_25F3874B96DA8E29F040CD54AC9B9893,11/29/2023,1,0,6266006.88,6,107.22,43.302,63.918,0,1.077999949,115.8470001,270483.4063,0.486000001,248.404007,107.22
CUST_13B712B98DD48D9D707000784BA555A2,PART_25F3874B96DA8E29F040CD54AC9B9893,12/4/2023,1,0,6364434.45,10,178.7,72.17,106.53,0,1.072999954,115.5739975,270688.3438,0.488000005,248.5549927,178.7
CUST_13B712B98DD48D9D707000784BA555A2,PART_25F3874B96DA8E29F040CD54AC9B9893,12/5/2023,1,0,6408592.54,5,89.35,36.085,53.265,0,1.072000027,115.4319992,270760.8125,0.488000005,248.602005,89.35
CUST_13B712B98DD48D9D707000784BA555A2,PART_25F3874B96DA8E29F040CD54AC9B9893,12/11/2023,1,0,6546268.76,9,160.83,64.953,95.877,0,1.065000057,114.5810013,271195.5313,0.488999993,248.8849945,160.83
CUST_13B712B98DD48D9D707000784BA555A2,PART_25F3874B96DA8E29F040CD54AC9B9893,12/12/2023,1,0,6604746.3,15,268.05,108.255,159.795,0,1.06400001,114.439003,271267.9688,0.488999993,248.9320068,268.05
CUST_13B712B98DD48D9D707000784BA555A2,PART_25F3874B96DA8E29F040CD54AC9B9893,12/13/2023,1,0,6633720.49,2,35.74,14.434,21.306,0,1.062000036,114.2969971,271340.4063,0.488999993,248.9790039,35.74
CUST_13B712B98DD48D9D707000784BA555A2,PART_25F3874B96DA8E29F040CD54AC9B9893,12/19/2023,1,0,6703024.83,9,160.83,64.953,95.877,0,1.054999948,113.4449997,271775.125,0.49000001,249.2619934,160.83
CUST_13B712B98DD48D9D707000784BA555A2,PART_25F3874B96DA8E29F040CD54AC9B9893,12/26/2023,1,0,6819592.5,11,196.57,79.387,117.183,0,1.046000004,112.4520035,272282.2813,0.492000014,249.5930023,196.57
CUST_13B712B98DD48D9D707000784BA555A2,PART_25F3874B96DA8E29F040CD54AC9B9893,12/27/2023,1,0,6835504.68,8,142.96,57.736,85.224,0,1.044999957,112.3099976,272354.75,0.492000014,249.6399994,142.96
CUST_13B712B98DD48D9D707000784BA555A2,PART_25F3874B96DA8E29F040CD54AC9B9893,12/28/2023,1,0,6874953.28,2,35.74,14.434,21.306,0,1.04400003,112.1679993,272427.1875,0.492000014,249.6869965,35.74
CUST_13B712B98DD48D9D707000784BA555A2,PART_25F3874B96DA8E29F040CD54AC9B9893,12/29/2023,1,0,6904893.48,20,357.4,144.34,213.06,0,1.042999983,112.026001,272499.6563,0.492000014,249.7339935,357.4
CUST_13B712B98DD48D9D707000784BA555A2,PART_25F3874B96DA8E29F040CD54AC9B9893,1/3/2024,1,0,6966332.42,4,71.48,28.868,42.612,0,1.04400003,111.7549973,273029.375,0.493000001,249.8769989,71.48
CUST_13B712B98DD48D9D707000784BA555A2,PART_25F3874B96DA8E29F040CD54AC9B9893,1/4/2024,1,0,6958202.39,10,178.7,72.17,106.53,0,1.046000004,111.8320007,273185.5938,0.493000001,249.878006,178.7
CUST_13B712B98DD48D9D707000784BA555A2,PART_25F3874B96DA8E29F040CD54AC9B9893,1/11/2024,1,0,6984367.39,4,71.48,28.868,42.612,0,1.06400001,112.3740005,274278.9375,0.493999988,249.8820038,71.48
CUST_13B712B98DD48D9D707000784BA555A2,PART_25F3874B96DA8E29F040CD54AC9B9893,1/17/2024,1,0,7005749.86,17,303.79,122.689,181.101,0,1.077999949,112.8389969,275216.0938,0.495000005,249.8849945,303.79
CUST_13B712B98DD48D9D707000784BA555A2,PART_25F3874B96DA8E29F040CD54AC9B9893,1/22/2024,1,0,7035998.57,6,107.22,43.302,63.918,0,1.090000033,113.2259979,275997.0625,0.495000005,249.8880005,107.22
CUST_13B712B98DD48D9D707000784BA555A2,PART_25F3874B96DA8E29F040CD54AC9B9893,1/25/2024,1,0,7111368.84,10,178.7,72.17,106.53,0,1.09800005,113.4580002,276465.6563,0.495000005,249.8899994,178.7
CUST_13B712B98DD48D9D707000784BA555A2,PART_25F3874B96DA8E29F040CD54AC9B9893,1/26/2024,1,0,7120865.13,5,89.35,36.085,53.265,0,1.100000024,113.5350037,276621.8438,0.495000005,249.8910065,89.35
CUST_13B712B98DD48D9D707000784BA555A2,PART_25F3874B96DA8E29F040CD54AC9B9893,1/29/2024,1,0,7121083.09,9,160.83,64.953,95.877,0,1.10800004,113.7679977,277090.4063,0.495999992,249.8919983,160.83
CUST_13B712B98DD48D9D707000784BA555A2,PART_25F3874B96DA8E29F040CD54AC9B9893,1/30/2024,1,0,7172908.43,6,107.15,43.302,63.918,0,1.110000014,113.8450012,277246.625,0.495999992,249.8930054,107.22
CUST_13B712B98DD48D9D707000784BA555A2,PART_25F3874B96DA8E29F040CD54AC9B9893,2/6/2024,1,0,7220181.22,6,107.22,43.302,63.918,0,1.11500001,113.8450012,276848.3125,0.493999988,249.8999939,107.22
CUST_13B712B98DD48D9D707000784BA555A2,PART_25F3874B96DA8E29F040CD54AC9B9893,2/13/2024,1,0,7201740.24,0,0,0,0,0,1.113999963,113.6279984,275853.3438,0.49000001,249.9080048,0
CUST_13B712B98DD48D9D707000784BA555A2,PART_25F3874B96DA8E29F040CD54AC9B9893,2/15/2024,1,0,7260916.79,12,214.44,86.604,127.836,0,1.113999963,113.5660019,275569.0625,0.488999993,249.9100037,214.44
CUST_13B712B98DD48D9D707000784BA555A2,PART_25F3874B96DA8E29F040CD54AC9B9893,2/19/2024,1,0,7283182.98,22,392.92,158.774,234.366,0,1.113999963,113.4410019,275000.5313,0.486999989,249.9149933,393.14
CUST_13B712B98DD48D9D707000784BA555A2,PART_25F3874B96DA8E29F040CD54AC9B9893,2/21/2024,1,0,7318511.27,3,53.58,21.651,31.959,0,1.113999963,113.3789978,274716.25,0.486000001,249.9170074,53.61
CUST_13B712B98DD48D9D707000784BA555A2,PART_25F3874B96DA8E29F040CD54AC9B9893,2/26/2024,1,0,7347386.7,13,232.26,93.821,138.489,0,1.113000035,113.223999,274005.5625,0.483999997,249.9230042,232.31
CUST_13B712B98DD48D9D707000784BA555A2,PART_25F3874B96DA8E29F040CD54AC9B9893,2/27/2024,1,0,7401036.36,7,125.02,50.519,74.571,0,1.113000035,113.1930008,273863.4063,0.48300001,249.923996,125.09
CUST_13B712B98DD48D9D707000784BA555A2,PART_25F3874B96DA8E29F040CD54AC9B9893,3/6/2024,1,0,7438067.05,4,71.44,28.868,42.612,0,1.110999942,113.0999985,273598.4375,0.481999993,249.9360046,71.48
CUST_13B712B98DD48D9D707000784BA555A2,PART_25F3874B96DA8E29F040CD54AC9B9893,3/7/2024,1,0,7465751.88,7,125.02,50.519,74.571,0,1.110000014,113.0999985,273630.75,0.481999993,249.9380035,125.09
CUST_13B712B98DD48D9D707000784BA555A2,PART_25F3874B96DA8E29F040CD54AC9B9893,3/11/2024,1,0,7445987.13,10,178.66,72.17,106.53,0,1.10800004,113.0999985,273759.9063,0.481000006,249.9450073,178.7
CUST_13B712B98DD48D9D707000784BA555A2,PART_25F3874B96DA8E29F040CD54AC9B9893,3/14/2024,1,0,7499362.51,9,160.74,64.953,95.877,0,1.106999993,113.0999985,273856.7813,0.481000006,249.9499969,160.83
CUST_13B712B98DD48D9D707000784BA555A2,PART_25F3874B96DA8E29F040CD54AC9B9893,3/19/2024,1,0,7549170.73,0,0,0,0,0,1.103999972,113.0999985,274018.2188,0.481000006,249.9579926,0
CUST_13B712B98DD48D9D707000784BA555A2,PART_25F3874B96DA8E29F040CD54AC9B9893,3/20/2024,1,0,7567033.99,4,71.48,28.868,42.612,0,1.103999972,113.0999985,274050.5313,0.481000006,249.9600067,71.48
CUST_13B712B98DD48D9D707000784BA555A2,PART_25F3874B96DA8E29F040CD54AC9B9893,3/21/2024,1,0,7575289.69,2,35.72,14.434,21.306,0,1.103000045,113.0999985,274082.8125,0.481000006,249.9620056,35.74
CUST_13B712B98DD48D9D707000784BA555A2,PART_25F3874B96DA8E29F040CD54AC9B9893,3/22/2024,1,0,7591674.06,0,0,0,0,0,1.103000045,113.0999985,274115.0938,0.481000006,249.9629974,0
CUST_13B712B98DD48D9D707000784BA555A2,PART_25F3874B96DA8E29F040CD54AC9B9893,3/25/2024,1,0,7557132.65,11,196.52,79.387,117.183,0,1.100999951,113.0999985,274211.9688,0.479999989,249.9680023,196.57
CUST_13B712B98DD48D9D707000784BA555A2,PART_25F3874B96DA8E29F040CD54AC9B9893,3/27/2024,1,0,7592223.46,3,53.61,21.651,31.959,0,1.100000024,113.0999985,274276.5625,0.479999989,249.9720001,53.61
CUST_13B712B98DD48D9D707000784BA555A2,PART_25F3874B96DA8E29F040CD54AC9B9893,4/1/2024,1,0,7607300.25,7,117.04,50.519,66.521,0,1.09800005,113.0999985,274438,0.479999989,249.9799957,117.04
CUST_13B712B98DD48D9D707000784BA555A2,PART_25F3874B96DA8E29F040CD54AC9B9893,4/3/2024,1,0,7647767.86,10,167.2,72.17,95.03,0,1.09800005,113.2200012,274442.5313,0.479999989,249.9420013,167.2
CUST_13B712B98DD48D9D707000784BA555A2,PART_25F3874B96DA8E29F040CD54AC9B9893,4/4/2024,1,0,7664534.41,4,66.88,28.868,38.012,0,1.09800005,113.2799988,274444.8125,0.479000002,249.9230042,66.88
CUST_13B712B98DD48D9D707000784BA555A2,PART_25F3874B96DA8E29F040CD54AC9B9893,4/8/2024,1,0,7654766.45,22,367.84,158.774,209.066,0,1.09800005,113.5199966,274453.875,0.477999985,249.8470001,367.84
CUST_13B712B98DD48D9D707000784BA555A2,PART_25F3874B96DA8E29F040CD54AC9B9893,4/11/2024,1,0,7727170.06,6,100.32,43.302,57.018,0,1.09800005,113.6999969,274460.6563,0.477999985,249.7910004,100.32
CUST_13B712B98DD48D9D707000784BA555A2,PART_25F3874B96DA8E29F040CD54AC9B9893,4/15/2024,1,0,7708006.59,6,100.32,43.302,57.018,0,1.09800005,113.9400024,274469.7188,0.476999998,249.7149963,100.32
CUST_13B712B98DD48D9D707000784BA555A2,PART_25F3874B96DA8E29F040CD54AC9B9893,4/22/2024,1,0,7736781.38,11,183.92,79.387,104.533,0,1.09800005,114.3600006,274485.5938,0.474999994,249.5820007,183.92
CUST_13B712B98DD48D9D707000784BA555A2,PART_25F3874B96DA8E29F040CD54AC9B9893,4/24/2024,1,0,7770729.69,7,117.04,50.519,66.521,0,1.09800005,114.4800034,274490.125,0.474999994,249.5449982,117.04
CUST_13B712B98DD48D9D707000784BA555A2,PART_25F3874B96DA8E29F040CD54AC9B9893,4/25/2024,1,0,7765440.87,5,83.6,36.085,47.515,0,1.09800005,114.5400009,274492.4063,0.474000007,249.526001,83.6
CUST_13B712B98DD48D9D707000784BA555A2,PART_25F3874B96DA8E29F040CD54AC9B9893,4/29/2024,1,0,7789414.37,1,16.72,7.217,9.503,0,1.09800005,114.7799988,274501.4688,0.47299999,249.4499969,16.72
CUST_13B712B98DD48D9D707000784BA555A2,PART_25F3874B96DA8E29F040CD54AC9B9893,5/3/2024,1,0,7805467.03,6,100.32,43.302,57.018,0,1.097000003,114.8349991,274490.25,0.47299999,249.4129944,100.32
CUST_13B712B98DD48D9D707000784BA555A2,PART_25F3874B96DA8E29F040CD54AC9B9893,5/14/2024,1,0,7861255.01,16,267.52,115.472,152.048,0,1.090000033,114.4810028,274403.6875,0.469999999,249.4179993,267.52
CUST_13B712B98DD48D9D707000784BA555A2,PART_25F3874B96DA8E29F040CD54AC9B9893,5/15/2024,1,0,7858187.67,5,83.6,36.085,47.515,0,1.088999987,114.447998,274395.8125,0.469999999,249.4179993,83.6
CUST_13B712B98DD48D9D707000784BA555A2,PART_25F3874B96DA8E29F040CD54AC9B9893,5/21/2024,1,0,7884454.28,10,167.2,72.17,95.03,0,1.085000038,114.2549973,274348.5938,0.467999995,249.4210052,167.2
CUST_13B712B98DD48D9D707000784BA555A2,PART_25F3874B96DA8E29F040CD54AC9B9893,5/22/2024,1,0,7866364.99,4,66.88,28.868,38.012,0,1.083999991,114.2229996,274340.7188,0.467999995,249.4210052,66.88
CUST_13B712B98DD48D9D707000784BA555A2,PART_25F3874B96DA8E29F040CD54AC9B9893,5/23/2024,1,0,7837198.55,1,16.72,7.217,9.503,0,1.083999991,114.1900024,274332.8438,0.467999995,249.4219971,16.72
CUST_13B712B98DD48D9D707000784BA555A2,PART_25F3874B96DA8E29F040CD54AC9B9893,5/29/2024,1,0,7895249.46,12,200.64,86.604,114.036,0,1.080000043,113.9970016,274285.625,0.467000008,249.4250031,200.64
CUST_13B712B98DD48D9D707000784BA555A2,PART_25F3874B96DA8E29F040CD54AC9B9893,6/4/2024,1,0,7952371.39,10,188.28,72.17,106.53,0,1.08099997,113.8700027,274173.5938,0.469000012,249.4279938,178.7
CUST_13B712B98DD48D9D707000784BA555A2,PART_25F3874B96DA8E29F040CD54AC9B9893,6/5/2024,1,0,7957265.65,1,18.83,7.217,10.653,0,1.082000017,113.8600006,274144.125,0.469999999,249.4279938,17.87
CUST_13B712B98DD48D9D707000784BA555A2,PART_25F3874B96DA8E29F040CD54AC9B9893,6/6/2024,1,0,7956731.79,7,117.04,50.519,66.521,0,1.082999945,113.8499985,274114.6563,0.470999986,249.4290009,117.04
CUST_13B712B98DD48D9D707000784BA555A2,PART_25F3874B96DA8E29F040CD54AC9B9893,6/10/2024,1,0,7946539.94,6,112.92,43.302,63.918,0,1.088000059,113.8099976,273996.8125,0.474999994,249.4309998,107.22
CUST_13B712B98DD48D9D707000784BA555A2,PART_25F3874B96DA8E29F040CD54AC9B9893,6/11/2024,1,0,7969545.58,7,131.81,50.519,74.571,0,1.088999987,113.8000031,273967.3438,0.476000011,249.4309998,125.09
CUST_13B712B98DD48D9D707000784BA555A2,PART_25F3874B96DA8E29F040CD54AC9B9893,6/13/2024,1,0,7952793.6,10,188.2,72.17,106.53,0,1.090999961,113.7799988,273908.4063,0.477999985,249.4320068,178.7
CUST_13B712B98DD48D9D707000784BA555A2,PART_25F3874B96DA8E29F040CD54AC9B9893,6/27/2024,1,0,8008585.36,3,56.49,21.651,31.959,0,1.105999947,113.6399994,273495.875,0.490999997,249.4400024,53.61
CUST_13B712B98DD48D9D707000784BA555A2,PART_25F3874B96DA8E29F040CD54AC9B9893,7/1/2024,1,0,7988279.39,5,94.15,36.085,53.265,0,1.110000014,113.5999985,273378,0.495000005,249.4420013,89.35
CUST_13B712B98DD48D9D707000784BA555A2,PART_25F3874B96DA8E29F040CD54AC9B9893,7/2/2024,1,0,8002144.78,15,282.42,108.255,159.795,0,1.110000014,113.6259995,273408.2813,0.495000005,249.4420013,268.05
CUST_13B712B98DD48D9D707000784BA555A2,PART_25F3874B96DA8E29F040CD54AC9B9893,7/12/2024,1,0,8084286.98,12,225.96,86.604,127.836,0,1.113999963,113.8840027,273711.1875,0.495000005,249.4459991,214.44
CUST_13B712B98DD48D9D707000784BA555A2,PART_25F3874B96DA8E29F040CD54AC9B9893,7/16/2024,1,0,8092752.55,6,112.92,43.302,63.918,0,1.11500001,113.9869995,273832.3438,0.495000005,249.4470062,107.22
CUST_13B712B98DD48D9D707000784BA555A2,PART_25F3874B96DA8E29F040CD54AC9B9893,7/23/2024,1,0,8110209.19,6,112.98,43.302,63.918,0,1.118000031,114.1679993,274044.375,0.493999988,249.4499969,107.22
CUST_13B712B98DD48D9D707000784BA555A2,PART_25F3874B96DA8E29F040CD54AC9B9893,7/29/2024,1,0,8049460.51,4,75.28,28.868,42.612,0,1.120000005,114.322998,274226.125,0.493999988,249.4519958,71.48
CUST_13B712B98DD48D9D707000784BA555A2,PART_25F3874B96DA8E29F040CD54AC9B9893,8/1/2024,1,0,8038335.21,12,225.96,86.604,127.836,0,1.121000051,114.4000015,274317,0.493999988,249.4530029,214.44
CUST_13B712B98DD48D9D707000784BA555A2,PART_25F3874B96DA8E29F040CD54AC9B9893,8/6/2024,1,0,8063977.91,6,112.92,43.302,63.918,0,1.118000031,114.1900024,274128.7813,0.492000014,249.9579926,107.22
CUST_13B712B98DD48D9D707000784BA555A2,PART_25F3874B96DA8E29F040CD54AC9B9893,8/15/2024,1,0,8062963.97,2,37.66,14.434,21.306,0,1.111999989,113.8130035,273789.9688,0.488000005,250.8679962,35.74
CUST_13B712B98DD48D9D707000784BA555A2,PART_25F3874B96DA8E29F040CD54AC9B9893,8/20/2024,1,0,8098538.79,9,169.44,64.953,85.527,0,1.108999968,113.6029968,273601.75,0.485000014,251.3730011,150.48
CUST_13B712B98DD48D9D707000784BA555A2,PART_25F3874B96DA8E29F040CD54AC9B9893,8/21/2024,1,0,8093289.15,10,188.3,72.17,95.03,0,1.108999968,113.560997,273564.0938,0.485000014,251.473999,167.2
CUST_13B712B98DD48D9D707000784BA555A2,PART_25F3874B96DA8E29F040CD54AC9B9893,8/26/2024,1,0,8048728.45,1,18.82,7.217,9.503,0,1.105999947,113.3519974,273375.875,0.48300001,251.9799957,16.72
CUST_13B712B98DD48D9D707000784BA555A2,PART_25F3874B96DA8E29F040CD54AC9B9893,8/29/2024,1,0,8076693.17,20,376.55,144.34,190.06,0,1.103999972,113.2259979,273262.9375,0.481000006,252.2830048,334.4
CUST_13B712B98DD48D9D707000784BA555A2,PART_25F3874B96DA8E29F040CD54AC9B9893,9/6/2024,1,0,8101025.15,9,169.38,64.953,85.527,0,1.098999977,113.25,273645.8438,0.476999998,252.5859985,150.48
CUST_13B712B98DD48D9D707000784BA555A2,PART_25F3874B96DA8E29F040CD54AC9B9893,9/9/2024,1,0,8066526.47,21,395.34,151.557,199.563,0,1.095999956,113.3399963,273943.3438,0.476000011,252.5859985,351.12
CUST_13B712B98DD48D9D707000784BA555A2,PART_25F3874B96DA8E29F040CD54AC9B9893,9/10/2024,1,0,8092032.33,2,37.64,14.434,19.006,0,1.095999956,113.3700027,274042.5,0.474999994,252.5859985,33.44
CUST_13B712B98DD48D9D707000784BA555A2,PART_25F3874B96DA8E29F040CD54AC9B9893,9/11/2024,1,0,8073688.62,6,112.98,43.302,57.018,0,1.095000029,113.4000015,274141.6563,0.474999994,252.5859985,100.32
CUST_13B712B98DD48D9D707000784BA555A2,PART_25F3874B96DA8E29F040CD54AC9B9893,9/16/2024,1,0,8054598.23,3,56.49,21.651,28.509,0,1.092000008,113.5500031,274637.5,0.472000003,252.5859985,50.16
CUST_13B712B98DD48D9D707000784BA555A2,PART_25F3874B96DA8E29F040CD54AC9B9893,9/27/2024,1,0,8055511.49,4,75.28,28.868,38.012,0,1.083999991,113.8799973,275728.3438,0.465999991,252.5859985,66.88
CUST_13B712B98DD48D9D707000784BA555A2,PART_25F3874B96DA8E29F040CD54AC9B9893,9/30/2024,1,0,8044819.9,2,37.64,14.434,19.006,0,1.082000017,113.9700012,276025.8438,0.465000004,252.5859985,33.44
CUST_13B712B98DD48D9D707000784BA555A2,PART_25F3874B96DA8E29F040CD54AC9B9893,10/2/2024,1,0,8071411.94,12,225.96,86.604,114.036,0,1.08099997,113.9680023,276069.9063,0.465000004,252.5870056,200.64
CUST_13B712B98DD48D9D707000784BA555A2,PART_25F3874B96DA8E29F040CD54AC9B9893,10/7/2024,1,0,8174194.29,4,75.32,28.868,38.012,0,1.082000017,113.8059998,275794.4063,0.469000012,252.5939941,66.88
CUST_13B712B98DD48D9D707000784BA555A2,PART_25F3874B96DA8E29F040CD54AC9B9893,10/14/2024,1,0,8143592.09,19,357.61,137.123,180.557,0,1.082999945,113.5810013,275408.75,0.474999994,252.6029968,317.68
CUST_13B712B98DD48D9D707000784BA555A2,PART_25F3874B96DA8E29F040CD54AC9B9893,10/17/2024,1,0,8111969,4,75.28,28.868,38.012,0,1.083999991,113.4840012,275243.4375,0.477999985,252.6069946,66.88
CUST_13B712B98DD48D9D707000784BA555A2,PART_25F3874B96DA8E29F040CD54AC9B9893,10/23/2024,1,0,8054958.51,8,150.56,57.736,76.024,0,1.085000038,113.2900009,274912.875,0.48300001,252.6139984,133.76
CUST_13B712B98DD48D9D707000784BA555A2,PART_25F3874B96DA8E29F040CD54AC9B9893,10/25/2024,1,0,8052475.82,7,131.74,50.519,66.521,0,1.085000038,113.2259979,274802.6875,0.485000014,252.6170044,117.04
CUST_13B712B98DD48D9D707000784BA555A2,PART_25F3874B96DA8E29F040CD54AC9B9893,11/8/2024,1,0,7982354.51,1,18.82,7.217,9.503,0,1.067999959,112.9069977,274814.5938,0.483999997,252.6580048,16.72
CUST_13B712B98DD48D9D707000784BA555A2,PART_25F3874B96DA8E29F040CD54AC9B9893,11/13/2024,1,0,8007917.68,4,75.32,28.868,38.012,0,1.05400002,112.8399963,275098.5938,0.479000002,252.6799927,66.88
CUST_13B712B98DD48D9D707000784BA555A2,PART_25F3874B96DA8E29F040CD54AC9B9893,11/18/2024,1,0,7933021.28,5,94.1,36.085,47.515,0,1.041000009,112.7730026,275382.5938,0.474000007,252.7030029,83.6
CUST_13B712B98DD48D9D707000784BA555A2,PART_25F3874B96DA8E29F040CD54AC9B9893,11/21/2024,1,0,7961419.51,10,188.3,72.17,95.03,0,1.032999992,112.7330017,275553,0.470999986,252.7169952,167.2
CUST_13B712B98DD48D9D707000784BA555A2,PART_25F3874B96DA8E29F040CD54AC9B9893,11/25/2024,1,0,7988828.41,2,37.64,14.434,19.006,0,1.023000002,112.6800003,275780.1875,0.467000008,252.7350006,33.44
CUST_13B712B98DD48D9D707000784BA555A2,PART_25F3874B96DA8E29F040CD54AC9B9893,12/3/2024,1,0,7986778.66,30,564.9,216.51,285.09,0,1.003999949,112.5680008,276115.125,0.462000012,252.7610016,501.6
CUST_13B712B98DD48D9D707000784BA555A2,PART_25F3874B96DA8E29F040CD54AC9B9893,12/5/2024,1,0,7970001,7,131.74,50.519,66.521,0,1,112.5350037,276109.25,0.463,252.7610016,117.04
CUST_13B712B98DD48D9D707000784BA555A2,PART_25F3874B96DA8E29F040CD54AC9B9893,12/9/2024,1,0,7900986.18,4,75.32,28.868,38.012,0,0.992999971,112.4710007,276097.5313,0.463999987,252.7599945,66.88
CUST_13B712B98DD48D9D707000784BA555A2,PART_25F3874B96DA8E29F040CD54AC9B9893,12/10/2024,1,0,7934499.95,2,37.66,14.434,19.006,0,0.991999984,112.4550018,276094.5938,0.465000004,252.7590027,33.44
CUST_13B712B98DD48D9D707000784BA555A2,PART_25F3874B96DA8E29F040CD54AC9B9893,12/18/2024,1,0,7938070.53,10,188.2,72.17,95.03,0,0.977999985,112.3259964,276071.0938,0.467999995,252.7570038,167.2
CUST_13B712B98DD48D9D707000784BA555A2,PART_25F3874B96DA8E29F040CD54AC9B9893,12/23/2024,1,0,7908462.22,10,188.3,72.17,95.03,0,0.968999982,112.2450027,276056.4063,0.469999999,252.7559967,167.2
CUST_13B712B98DD48D9D707000784BA555A2,PART_25F3874B96DA8E29F040CD54AC9B9893,12/26/2024,1,0,7925308.79,3,56.49,21.651,28.509,0,0.963999987,112.1969986,276047.625,0.470999986,252.7550049,50.16
CUST_13B712B98DD48D9D707000784BA555A2,PART_25F3874B96DA8E29F040CD54AC9B9893,12/27/2024,1,0,7903702.79,3,56.46,21.651,48.519,0,0.963,112.1809998,276044.6875,0.472000003,252.7539978,70.17
CUST_13B712B98DD48D9D707000784BA555A2,PART_25F3874B96DA8E29F040CD54AC9B9893,1/7/2025,1,0,7892935.57,5,94.1,36.085,47.515,0,0.97299999,112.447998,275729.625,0.469000012,252.8829956,83.6
CUST_13B712B98DD48D9D707000784BA555A2,PART_25F3874B96DA8E29F040CD54AC9B9893,1/15/2025,1,0,7883164.93,10,188.3,72.17,95.03,0,0.999000013,112.913002,275329.0938,0.460999995,253.0559998,167.2
CUST_13B712B98DD48D9D707000784BA555A2,PART_25F3874B96DA8E29F040CD54AC9B9893,1/16/2025,1,0,7897933.53,5,94.11,36.085,47.515,0,1.001999974,112.9710007,275279.0313,0.460000008,253.0769958,83.6
CUST_13B712B98DD48D9D707000784BA555A2,PART_25F3874B96DA8E29F040CD54AC9B9893,1/23/2025,1,0,7859290.25,4,75.32,28.868,38.012,0,1.024999976,113.3769989,274928.5938,0.453999996,253.2279968,66.88
CUST_13B712B98DD48D9D707000784BA555A2,PART_25F3874B96DA8E29F040CD54AC9B9893,1/28/2025,1,0,7844784.03,4,75.28,28.868,38.012,0,1.041000009,113.6679993,274678.25,0.449999988,253.3370056,66.88
CUST_13B712B98DD48D9D707000784BA555A2,PART_25F3874B96DA8E29F040CD54AC9B9893,2/10/2025,1,0,7724949.41,8,150.64,57.736,76.024,0,1.05400002,113.8040009,275368.6875,0.449999988,253.673996,133.76
CUST_13B712B98DD48D9D707000784BA555A2,PART_25F3874B96DA8E29F040CD54AC9B9893,2/17/2025,1,0,7587607.94,15,283.35,116.49,134.31,0,1.05400002,113.7289963,276061.4375,0.453000009,253.8699951,250.8
CUST_13B712B98DD48D9D707000784BA555A2,PART_25F3874B96DA8E29F040CD54AC9B9893,2/19/2025,1,0,7633201.02,3,56.67,23.298,26.862,0,1.05400002,113.7070007,276259.3438,0.453999996,253.9259949,50.16
CUST_13B712B98DD48D9D707000784BA555A2,PART_25F3874B96DA8E29F040CD54AC9B9893,2/24/2025,1,0,7601711.39,2,37.78,15.532,17.908,0,1.05400002,113.6539993,276754.1875,0.456,254.0650024,33.44
CUST_13B712B98DD48D9D707000784BA555A2,PART_25F3874B96DA8E29F040CD54AC9B9893,2/27/2025,1,0,7603281.34,4,75.56,31.064,35.816,0,1.05400002,113.6210022,277051.0625,0.456999987,254.1490021,66.88
CUST_13B712B98DD48D9D707000784BA555A2,PART_25F3874B96DA8E29F040CD54AC9B9893,3/11/2025,1,0,7529241.96,2,37.78,16.63,16.81,0,1.054999948,113.6650009,277514.8125,0.456,254.227005,33.44
CUST_13B712B98DD48D9D707000784BA555A2,PART_25F3874B96DA8E29F040CD54AC9B9893,3/12/2025,1,0,7499003.15,25,472.25,207.875,210.125,0,1.054999948,113.6709976,277541.375,0.456,254.2290039,418
CUST_13B712B98DD48D9D707000784BA555A2,PART_25F3874B96DA8E29F040CD54AC9B9893,3/13/2025,1,0,7500064.75,10,188.9,83.15,84.05,0,1.055999994,113.677002,277567.9688,0.455000013,254.2310028,167.2
CUST_13B712B98DD48D9D707000784BA555A2,PART_25F3874B96DA8E29F040CD54AC9B9893,3/17/2025,1,0,7433322.84,2,37.78,16.63,16.81,0,1.055999994,113.7030029,277674.2813,0.453999996,254.2400055,33.44
CUST_13B712B98DD48D9D707000784BA555A2,PART_25F3874B96DA8E29F040CD54AC9B9893,3/20/2025,1,0,7398529.66,4,75.56,33.26,33.62,0,1.055999994,113.7229996,277754.0313,0.453999996,254.246994,66.88
CUST_13B712B98DD48D9D707000784BA555A2,PART_25F3874B96DA8E29F040CD54AC9B9893,3/24/2025,1,0,7371354.77,1,18.89,8.315,8.405,0,1.057000041,113.7480011,277860.3438,0.453000009,254.2550049,16.72
CUST_13B712B98DD48D9D707000784BA555A2,PART_25F3874B96DA8E29F040CD54AC9B9893,3/25/2025,1,0,7378505.84,6,113.34,49.89,50.43,0,1.057000041,113.7549973,277886.9375,0.453000009,254.2579956,100.32
CUST_13B712B98DD48D9D707000784BA555A2,PART_25F3874B96DA8E29F040CD54AC9B9893,3/31/2025,1,0,7273704.65,4,75.56,33.26,33.62,0,1.057999969,113.7939987,278046.4063,0.451000005,254.2709961,66.88
CUST_13B712B98DD48D9D707000784BA555A2,PART_25F3874B96DA8E29F040CD54AC9B9893,4/4/2025,1,0,7262684.36,2,37.78,16.63,16.81,0,1.057999969,113.7799988,277923.5938,0.451000005,254.2769928,33.44
CUST_13B712B98DD48D9D707000784BA555A2,PART_25F3874B96DA8E29F040CD54AC9B9893,4/14/2025,1,0,7182145.38,4,75.56,33.26,33.62,0,1.055999994,113.7129974,277425.5938,0.451999992,254.2879944,66.88
CUST_13B712B98DD48D9D707000784BA555A2,PART_25F3874B96DA8E29F040CD54AC9B9893,4/17/2025,1,0,7185101.84,7,132.23,58.205,58.835,0,1.055999994,113.6930008,277276.1875,0.453000009,254.2920074,117.04
CUST_13B712B98DD48D9D707000784BA555A2,PART_25F3874B96DA8E29F040CD54AC9B9893,4/21/2025,1,0,7113790.18,6,113.34,49.89,50.43,0,1.054999948,113.6669998,277077,0.453000009,254.2960052,100.32
CUST_13B712B98DD48D9D707000784BA555A2,PART_25F3874B96DA8E29F040CD54AC9B9893,4/23/2025,1,0,7103802.25,3,56.67,24.945,25.215,0,1.054999948,113.6529999,276977.4063,0.453000009,254.298996,50.16
CUST_13B712B98DD48D9D707000784BA555A2,PART_25F3874B96DA8E29F040CD54AC9B9893,4/29/2025,1,0,7089211.14,4,75.56,33.26,33.62,0,1.05400002,113.612999,276678.5938,0.453999996,254.3059998,66.88
CUST_13B712B98DD48D9D707000784BA555A2,PART_25F3874B96DA8E29F040CD54AC9B9893,5/8/2025,1,0,7011783.62,15,283.35,124.725,126.075,0,1.05400002,113.5319977,276527.5313,0.453999996,254.3130035,250.8
CUST_13B712B98DD48D9D707000784BA555A2,PART_25F3874B96DA8E29F040CD54AC9B9893,5/14/2025,1,0,6972815.35,6,113.34,49.89,50.43,0,1.052999973,113.473999,276483.375,0.453999996,254.3179932,100.32
CUST_13B712B98DD48D9D707000784BA555A2,PART_25F3874B96DA8E29F040CD54AC9B9893,5/15/2025,1,0,6963246.32,5,94.45,41.575,42.025,0,1.052999973,113.4649963,276476.0313,0.453999996,254.3190002,83.6
CUST_13B712B98DD48D9D707000784BA555A2,PART_25F3874B96DA8E29F040CD54AC9B9893,5/27/2025,1,0,6856078.46,10,211.9,88.64,78.56,0,1.052000046,113.3479996,276387.7813,0.453000009,254.3280029,167.2
CUST_13B712B98DD48D9D707000784BA555A2,PART_25F3874B96DA8E29F040CD54AC9B9893,5/29/2025,1,0,6864327.74,6,127.14,53.184,47.136,0,1.052000046,113.3290024,276373.0625,0.453000009,254.3300018,100.32
CUST_13B712B98DD48D9D707000784BA555A2,PART_25F3874B96DA8E29F040CD54AC9B9893,6/5/2025,1,0,6843584.06,2,42.38,17.728,20.052,0,1.049000025,113.4069977,276539.2813,0.449000001,254.3320007,37.78
CUST_13B712B98DD48D9D707000784BA555A2,PART_25F3874B96DA8E29F040CD54AC9B9893,6/6/2025,1,0,6833679.04,6,127.14,53.184,47.136,0,1.049000025,113.4329987,276586.3438,0.448000014,254.3320007,100.32
CUST_13B712B98DD48D9D707000784BA555A2,PART_25F3874B96DA8E29F040CD54AC9B9893,6/10/2025,1,0,6844992.85,5,105.95,44.32,50.13,0,1.046000004,113.5400009,276774.5938,0.444000006,254.3320007,94.45
CUST_13B712B98DD48D9D707000784BA555A2,PART_25F3874B96DA8E29F040CD54AC9B9893,6/13/2025,1,0,6825820.28,8,169.52,70.912,80.208,0,1.04400003,113.6200027,276915.8125,0.441000015,254.3320007,151.12
CUST_13B712B98DD48D9D707000784BA555A2,PART_25F3874B96DA8E29F040CD54AC9B9893,6/16/2025,1,0,6799224.52,20,423.8,177.28,200.52,0,1.042999983,113.6999969,277057,0.437999994,254.3320007,377.8
CUST_13B712B98DD48D9D707000784BA555A2,PART_25F3874B96DA8E29F040CD54AC9B9893,6/24/2025,1,0,6782201.83,3,63.57,26.592,30.078,0,1.036999941,113.913002,277433.5313,0.42899999,254.3320007,56.67
CUST_13B712B98DD48D9D707000784BA555A2,PART_25F3874B96DA8E29F040CD54AC9B9893,6/30/2025,1,0,6764663.35,6,127.14,53.184,60.156,0,1.034000039,114.072998,277715.9375,0.423000008,254.3320007,113.34
CUST_13B712B98DD48D9D707000784BA555A2,PART_25F3874B96DA8E29F040CD54AC9B9893,7/3/2025,1,0,6821034.98,3,63.57,26.592,30.078,0,1.031999946,114.1520004,277753,0.421000004,254.3699951,56.67
CUST_13B712B98DD48D9D707000784BA555A2,PART_25F3874B96DA8E29F040CD54AC9B9893,7/7/2025,1,0,6763782.05,3,63.57,26.592,30.078,0,1.029999971,114.2549973,277733,0.418000013,254.4459991,56.67
CUST_13B712B98DD48D9D707000784BA555A2,PART_25F3874B96DA8E29F040CD54AC9B9893,7/17/2025,1,0,6745777.24,3,63.57,26.592,30.078,0,1.024999976,114.5130005,277683,0.411000013,254.6369934,56.67
CUST_13B712B98DD48D9D707000784BA555A2,PART_25F3874B96DA8E29F040CD54AC9B9893,7/18/2025,1,0,6757110.59,10,211.9,88.64,100.26,0,1.024000049,114.5390015,277678,0.409999996,254.6560059,188.9
CUST_13B712B98DD48D9D707000784BA555A2,PART_25F3874B96DA8E29F040CD54AC9B9893,7/28/2025,1,0,6730601.16,18,381.42,159.552,180.468,0,1.019000053,114.7969971,277628,0.402999997,254.8470001,340.02
CUST_13B712B98DD48D9D707000784BA555A2,PART_25F3874B96DA8E29F040CD54AC9B9893,7/30/2025,1,0,6803442.32,2,42.38,17.728,20.052,0,1.018000007,114.8479996,277618,0.400999993,254.8849945,37.78
CUST_13B712B98DD48D9D707000784BA555A2,PART_25F3874B96DA8E29F040CD54AC9B9893,8/1/2025,1,0,6804897.2,8,169.52,70.912,76.048,0,1.01699996,114.9000015,277608,0.400000006,254.9230042,146.96
CUST_13B712B98DD48D9D707000784BA555A2,PART_25F3874B96DA8E29F040CD54AC9B9893,8/6/2025,1,0,6789001.04,4,84.76,35.456,38.024,0,1.021000028,114.7229996,277694.7813,0.397000015,255.1300049,73.48
CUST_13B712B98DD48D9D707000784BA555A2,PART_25F3874B96DA8E29F040CD54AC9B9893,8/12/2025,1,0,6765975.5,6,127.14,53.184,57.036,0,1.026000023,114.5100021,277798.9063,0.393999994,255.378006,110.22
CUST_13B712B98DD48D9D707000784BA555A2,PART_25F3874B96DA8E29F040CD54AC9B9893,8/18/2025,1,0,6740666.06,3,63.57,26.592,28.518,0,1.031000018,114.2969971,277903.0313,0.391000003,255.6260071,55.11
CUST_13B712B98DD48D9D707000784BA555A2,PART_25F3874B96DA8E29F040CD54AC9B9893,8/27/2025,1,0,6771200.22,9,190.71,79.776,85.554,0,1.037999988,113.9769974,278059.2188,0.386000007,255.9980011,165.33
CUST_13B712B98DD48D9D707000784BA555A2,PART_25F3874B96DA8E29F040CD54AC9B9893,8/29/2025,1,0,6733724.8,4,84.76,35.456,38.024,0,1.039999962,113.9059982,278093.9375,0.38499999,256.0809937,73.48
CUST_13B712B98DD48D9D707000784BA555A2,PART_25F3874B96DA8E29F040CD54AC9B9893,9/2/2025,1,0,6714968.25,4,84.76,35.456,38.024,0,1.041000009,113.7470016,278129.3125,0.381999999,256.2049866,73.48
CUST_13B712B98DD48D9D707000784BA555A2,PART_25F3874B96DA8E29F040CD54AC9B9893,9/10/2025,1,0,6714530.9,16,339.04,141.824,152.096,0,1.029000044,113.3199997,277995.6875,0.370000005,256.2049866,293.92
CUST_13B712B98DD48D9D707000784BA555A2,PART_25F3874B96DA8E29F040CD54AC9B9893,9/11/2025,1,0,6722666.94,4,84.76,35.456,38.024,0,1.02699995,113.2669983,277979,0.368000001,256.2049866,73.48
CUST_13B712B98DD48D9D707000784BA555A2,PART_25F3874B96DA8E29F040CD54AC9B9893,9/17/2025,1,0,6695524,4,84.76,35.456,38.024,0,1.018000007,112.9469986,277878.8125,0.360000014,256.2049866,73.48
CUST_13B712B98DD48D9D707000784BA555A2,PART_25F3874B96DA8E29F040CD54AC9B9893,9/22/2025,1,0,6628158.77,4,84.76,35.456,38.024,0,1.011000037,112.6800003,277795.3125,0.351999998,256.2049866,73.48
CUST_13B712B98DD48D9D707000784BA555A2,PART_25F3874B96DA8E29F040CD54AC9B9893,9/29/2025,1,0,6629567.19,2,42.38,17.728,19.012,0,1,112.3069992,277678.4063,0.342000008,256.2049866,36.74
CUST_13B712B98DD48D9D707000784BA555A2,PART_25F3874B96DA8E29F040CD54AC9B9893,9/30/2025,1,0,6670689.34,14,296.66,124.096,133.084,0,0.999000013,112.2529984,277661.6875,0.340000004,256.2049866,257.18
CUST_9319E5F187FA3464F1B20934BD396AA7,PART_A275DACB776C28E5F2260A3C3583F6B1,1/3/2023,0,0,NULL,50,428,93,105.5,0,1.126999974,116.8059998,275461.6563,0.504999995,244.2590027,198.5
CUST_9319E5F187FA3464F1B20934BD396AA7,PART_A275DACB776C28E5F2260A3C3583F6B1,1/9/2023,0,0,7786.11,25,214,46.5,54.75,0,1.13499999,116.8259964,274521.5938,0.508000016,244.5249939,101.25
CUST_9319E5F187FA3464F1B20934BD396AA7,PART_A275DACB776C28E5F2260A3C3583F6B1,1/16/2023,0,0,29702.64,50,409,93,109.5,0,1.144999981,116.8479996,273424.8438,0.512000024,244.8359985,202.5
CUST_9319E5F187FA3464F1B20934BD396AA7,PART_A275DACB776C28E5F2260A3C3583F6B1,1/23/2023,0,0,44704.12,0,0,0,0,0,1.154999971,116.8710022,272328.0938,0.515999973,245.1470032,0
CUST_9319E5F187FA3464F1B20934BD396AA7,PART_A275DACB776C28E5F2260A3C3583F6B1,2/1/2023,0,0,94551.95,200,1308,500.4,309.6,0,1.167000055,116.9000015,270918,0.521000028,245.5469971,810
CUST_9319E5F187FA3464F1B20934BD396AA7,PART_A275DACB776C28E5F2260A3C3583F6B1,2/15/2023,0,0,137719.21,0,0,0,0,0,1.161000013,115.75,269723,0.507000029,245.552002,0
CUST_9319E5F187FA3464F1B20934BD396AA7,PART_A275DACB776C28E5F2260A3C3583F6B1,2/22/2023,0,0,146533.7,100,654,250.2,154.8,0,1.157999992,115.1750031,269125.5,0.5,245.5549927,405
CUST_9319E5F187FA3464F1B20934BD396AA7,PART_A275DACB776C28E5F2260A3C3583F6B1,3/3/2023,0,0,192681.53,78,510.12,195.156,120.744,0,1.154000044,114.560997,268675.4688,0.497000009,245.5690002,315.9
CUST_9319E5F187FA3464F1B20934BD396AA7,PART_A275DACB776C28E5F2260A3C3583F6B1,3/7/2023,0,0,212866.68,25,163.5,62.55,38.7,0,1.152999997,114.4840012,268970.4375,0.504000008,245.5930023,101.25
CUST_9319E5F187FA3464F1B20934BD396AA7,PART_A275DACB776C28E5F2260A3C3583F6B1,3/8/2023,0,0,221920.23,100,654,250.2,154.8,0,1.152999997,114.4649963,269044.1875,0.505999982,245.598999,405
CUST_9319E5F187FA3464F1B20934BD396AA7,PART_A275DACB776C28E5F2260A3C3583F6B1,3/15/2023,0,0,233548.3,100,654,250.2,154.8,0,1.149999976,114.3290024,269560.375,0.518999994,245.6410065,405
CUST_9319E5F187FA3464F1B20934BD396AA7,PART_A275DACB776C28E5F2260A3C3583F6B1,3/27/2023,0,0,263175.56,50,327,125.1,77.4,0,1.146000028,114.0970001,270445.2813,0.541999996,245.7140045,202.5
CUST_9319E5F187FA3464F1B20934BD396AA7,PART_A275DACB776C28E5F2260A3C3583F6B1,3/29/2023,0,0,278302.76,50,327,125.1,77.4,0,1.144999981,114.0579987,270592.7813,0.545000017,245.7259979,202.5
CUST_9319E5F187FA3464F1B20934BD396AA7,PART_A275DACB776C28E5F2260A3C3583F6B1,4/10/2023,0,0,291417.86,50,344,93,120,0,1.151000023,113.9100037,270734.1875,0.547999978,245.8399963,213
CUST_9319E5F187FA3464F1B20934BD396AA7,PART_A275DACB776C28E5F2260A3C3583F6B1,4/12/2023,0,0,301870.8,50,344,93,120,0,1.15199995,113.8899994,270716.4688,0.546999991,245.8609924,213
CUST_9319E5F187FA3464F1B20934BD396AA7,PART_A275DACB776C28E5F2260A3C3583F6B1,4/18/2023,0,0,323783.19,50,344,93,120,0,1.156000018,113.8300018,270663.2813,0.545000017,245.9250031,213
CUST_9319E5F187FA3464F1B20934BD396AA7,PART_A275DACB776C28E5F2260A3C3583F6B1,4/24/2023,0,0,328438.07,50,227,96.25,116.75,0,1.161000013,113.7699966,270610.0625,0.542999983,245.9889984,213
CUST_9319E5F187FA3464F1B20934BD396AA7,PART_A275DACB776C28E5F2260A3C3583F6B1,4/26/2023,0,0,334984.57,50,227,96.25,116.75,0,1.161999941,113.75,270592.3438,0.542999983,246.0099945,213
CUST_9319E5F187FA3464F1B20934BD396AA7,PART_A275DACB776C28E5F2260A3C3583F6B1,5/1/2023,0,0,339167.16,50,227,96.25,116.75,0,1.166000009,113.6999969,270548,0.541000009,246.0630035,213
CUST_9319E5F187FA3464F1B20934BD396AA7,PART_A275DACB776C28E5F2260A3C3583F6B1,5/3/2023,0,0,349283.49,50,227,96.25,116.75,0,1.164999962,113.7320023,270532.0625,0.541000009,246.1109924,213
CUST_9319E5F187FA3464F1B20934BD396AA7,PART_A275DACB776C28E5F2260A3C3583F6B1,5/22/2023,0,0,391423.27,50,227,96.25,116.75,0,1.152999997,114.0390015,270380.6875,0.537,246.5659943,213
CUST_9319E5F187FA3464F1B20934BD396AA7,PART_A275DACB776C28E5F2260A3C3583F6B1,6/7/2023,0,0,405809.17,50,227,96.25,116.75,0,1.14199996,114.3799973,270413.4063,0.529999971,246.9790039,213
CUST_9319E5F187FA3464F1B20934BD396AA7,PART_A275DACB776C28E5F2260A3C3583F6B1,6/12/2023,0,0,413309.78,50,227,96.25,116.75,0,1.138000011,114.5299988,270507.0625,0.526000023,247.1239929,213
CUST_9319E5F187FA3464F1B20934BD396AA7,PART_A275DACB776C28E5F2260A3C3583F6B1,6/19/2023,0,0,433131.52,50,227,96.25,116.75,0,1.131999969,114.7399979,270638.1875,0.521000028,247.326004,213
CUST_9319E5F187FA3464F1B20934BD396AA7,PART_A275DACB776C28E5F2260A3C3583F6B1,6/21/2023,0,0,436067.62,50,227,96.25,116.75,0,1.129999995,114.8000031,270675.6563,0.518999994,247.3840027,213
CUST_9319E5F187FA3464F1B20934BD396AA7,PART_A275DACB776C28E5F2260A3C3583F6B1,6/26/2023,0,0,447176.26,100,454,192.5,233.5,0,1.126000047,114.9499969,270769.3438,0.514999986,247.529007,426
CUST_9319E5F187FA3464F1B20934BD396AA7,PART_A275DACB776C28E5F2260A3C3583F6B1,7/5/2023,0,0,452181.26,25,113.5,48.125,58.375,0,1.125,114.9580002,270912.8125,0.510999978,247.6750031,106.5
CUST_9319E5F187FA3464F1B20934BD396AA7,PART_A275DACB776C28E5F2260A3C3583F6B1,7/10/2023,0,0,456695.45,50,227,96.25,116.75,0,1.128000021,114.7809982,270975.0625,0.512000024,247.677002,213
CUST_9319E5F187FA3464F1B20934BD396AA7,PART_A275DACB776C28E5F2260A3C3583F6B1,7/17/2023,0,0,474677.47,50,227,96.25,116.75,0,1.133000016,114.5319977,271062.2188,0.513000011,247.6790009,213
CUST_9319E5F187FA3464F1B20934BD396AA7,PART_A275DACB776C28E5F2260A3C3583F6B1,7/26/2023,0,0,501725.35,50,227,96.25,116.75,0,1.139000058,114.2129974,271174.2813,0.513000011,247.6820068,213
CUST_9319E5F187FA3464F1B20934BD396AA7,PART_A275DACB776C28E5F2260A3C3583F6B1,8/3/2023,0,0,524412.57,50,227,96.25,116.75,0,1.144000053,114.0059967,271153.6563,0.513999999,247.7120056,213
CUST_9319E5F187FA3464F1B20934BD396AA7,PART_A275DACB776C28E5F2260A3C3583F6B1,8/7/2023,0,0,528926.67,50,227,96.25,116.75,0,1.146999955,114.0189972,270962.9375,0.513000011,247.7680054,213
CUST_9319E5F187FA3464F1B20934BD396AA7,PART_A275DACB776C28E5F2260A3C3583F6B1,8/9/2023,0,0,540107.99,50,227,96.25,116.75,0,1.148000002,114.026001,270867.5938,0.512000024,247.7969971,213
CUST_9319E5F187FA3464F1B20934BD396AA7,PART_A275DACB776C28E5F2260A3C3583F6B1,8/16/2023,0,0,547723.88,50,227,96.25,116.75,0,1.152999997,114.0479965,270533.8438,0.510999978,247.8950043,213
CUST_9319E5F187FA3464F1B20934BD396AA7,PART_A275DACB776C28E5F2260A3C3583F6B1,8/21/2023,0,0,568056.35,50,227,96.25,116.75,0,1.156000018,114.0650024,270295.4375,0.509000003,247.9649963,213
CUST_9319E5F187FA3464F1B20934BD396AA7,PART_A275DACB776C28E5F2260A3C3583F6B1,8/23/2023,0,0,575498.41,50,227,96.25,116.75,0,1.156999946,114.0709991,270200.0938,0.509000003,247.9929962,213
CUST_9319E5F187FA3464F1B20934BD396AA7,PART_A275DACB776C28E5F2260A3C3583F6B1,9/5/2023,0,0,603896.66,50,227,96.25,116.75,0,1.156000018,114.1269989,269639.2813,0.501999974,248.128006,213
CUST_9319E5F187FA3464F1B20934BD396AA7,PART_A275DACB776C28E5F2260A3C3583F6B1,9/11/2023,0,0,621988.78,50,227,96.25,116.75,0,1.144999981,114.1669998,269441.6563,0.493999988,248.1390076,213
CUST_9319E5F187FA3464F1B20934BD396AA7,PART_A275DACB776C28E5F2260A3C3583F6B1,9/13/2023,0,0,625910.16,50,227,96.25,116.75,0,1.141000032,114.1800003,269375.8125,0.492000014,248.1430054,213
CUST_9319E5F187FA3464F1B20934BD396AA7,PART_A275DACB776C28E5F2260A3C3583F6B1,9/25/2023,0,0,666848.58,100,454,192.5,233.5,0,1.118999958,114.2600021,268980.5938,0.476999998,248.1660004,426
CUST_9319E5F187FA3464F1B20934BD396AA7,PART_A275DACB776C28E5F2260A3C3583F6B1,10/2/2023,0,0,685881.69,92,417.68,177.1,214.82,0,1.10800004,114.2809982,268843.4375,0.469000012,248.1809998,391.92
CUST_9319E5F187FA3464F1B20934BD396AA7,PART_A275DACB776C28E5F2260A3C3583F6B1,10/5/2023,0,0,711493.73,50,227,96.25,116.75,0,1.105999947,114.2229996,269024.8125,0.469999999,248.1920013,213
CUST_9319E5F187FA3464F1B20934BD396AA7,PART_A275DACB776C28E5F2260A3C3583F6B1,10/9/2023,0,0,712719.96,50,227,96.25,116.75,0,1.103999972,114.1449966,269266.625,0.469999999,248.2050018,213
CUST_9319E5F187FA3464F1B20934BD396AA7,PART_A275DACB776C28E5F2260A3C3583F6B1,10/16/2023,0,0,723443.35,50,227,96.25,116.75,0,1.100999951,114.0100021,269689.7813,0.470999986,248.2290039,213
CUST_9319E5F187FA3464F1B20934BD396AA7,PART_A275DACB776C28E5F2260A3C3583F6B1,10/18/2023,0,0,739629.56,50,227,96.25,116.75,0,1.100000024,113.9710007,269810.6875,0.472000003,248.2359924,213
CUST_9319E5F187FA3464F1B20934BD396AA7,PART_A275DACB776C28E5F2260A3C3583F6B1,10/23/2023,0,0,746489.19,50,227,96.25,116.75,0,1.09800005,113.8740005,270112.9375,0.47299999,248.253006,213
CUST_9319E5F187FA3464F1B20934BD396AA7,PART_A275DACB776C28E5F2260A3C3583F6B1,10/25/2023,0,0,757798.83,50,227,96.25,116.75,0,1.097000003,113.8349991,270233.8438,0.47299999,248.2590027,213
CUST_9319E5F187FA3464F1B20934BD396AA7,PART_A275DACB776C28E5F2260A3C3583F6B1,10/30/2023,0,0,765926.32,50,227,96.25,116.75,0,1.095000029,113.7389984,270536.0938,0.474000007,248.276001,213
CUST_9319E5F187FA3464F1B20934BD396AA7,PART_A275DACB776C28E5F2260A3C3583F6B1,11/1/2023,0,0,770826.09,50,227,96.25,116.75,0,1.093999982,113.6999969,270657,0.474000007,248.2830048,213
CUST_9319E5F187FA3464F1B20934BD396AA7,PART_A275DACB776C28E5F2260A3C3583F6B1,11/6/2023,0,0,783789.47,50,227,96.25,116.75,0,1.090999961,114.0830002,270626,0.476000011,248.3049927,213
CUST_9319E5F187FA3464F1B20934BD396AA7,PART_A275DACB776C28E5F2260A3C3583F6B1,11/13/2023,0,0,796564.95,50,227,96.25,116.75,0,1.087000012,114.6200027,270582.5938,0.479000002,248.3350067,213
CUST_9319E5F187FA3464F1B20934BD396AA7,PART_A275DACB776C28E5F2260A3C3583F6B1,11/15/2023,0,0,806123.21,50,227,96.25,116.75,0,1.085999966,114.7730026,270570.1875,0.479999989,248.3439941,213
CUST_9319E5F187FA3464F1B20934BD396AA7,PART_A275DACB776C28E5F2260A3C3583F6B1,11/20/2023,0,0,813008.63,50,227,96.25,116.75,0,1.082999945,115.1569977,270539.1875,0.481999993,248.3650055,213
CUST_9319E5F187FA3464F1B20934BD396AA7,PART_A275DACB776C28E5F2260A3C3583F6B1,11/28/2023,0,0,820737.29,25,113.5,48.125,58.375,0,1.078999996,115.7699966,270489.5938,0.486000001,248.3999939,106.5
CUST_9319E5F187FA3464F1B20934BD396AA7,PART_A275DACB776C28E5F2260A3C3583F6B1,12/4/2023,0,0,836369.88,100,454,192.5,233.5,0,1.072999954,115.5739975,270688.3438,0.488000005,248.5549927,426
CUST_9319E5F187FA3464F1B20934BD396AA7,PART_A275DACB776C28E5F2260A3C3583F6B1,12/11/2023,0,0,844451.92,50,227,96.25,116.75,0,1.065000057,114.5810013,271195.5313,0.488999993,248.8849945,213
CUST_9319E5F187FA3464F1B20934BD396AA7,PART_A275DACB776C28E5F2260A3C3583F6B1,12/13/2023,0,0,855812.19,50,227,96.25,116.75,0,1.062000036,114.2969971,271340.4063,0.488999993,248.9790039,213
CUST_9319E5F187FA3464F1B20934BD396AA7,PART_A275DACB776C28E5F2260A3C3583F6B1,12/18/2023,0,0,866064.66,100,454,192.5,233.5,0,1.055999994,113.586998,271702.6875,0.49000001,249.2149963,426
CUST_9319E5F187FA3464F1B20934BD396AA7,PART_A275DACB776C28E5F2260A3C3583F6B1,1/3/2024,0,0,869739.07,50,216,96.25,118.75,0,1.04400003,111.7549973,273029.375,0.493000001,249.8769989,215
CUST_9319E5F187FA3464F1B20934BD396AA7,PART_A275DACB776C28E5F2260A3C3583F6B1,1/4/2024,0,0,865957.79,0,0,0,-38,0,1.046000004,111.8320007,273185.5938,0.493000001,249.878006,-38
CUST_9319E5F187FA3464F1B20934BD396AA7,PART_A275DACB776C28E5F2260A3C3583F6B1,1/10/2024,0,0,868891.78,50,245,96.25,97.75,0,1.06099999,112.2969971,274122.75,0.493999988,249.8809967,194
CUST_9319E5F187FA3464F1B20934BD396AA7,PART_A275DACB776C28E5F2260A3C3583F6B1,1/22/2024,0,0,853035.02,50,245,96.25,97.75,0,1.090000033,113.2259979,275997.0625,0.495000005,249.8880005,194
CUST_9319E5F187FA3464F1B20934BD396AA7,PART_A275DACB776C28E5F2260A3C3583F6B1,1/24/2024,0,0,877780.23,50,245,96.25,97.75,0,1.095000029,113.3809967,276309.4375,0.495000005,249.8890076,194
CUST_9319E5F187FA3464F1B20934BD396AA7,PART_A275DACB776C28E5F2260A3C3583F6B1,1/31/2024,0,0,883390.08,50,245,96.25,97.75,0,1.113000035,113.9229965,277402.8125,0.495999992,249.8930054,194
CUST_9319E5F187FA3464F1B20934BD396AA7,PART_A275DACB776C28E5F2260A3C3583F6B1,2/5/2024,0,0,868037.57,17,83.3,32.725,33.235,0,1.11500001,113.8759995,276990.4375,0.493999988,249.8990021,65.96
CUST_9319E5F187FA3464F1B20934BD396AA7,PART_A275DACB776C28E5F2260A3C3583F6B1,2/8/2024,0,0,850119.99,30,147,57.75,58.65,0,1.11500001,113.7829971,276564.0313,0.493000001,249.9019928,116.4
CUST_9319E5F187FA3464F1B20934BD396AA7,PART_A275DACB776C28E5F2260A3C3583F6B1,2/12/2024,0,0,843082.72,50,245,96.25,97.75,0,1.113999963,113.6589966,275995.4688,0.490999997,249.9069977,194
CUST_9319E5F187FA3464F1B20934BD396AA7,PART_A275DACB776C28E5F2260A3C3583F6B1,2/14/2024,0,0,846651.98,50,245,96.25,97.75,0,1.113999963,113.5970001,275711.2188,0.49000001,249.9089966,194
CUST_9319E5F187FA3464F1B20934BD396AA7,PART_A275DACB776C28E5F2260A3C3583F6B1,2/19/2024,0,0,852580.85,50,245,96.25,97.75,0,1.113999963,113.4410019,275000.5313,0.486999989,249.9149933,194
CUST_9319E5F187FA3464F1B20934BD396AA7,PART_A275DACB776C28E5F2260A3C3583F6B1,2/26/2024,0,0,851442.34,50,245,96.25,97.75,0,1.113000035,113.223999,274005.5625,0.483999997,249.9230042,194
CUST_9319E5F187FA3464F1B20934BD396AA7,PART_A275DACB776C28E5F2260A3C3583F6B1,2/28/2024,0,0,858148.48,50,245,96.25,97.75,0,1.113000035,113.1620026,273721.2813,0.48300001,249.9259949,194
CUST_9319E5F187FA3464F1B20934BD396AA7,PART_A275DACB776C28E5F2260A3C3583F6B1,3/4/2024,0,0,820703.37,90,441,173.25,175.95,0,1.111999989,113.0999985,273533.875,0.481999993,249.9329987,349.2
CUST_9319E5F187FA3464F1B20934BD396AA7,PART_A275DACB776C28E5F2260A3C3583F6B1,3/6/2024,0,0,830960.24,50,245,96.25,97.75,0,1.110999942,113.0999985,273598.4375,0.481999993,249.9360046,194
CUST_9319E5F187FA3464F1B20934BD396AA7,PART_A275DACB776C28E5F2260A3C3583F6B1,3/13/2024,0,0,827550.64,50,245,96.25,97.75,0,1.106999993,113.0999985,273824.4688,0.481000006,249.947998,194
CUST_9319E5F187FA3464F1B20934BD396AA7,PART_A275DACB776C28E5F2260A3C3583F6B1,3/18/2024,0,0,829030.14,100,490,192.5,195.5,0,1.105000019,113.0999985,273985.9375,0.481000006,249.9570007,388
CUST_9319E5F187FA3464F1B20934BD396AA7,PART_A275DACB776C28E5F2260A3C3583F6B1,3/25/2024,0,0,817015.82,75,367.5,144.375,146.625,0,1.100999951,113.0999985,274211.9688,0.479999989,249.9680023,291
CUST_9319E5F187FA3464F1B20934BD396AA7,PART_A275DACB776C28E5F2260A3C3583F6B1,3/28/2024,0,0,809092.84,50,245,96.25,97.75,0,1.100000024,113.0999985,274308.8438,0.479999989,249.9730072,194
CUST_9319E5F187FA3464F1B20934BD396AA7,PART_A275DACB776C28E5F2260A3C3583F6B1,4/8/2024,0,0,808081.63,77,377.3,148.225,150.535,0,1.09800005,113.5199966,274453.875,0.477999985,249.8470001,298.76
CUST_9319E5F187FA3464F1B20934BD396AA7,PART_A275DACB776C28E5F2260A3C3583F6B1,4/15/2024,0,0,806594.79,50,245,96.25,97.75,0,1.09800005,113.9400024,274469.7188,0.476999998,249.7149963,194
CUST_9319E5F187FA3464F1B20934BD396AA7,PART_A275DACB776C28E5F2260A3C3583F6B1,4/29/2024,0,0,813965.58,50,245,96.25,97.75,0,1.09800005,114.7799988,274501.4688,0.47299999,249.4499969,194
CUST_9319E5F187FA3464F1B20934BD396AA7,PART_A275DACB776C28E5F2260A3C3583F6B1,5/1/2024,0,0,813220.45,50,245,96.25,97.75,0,1.09800005,114.9000015,274506,0.47299999,249.4120026,194
CUST_9319E5F187FA3464F1B20934BD396AA7,PART_A275DACB776C28E5F2260A3C3583F6B1,5/13/2024,0,0,810781.7,50,245,96.25,97.75,0,1.090000033,114.5130005,274411.5625,0.469999999,249.4170074,194
CUST_9319E5F187FA3464F1B20934BD396AA7,PART_A275DACB776C28E5F2260A3C3583F6B1,5/15/2024,0,0,806824.58,50,245,96.25,97.75,0,1.088999987,114.447998,274395.8125,0.469999999,249.4179993,194
CUST_9319E5F187FA3464F1B20934BD396AA7,PART_A275DACB776C28E5F2260A3C3583F6B1,5/20/2024,0,0,800988.8,50,245,96.25,97.75,0,1.085999966,114.2870026,274356.4375,0.469000012,249.4210052,194
CUST_9319E5F187FA3464F1B20934BD396AA7,PART_A275DACB776C28E5F2260A3C3583F6B1,5/23/2024,0,0,809385.73,50,245,96.25,97.75,0,1.083999991,114.1900024,274332.8438,0.467999995,249.4219971,194
CUST_9319E5F187FA3464F1B20934BD396AA7,PART_A275DACB776C28E5F2260A3C3583F6B1,5/29/2024,0,0,810011.31,50,245,96.25,97.75,0,1.080000043,113.9970016,274285.625,0.467000008,249.4250031,194
CUST_9319E5F187FA3464F1B20934BD396AA7,PART_A275DACB776C28E5F2260A3C3583F6B1,6/3/2024,0,0,817024.91,50,245,96.25,97.75,0,1.080000043,113.8799973,274203.0625,0.467999995,249.427002,194
CUST_9319E5F187FA3464F1B20934BD396AA7,PART_A275DACB776C28E5F2260A3C3583F6B1,6/17/2024,0,0,797017.5,100,490,192.5,195.5,0,1.095000029,113.7399979,273790.5313,0.481000006,249.4349976,388
CUST_9319E5F187FA3464F1B20934BD396AA7,PART_A275DACB776C28E5F2260A3C3583F6B1,6/24/2024,0,0,785453.24,100,490,192.5,195.5,0,1.103000045,113.6699982,273584.2813,0.488000005,249.4380035,388
CUST_9319E5F187FA3464F1B20934BD396AA7,PART_A275DACB776C28E5F2260A3C3583F6B1,7/1/2024,0,0,796948.89,50,245,96.25,97.75,0,1.110000014,113.5999985,273378,0.495000005,249.4420013,194
CUST_9319E5F187FA3464F1B20934BD396AA7,PART_A275DACB776C28E5F2260A3C3583F6B1,7/22/2024,0,0,769865.57,50,245,96.25,97.75,0,1.116999984,114.1419983,274014.0938,0.493999988,249.4490051,194
CUST_9319E5F187FA3464F1B20934BD396AA7,PART_A275DACB776C28E5F2260A3C3583F6B1,7/29/2024,0,0,760658.97,50,245,96.25,97.75,0,1.120000005,114.322998,274226.125,0.493999988,249.4519958,194
CUST_9319E5F187FA3464F1B20934BD396AA7,PART_A275DACB776C28E5F2260A3C3583F6B1,8/5/2024,0,0,751455.42,50,245,96.25,97.75,0,1.118999958,114.2320023,274166.4063,0.492000014,249.8569946,194
CUST_9319E5F187FA3464F1B20934BD396AA7,PART_A275DACB776C28E5F2260A3C3583F6B1,8/12/2024,0,0,741948.06,100,490,192.5,195.5,0,1.113999963,113.939003,273902.9063,0.488999993,250.5650024,388
CUST_9319E5F187FA3464F1B20934BD396AA7,PART_A275DACB776C28E5F2260A3C3583F6B1,8/19/2024,0,0,741177.1,100,490,192.5,195.5,0,1.110000014,113.6449966,273639.375,0.486000001,251.2720032,388
CUST_9319E5F187FA3464F1B20934BD396AA7,PART_A275DACB776C28E5F2260A3C3583F6B1,9/3/2024,0,0,715134.77,100,490,192.5,195.5,0,1.100999951,113.1600037,273348.3438,0.479000002,252.5859985,388
CUST_9319E5F187FA3464F1B20934BD396AA7,PART_A275DACB776C28E5F2260A3C3583F6B1,9/9/2024,0,0,700048.61,100,490,192.5,195.5,0,1.095999956,113.3399963,273943.3438,0.476000011,252.5859985,388
CUST_9319E5F187FA3464F1B20934BD396AA7,PART_A275DACB776C28E5F2260A3C3583F6B1,9/12/2024,0,0,700905.24,32,156.8,61.6,62.56,0,1.093999982,113.4300003,274240.8438,0.474000007,252.5859985,124.16
CUST_9319E5F187FA3464F1B20934BD396AA7,PART_A275DACB776C28E5F2260A3C3583F6B1,9/17/2024,0,0,695601.07,50,245,96.25,97.75,0,1.090999961,113.5800018,274736.6563,0.470999986,252.5859985,194
CUST_9319E5F187FA3464F1B20934BD396AA7,PART_A275DACB776C28E5F2260A3C3583F6B1,9/30/2024,0,0,650076.8,50,245,96.25,97.75,0,1.082000017,113.9700012,276025.8438,0.465000004,252.5859985,194
CUST_9319E5F187FA3464F1B20934BD396AA7,PART_A275DACB776C28E5F2260A3C3583F6B1,10/7/2024,0,0,624814.64,50,245,96.25,97.75,0,1.082000017,113.8059998,275794.4063,0.469000012,252.5939941,194
CUST_9319E5F187FA3464F1B20934BD396AA7,PART_A275DACB776C28E5F2260A3C3583F6B1,10/21/2024,0,0,601081.84,50,245,96.25,97.75,0,1.083999991,113.3550034,275023.0625,0.481000006,252.6119995,194
CUST_9319E5F187FA3464F1B20934BD396AA7,PART_A275DACB776C28E5F2260A3C3583F6B1,10/22/2024,0,0,605712.37,50,245,96.25,97.75,0,1.083999991,113.322998,274967.9688,0.481999993,252.6130066,194
CUST_9319E5F187FA3464F1B20934BD396AA7,PART_A275DACB776C28E5F2260A3C3583F6B1,11/4/2024,0,0,572620.97,50,245,96.25,97.75,0,1.077999949,112.9599991,274587.4063,0.488000005,252.6399994,194
CUST_9319E5F187FA3464F1B20934BD396AA7,PART_A275DACB776C28E5F2260A3C3583F6B1,11/18/2024,0,0,559513.23,50,245,96.25,97.75,0,1.041000009,112.7730026,275382.5938,0.474000007,252.7030029,194
CUST_9319E5F187FA3464F1B20934BD396AA7,PART_A275DACB776C28E5F2260A3C3583F6B1,12/9/2024,0,0,538668.77,100,490,192.5,195.5,0,0.992999971,112.4710007,276097.5313,0.463999987,252.7599945,388
CUST_9319E5F187FA3464F1B20934BD396AA7,PART_A275DACB776C28E5F2260A3C3583F6B1,1/6/2025,0,0,527419.27,50,276.5,96.25,105.75,0,0.970000029,112.3899994,275779.6875,0.469000012,252.8609924,202
CUST_9319E5F187FA3464F1B20934BD396AA7,PART_A275DACB776C28E5F2260A3C3583F6B1,1/23/2025,0,0,516500.86,100,553,192.5,211.5,0,1.024999976,113.3769989,274928.5938,0.453999996,253.2279968,404
CUST_9319E5F187FA3464F1B20934BD396AA7,PART_A275DACB776C28E5F2260A3C3583F6B1,2/3/2025,0,0,478234.08,200,1106,385,423,0,1.05400002,113.8789978,274675.9375,0.446999997,253.4790039,808
CUST_9319E5F187FA3464F1B20934BD396AA7,PART_A275DACB776C28E5F2260A3C3583F6B1,3/3/2025,0,0,428808.42,80,575.2,154,169.2,0,1.05400002,113.612999,277302.1563,0.458000004,254.2089996,323.2
CUST_9319E5F187FA3464F1B20934BD396AA7,PART_A275DACB776C28E5F2260A3C3583F6B1,3/31/2025,0,0,390180.03,50,359.5,96.25,105.75,0,1.057999969,113.7939987,278046.4063,0.451000005,254.2709961,202
CUST_9319E5F187FA3464F1B20934BD396AA7,PART_A275DACB776C28E5F2260A3C3583F6B1,4/7/2025,0,0,389163.93,50,359.5,96.25,105.75,0,1.057000041,113.7600021,277774.1875,0.451999992,254.2799988,202
CUST_9319E5F187FA3464F1B20934BD396AA7,PART_A275DACB776C28E5F2260A3C3583F6B1,4/14/2025,0,0,382760.6,100,719,192.5,297.5,0,1.055999994,113.7129974,277425.5938,0.451999992,254.2879944,490
CUST_9319E5F187FA3464F1B20934BD396AA7,PART_A275DACB776C28E5F2260A3C3583F6B1,4/22/2025,0,0,391099.08,50,359.5,96.25,148.75,0,1.054999948,113.6600037,277027.1875,0.453000009,254.2980042,245
CUST_9319E5F187FA3464F1B20934BD396AA7,PART_A275DACB776C28E5F2260A3C3583F6B1,4/28/2025,0,0,368916.98,0,0,0,0,0,1.05400002,113.6200027,276728.4063,0.453999996,254.3049927,0
CUST_9319E5F187FA3464F1B20934BD396AA7,PART_A275DACB776C28E5F2260A3C3583F6B1,4/30/2025,0,0,367153.5,50,359.5,96.25,148.75,0,1.05400002,113.6070023,276628.8125,0.453999996,254.3070068,245
CUST_9319E5F187FA3464F1B20934BD396AA7,PART_A275DACB776C28E5F2260A3C3583F6B1,5/12/2025,0,0,347535.8,50,359.5,99,146,0,1.052999973,113.4940033,276498.0938,0.453999996,254.3170013,245
CUST_9319E5F187FA3464F1B20934BD396AA7,PART_A275DACB776C28E5F2260A3C3583F6B1,5/19/2025,0,0,340711.19,50,359.5,99,146,0,1.052999973,113.4260025,276446.625,0.453000009,254.3220062,245
CUST_9319E5F187FA3464F1B20934BD396AA7,PART_A275DACB776C28E5F2260A3C3583F6B1,6/9/2025,0,0,322555.55,50,359.5,99,146,0,1.047000051,113.5130005,276727.5313,0.444999993,254.3320007,245
CUST_9319E5F187FA3464F1B20934BD396AA7,PART_A275DACB776C28E5F2260A3C3583F6B1,6/11/2025,0,0,319808.53,50,359.5,99,146,0,1.046000004,113.5670013,276821.6563,0.442999989,254.3320007,245
CUST_9319E5F187FA3464F1B20934BD396AA7,PART_A275DACB776C28E5F2260A3C3583F6B1,6/16/2025,0,0,320097.41,50,359.5,99,146,0,1.042999983,113.6999969,277057,0.437999994,254.3320007,245
CUST_9319E5F187FA3464F1B20934BD396AA7,PART_A275DACB776C28E5F2260A3C3583F6B1,6/30/2025,0,0,309711.07,50,359.5,99,146,0,1.034000039,114.072998,277715.9375,0.423000008,254.3320007,245
CUST_9319E5F187FA3464F1B20934BD396AA7,PART_A275DACB776C28E5F2260A3C3583F6B1,7/7/2025,0,0,308194.77,50,359.5,99,146,0,1.029999971,114.2549973,277733,0.418000013,254.4459991,245
CUST_9319E5F187FA3464F1B20934BD396AA7,PART_A275DACB776C28E5F2260A3C3583F6B1,7/21/2025,0,0,309875.42,50,359.5,99,146,0,1.023000002,114.6159973,277663,0.407999992,254.7129974,245
CUST_9319E5F187FA3464F1B20934BD396AA7,PART_A275DACB776C28E5F2260A3C3583F6B1,7/28/2025,0,0,309775.11,50,359.5,99,146,0,1.019000053,114.7969971,277628,0.402999997,254.8470001,245
CUST_9319E5F187FA3464F1B20934BD396AA7,PART_A275DACB776C28E5F2260A3C3583F6B1,8/6/2025,0,0,301202.97,100,719,198,292,0,1.021000028,114.7229996,277694.7813,0.397000015,255.1300049,490
CUST_9319E5F187FA3464F1B20934BD396AA7,PART_A275DACB776C28E5F2260A3C3583F6B1,8/11/2025,0,0,301981.29,50,359.5,99,146,0,1.024999976,114.5449982,277781.5625,0.395000011,255.3370056,245
CUST_9319E5F187FA3464F1B20934BD396AA7,PART_A275DACB776C28E5F2260A3C3583F6B1,8/18/2025,0,0,284519.22,50,359.5,99,146,0,1.031000018,114.2969971,277903.0313,0.391000003,255.6260071,245
CUST_9319E5F187FA3464F1B20934BD396AA7,PART_A275DACB776C28E5F2260A3C3583F6B1,8/25/2025,0,0,287043.99,50,359.5,99,146,0,1.036000013,114.0479965,278024.5313,0.386999995,255.9160004,245
CUST_9319E5F187FA3464F1B20934BD396AA7,PART_A275DACB776C28E5F2260A3C3583F6B1,9/2/2025,0,0,288994.84,50,359.5,99,146,0,1.041000009,113.7470016,278129.3125,0.381999999,256.2049866,245
CUST_9319E5F187FA3464F1B20934BD396AA7,PART_A275DACB776C28E5F2260A3C3583F6B1,9/15/2025,0,0,287856.81,50,359.5,99,146,0,1.021000028,113.0530014,277912.1875,0.361999989,256.2049866,245
CUST_9319E5F187FA3464F1B20934BD396AA7,PART_A275DACB776C28E5F2260A3C3583F6B1,9/30/2025,0,0,294102.27,50,359.5,94.25,150.75,0,0.999000013,112.2529984,277661.6875,0.340000004,256.2049866,245
CUST_2CCC2942B7AC16C01C1FB33DB3A2A553,PART_F846361051783347FEEA0BB027E5289C,4/8/2024,1,1,7573657.4,3,47.34,26.421,16.959,20.52000046,1.09800005,113.5199966,274453.875,0.477999985,249.8470001,43.38
CUST_2CCC2942B7AC16C01C1FB33DB3A2A553,PART_A275DACB776C28E5F2260A3C3583F6B1,10/10/2023,1,0,6274595.57,5,22.7,9.625,13.075,0,1.103999972,114.1259995,269327.0625,0.469999999,248.2079926,22.7
CUST_2CCC2942B7AC16C01C1FB33DB3A2A553,PART_A275DACB776C28E5F2260A3C3583F6B1,11/8/2023,1,0,6859546.73,11,49.94,21.175,28.765,0,1.090000033,114.2369995,270613.5938,0.476999998,248.3130035,49.94
CUST_2CCC2942B7AC16C01C1FB33DB3A2A553,PART_A275DACB776C28E5F2260A3C3583F6B1,11/9/2023,1,0,6888781.54,39,177.06,75.075,101.985,0,1.088999987,114.3130035,270607.4063,0.476999998,248.3179932,177.06
CUST_2CCC2942B7AC16C01C1FB33DB3A2A553,PART_A275DACB776C28E5F2260A3C3583F6B1,5/29/2024,1,0,7455144.75,10,49,19.25,29.75,0,1.080000043,113.9970016,274285.625,0.467000008,249.4250031,49
CUST_2CCC2942B7AC16C01C1FB33DB3A2A553,PART_A275DACB776C28E5F2260A3C3583F6B1,7/19/2024,1,0,7387840.39,6,29.4,11.55,17.85,0,1.116000056,114.0650024,273923.2188,0.493999988,249.447998,29.4
CUST_2CCC2942B7AC16C01C1FB33DB3A2A553,PART_A275DACB776C28E5F2260A3C3583F6B1,10/24/2024,1,0,7233102.25,30,147,57.75,89.25,0,1.085000038,113.2580032,274857.7813,0.483999997,252.6159973,147
CUST_2CCC2942B7AC16C01C1FB33DB3A2A553,PART_A275DACB776C28E5F2260A3C3583F6B1,6/18/2025,1,0,6772387.25,20,143.8,39.6,22,0,1.041000009,113.7529984,277151.125,0.435000002,254.3320007,61.6
CUST_2CCC2942B7AC16C01C1FB33DB3A2A553,PART_A275DACB776C28E5F2260A3C3583F6B1,7/28/2025,1,0,6627440.14,30,215.7,59.4,33,0,1.019000053,114.7969971,277628,0.402999997,254.8470001,92.4
CUST_2CCC2942B7AC16C01C1FB33DB3A2A553,PART_A275DACB776C28E5F2260A3C3583F6B1,8/28/2025,1,0,6640875.31,20,143.8,39.6,22,0,1.039000034,113.9420013,278076.5938,0.38499999,256.0400085,61.6
CUST_2CCC2942B7AC16C01C1FB33DB3A2A553,PART_875F83D4C1E0185B862F17EC4716D04A,1/4/2023,1,0,173387.22,2,66.64,32.218,34.422,0,1.128000021,116.8099976,275304.9688,0.505999982,244.3029938,66.64
CUST_2CCC2942B7AC16C01C1FB33DB3A2A553,PART_875F83D4C1E0185B862F17EC4716D04A,1/10/2023,1,0,344474.34,1,33.32,16.109,17.211,0,1.136000037,116.8290024,274364.9063,0.509000003,244.5700073,33.32
CUST_2CCC2942B7AC16C01C1FB33DB3A2A553,PART_875F83D4C1E0185B862F17EC4716D04A,1/11/2023,1,0,373015.24,1,33.32,16.109,17.211,0,1.138000011,116.8320007,274208.2188,0.509000003,244.6139984,33.32
CUST_2CCC2942B7AC16C01C1FB33DB3A2A553,PART_875F83D4C1E0185B862F17EC4716D04A,1/12/2023,1,0,407252.29,4,133.28,64.436,68.844,0,1.139000058,116.8349991,274051.5625,0.50999999,244.6589966,133.28
CUST_2CCC2942B7AC16C01C1FB33DB3A2A553,PART_875F83D4C1E0185B862F17EC4716D04A,1/13/2023,1,0,437481.04,1,33.32,16.109,17.211,0,1.141000032,116.8389969,273894.875,0.510999978,244.7030029,33.32
CUST_2CCC2942B7AC16C01C1FB33DB3A2A553,PART_875F83D4C1E0185B862F17EC4716D04A,1/18/2023,1,0,545326.92,2,67.06,32.218,34.842,0,1.148000002,116.8550034,273111.4688,0.513000011,244.9250031,67.06
CUST_2CCC2942B7AC16C01C1FB33DB3A2A553,PART_875F83D4C1E0185B862F17EC4716D04A,1/19/2023,1,0,578229.52,1,33.53,16.109,17.421,0,1.149000049,116.8580017,272954.8125,0.513999999,244.9700012,33.53
CUST_2CCC2942B7AC16C01C1FB33DB3A2A553,PART_875F83D4C1E0185B862F17EC4716D04A,1/20/2023,1,0,605145.04,0,0,0,-1.68,0,1.149999976,116.8610001,272798.125,0.513999999,245.0140076,-1.68
CUST_2CCC2942B7AC16C01C1FB33DB3A2A553,PART_875F83D4C1E0185B862F17EC4716D04A,1/21/2023,1,0,640950.65,1,33.53,16.109,17.211,0,1.15199995,116.8649979,272641.4375,0.514999986,245.0579987,33.32
CUST_2CCC2942B7AC16C01C1FB33DB3A2A553,PART_875F83D4C1E0185B862F17EC4716D04A,1/24/2023,1,0,674223.77,1,33.53,16.109,17.421,0,1.156000018,116.8740005,272171.4063,0.51700002,245.1920013,33.53
CUST_2CCC2942B7AC16C01C1FB33DB3A2A553,PART_875F83D4C1E0185B862F17EC4716D04A,1/26/2023,1,0,760098.51,3,100.59,48.327,52.053,0,1.159000039,116.8809967,271858.0625,0.518000007,245.2799988,100.38
CUST_2CCC2942B7AC16C01C1FB33DB3A2A553,PART_875F83D4C1E0185B862F17EC4716D04A,1/27/2023,1,0,802353.33,-1,-33.53,-16.109,-17.421,0,1.159999967,116.8840027,271701.375,0.518000007,245.3249969,-33.53
CUST_2CCC2942B7AC16C01C1FB33DB3A2A553,PART_875F83D4C1E0185B862F17EC4716D04A,1/30/2023,1,0,825957.83,3,100.59,48.327,52.053,0,1.164000034,116.8939972,271231.3438,0.519999981,245.4579926,100.38
CUST_2CCC2942B7AC16C01C1FB33DB3A2A553,PART_875F83D4C1E0185B862F17EC4716D04A,1/31/2023,1,0,857828.25,1,33.53,16.109,17.211,0,1.166000009,116.8970032,271074.6875,0.519999981,245.503006,33.32
CUST_2CCC2942B7AC16C01C1FB33DB3A2A553,PART_875F83D4C1E0185B862F17EC4716D04A,2/2/2023,1,0,921739.84,1,33.53,16.109,17.211,0,1.167000055,116.8180008,270832.6563,0.519999981,245.5469971,33.32
CUST_2CCC2942B7AC16C01C1FB33DB3A2A553,PART_875F83D4C1E0185B862F17EC4716D04A,2/3/2023,1,0,951697.23,1,33.53,16.109,17.211,0,1.166000009,116.7360001,270747.2813,0.518999994,245.5480042,33.32
CUST_2CCC2942B7AC16C01C1FB33DB3A2A553,PART_875F83D4C1E0185B862F17EC4716D04A,2/6/2023,1,0,969971.38,1,33.53,16.109,17.421,0,1.164999962,116.4889984,270491.2188,0.515999973,245.548996,33.53
CUST_2CCC2942B7AC16C01C1FB33DB3A2A553,PART_875F83D4C1E0185B862F17EC4716D04A,2/9/2023,1,0,1076253.02,1,33.53,15.907,17.623,0,1.164000034,116.2429962,270235.1563,0.513000011,245.5500031,33.53
CUST_2CCC2942B7AC16C01C1FB33DB3A2A553,PART_875F83D4C1E0185B862F17EC4716D04A,2/13/2023,1,0,1143178.07,1,33.53,15.907,17.623,0,1.161999941,115.9140015,269893.7188,0.509000003,245.5509949,33.53
CUST_2CCC2942B7AC16C01C1FB33DB3A2A553,PART_875F83D4C1E0185B862F17EC4716D04A,2/14/2023,1,0,1178712.45,1,33.53,15.907,17.413,0,1.161000013,115.8320007,269808.3438,0.508000016,245.552002,33.32
CUST_2CCC2942B7AC16C01C1FB33DB3A2A553,PART_875F83D4C1E0185B862F17EC4716D04A,2/15/2023,1,0,1200897.65,1,33.53,15.907,17.623,0,1.161000013,115.75,269723,0.507000029,245.552002,33.53
CUST_2CCC2942B7AC16C01C1FB33DB3A2A553,PART_875F83D4C1E0185B862F17EC4716D04A,2/20/2023,1,0,1323560.93,4,134.12,63.628,70.492,0,1.159000039,115.3389969,269296.2188,0.501999974,245.5540009,134.12
CUST_2CCC2942B7AC16C01C1FB33DB3A2A553,PART_875F83D4C1E0185B862F17EC4716D04A,2/23/2023,1,0,1397231.65,3,100.59,47.721,52.659,0,1.157999992,115.0930023,269040.1563,0.499000013,245.5549927,100.38
CUST_2CCC2942B7AC16C01C1FB33DB3A2A553,PART_875F83D4C1E0185B862F17EC4716D04A,3/2/2023,1,0,1530271.41,1,33.53,15.907,17.623,0,1.154999971,114.5810013,268601.75,0.495000005,245.5630035,33.53
CUST_2CCC2942B7AC16C01C1FB33DB3A2A553,PART_875F83D4C1E0185B862F17EC4716D04A,3/3/2023,1,0,1570729.39,1,33.53,15.907,17.623,0,1.154000044,114.560997,268675.4688,0.497000009,245.5690002,33.53
CUST_2CCC2942B7AC16C01C1FB33DB3A2A553,PART_875F83D4C1E0185B862F17EC4716D04A,3/7/2023,1,0,1635301.13,4,134.12,63.628,70.492,0,1.152999997,114.4840012,268970.4375,0.504000008,245.5930023,134.12
CUST_2CCC2942B7AC16C01C1FB33DB3A2A553,PART_875F83D4C1E0185B862F17EC4716D04A,3/13/2023,1,0,1778471.68,3,100.59,47.721,52.869,0,1.151000023,114.3679962,269412.9063,0.514999986,245.6289978,100.59
CUST_2CCC2942B7AC16C01C1FB33DB3A2A553,PART_875F83D4C1E0185B862F17EC4716D04A,3/14/2023,1,0,1800647.27,1,33.53,15.907,17.623,0,1.149999976,114.3479996,269486.6563,0.51700002,245.6349945,33.53
CUST_2CCC2942B7AC16C01C1FB33DB3A2A553,PART_875F83D4C1E0185B862F17EC4716D04A,3/15/2023,1,0,1837601.08,1,33.53,15.907,17.623,0,1.149999976,114.3290024,269560.375,0.518999994,245.6410065,33.53
CUST_2CCC2942B7AC16C01C1FB33DB3A2A553,PART_875F83D4C1E0185B862F17EC4716D04A,3/16/2023,1,0,1867038.82,2,67.06,31.814,35.246,0,1.149999976,114.3099976,269634.125,0.521000028,245.6470032,67.06
CUST_2CCC2942B7AC16C01C1FB33DB3A2A553,PART_875F83D4C1E0185B862F17EC4716D04A,3/21/2023,1,0,1945640.06,1,33.53,15.907,17.623,0,1.148000002,114.2129974,270002.8438,0.529999971,245.6779938,33.53
CUST_2CCC2942B7AC16C01C1FB33DB3A2A553,PART_875F83D4C1E0185B862F17EC4716D04A,3/23/2023,1,0,1994535.18,2,67.06,31.814,35.246,0,1.146999955,114.1740036,270150.3125,0.533999979,245.6900024,67.06
CUST_2CCC2942B7AC16C01C1FB33DB3A2A553,PART_875F83D4C1E0185B862F17EC4716D04A,3/24/2023,1,0,2032760.11,2,67.06,31.814,35.246,0,1.146999955,114.1549988,270224.0625,0.536000013,245.6959991,67.06
CUST_2CCC2942B7AC16C01C1FB33DB3A2A553,PART_875F83D4C1E0185B862F17EC4716D04A,3/30/2023,1,0,2164832.07,1,33.53,15.907,17.623,0,1.144999981,114.0390015,270666.5313,0.546999991,245.7319946,33.53
CUST_2CCC2942B7AC16C01C1FB33DB3A2A553,PART_875F83D4C1E0185B862F17EC4716D04A,3/31/2023,1,0,2199130.3,3,100.59,47.721,52.869,0,1.144000053,114.0189972,270740.25,0.549000025,245.7380066,100.59
CUST_2CCC2942B7AC16C01C1FB33DB3A2A553,PART_875F83D4C1E0185B862F17EC4716D04A,4/3/2023,1,0,2223601.58,1,33.53,15.907,17.623,0,1.144999981,113.9800034,270796.2813,0.550000012,245.7649994,33.53
CUST_2CCC2942B7AC16C01C1FB33DB3A2A553,PART_875F83D4C1E0185B862F17EC4716D04A,4/4/2023,1,0,2250077.8,5,167.65,79.535,88.115,0,1.146000028,113.9700012,270787.4063,0.550000012,245.776001,167.65
CUST_2CCC2942B7AC16C01C1FB33DB3A2A553,PART_875F83D4C1E0185B862F17EC4716D04A,4/6/2023,1,0,2314014.28,2,67.06,31.814,35.246,0,1.148000002,113.9499969,270769.6563,0.549000025,245.7969971,67.06
CUST_2CCC2942B7AC16C01C1FB33DB3A2A553,PART_875F83D4C1E0185B862F17EC4716D04A,4/7/2023,1,0,2350880.68,1,33.53,15.907,17.623,0,1.148000002,113.9400024,270760.8125,0.549000025,245.8079987,33.53
CUST_2CCC2942B7AC16C01C1FB33DB3A2A553,PART_875F83D4C1E0185B862F17EC4716D04A,4/11/2023,1,0,2413553.7,1,33.94,15.907,18.033,0,1.151000023,113.9000015,270725.3438,0.547999978,245.8500061,33.94
CUST_2CCC2942B7AC16C01C1FB33DB3A2A553,PART_875F83D4C1E0185B862F17EC4716D04A,4/12/2023,1,0,2436489.3,2,67.88,31.814,36.066,0,1.15199995,113.8899994,270716.4688,0.546999991,245.8609924,67.88
CUST_2CCC2942B7AC16C01C1FB33DB3A2A553,PART_875F83D4C1E0185B862F17EC4716D04A,4/13/2023,1,0,2471075.62,1,33.94,15.907,18.033,0,1.152999997,113.8799973,270707.5938,0.546999991,245.871994,33.94
CUST_2CCC2942B7AC16C01C1FB33DB3A2A553,PART_875F83D4C1E0185B862F17EC4716D04A,4/14/2023,1,0,2506105.87,2,67.88,31.814,36.066,0,1.154000044,113.8700027,270698.7188,0.546999991,245.8820038,67.88
CUST_2CCC2942B7AC16C01C1FB33DB3A2A553,PART_875F83D4C1E0185B862F17EC4716D04A,4/18/2023,1,0,2568824.92,1,33.94,16.458,17.482,0,1.156000018,113.8300018,270663.2813,0.545000017,245.9250031,33.94
CUST_2CCC2942B7AC16C01C1FB33DB3A2A553,PART_875F83D4C1E0185B862F17EC4716D04A,4/20/2023,1,0,2643801.49,2,67.88,32.916,34.964,0,1.157999992,113.8099976,270645.5313,0.545000017,245.9459991,67.88
CUST_2CCC2942B7AC16C01C1FB33DB3A2A553,PART_875F83D4C1E0185B862F17EC4716D04A,4/24/2023,1,0,2696203.99,2,67.88,32.916,34.964,0,1.161000013,113.7699966,270610.0625,0.542999983,245.9889984,67.88
CUST_2CCC2942B7AC16C01C1FB33DB3A2A553,PART_875F83D4C1E0185B862F17EC4716D04A,4/25/2023,1,0,2732005.28,2,67.88,32.916,34.964,0,1.161999941,113.7600021,270601.1875,0.542999983,245.9989929,67.88
CUST_2CCC2942B7AC16C01C1FB33DB3A2A553,PART_875F83D4C1E0185B862F17EC4716D04A,4/26/2023,1,0,2770377.32,3,101.82,49.374,52.446,0,1.161999941,113.75,270592.3438,0.542999983,246.0099945,101.82
CUST_2CCC2942B7AC16C01C1FB33DB3A2A553,PART_875F83D4C1E0185B862F17EC4716D04A,4/27/2023,1,0,2792395.88,3,101.82,49.374,52.446,0,1.162999988,113.7399979,270583.4688,0.541999996,246.0200043,101.82
CUST_2CCC2942B7AC16C01C1FB33DB3A2A553,PART_875F83D4C1E0185B862F17EC4716D04A,5/1/2023,1,0,2841012.62,4,135.76,65.832,69.928,0,1.166000009,113.6999969,270548,0.541000009,246.0630035,135.76
CUST_2CCC2942B7AC16C01C1FB33DB3A2A553,PART_875F83D4C1E0185B862F17EC4716D04A,5/3/2023,1,0,2915640.37,1,33.94,16.458,17.482,0,1.164999962,113.7320023,270532.0625,0.541000009,246.1109924,33.94
CUST_2CCC2942B7AC16C01C1FB33DB3A2A553,PART_875F83D4C1E0185B862F17EC4716D04A,5/10/2023,1,0,3083835.28,5,169.7,82.29,87.41,0,1.159999967,113.8450012,270476.2813,0.538999975,246.2779999,169.7
CUST_2CCC2942B7AC16C01C1FB33DB3A2A553,PART_875F83D4C1E0185B862F17EC4716D04A,5/11/2023,1,0,3119961.8,0,0,0,0,0,1.159999967,113.8610001,270468.3125,0.538999975,246.302002,0
CUST_2CCC2942B7AC16C01C1FB33DB3A2A553,PART_875F83D4C1E0185B862F17EC4716D04A,5/12/2023,1,0,3149733.5,2,67.88,32.916,34.964,0,1.159000039,113.8769989,270460.3438,0.538999975,246.326004,67.88
CUST_2CCC2942B7AC16C01C1FB33DB3A2A553,PART_875F83D4C1E0185B862F17EC4716D04A,5/16/2023,1,0,3214216.13,1,33.94,16.458,17.482,0,1.156999946,113.9420013,270428.4688,0.537999988,246.4219971,33.94
CUST_2CCC2942B7AC16C01C1FB33DB3A2A553,PART_875F83D4C1E0185B862F17EC4716D04A,5/17/2023,1,0,3257161.36,1,33.94,16.458,17.482,0,1.156000018,113.9580002,270420.5313,0.537999988,246.4459991,33.94
CUST_2CCC2942B7AC16C01C1FB33DB3A2A553,PART_875F83D4C1E0185B862F17EC4716D04A,5/18/2023,1,0,3301233.29,1,33.94,16.458,17.482,0,1.156000018,113.973999,270412.5625,0.537999988,246.4700012,33.94
CUST_2CCC2942B7AC16C01C1FB33DB3A2A553,PART_875F83D4C1E0185B862F17EC4716D04A,5/19/2023,1,0,3328758.08,3,101.82,49.374,52.446,0,1.154999971,113.9899979,270404.5938,0.537999988,246.4940033,101.82
CUST_2CCC2942B7AC16C01C1FB33DB3A2A553,PART_875F83D4C1E0185B862F17EC4716D04A,5/22/2023,1,0,3346079.33,4,135.76,65.832,69.928,0,1.152999997,114.0390015,270380.6875,0.537,246.5659943,135.76
CUST_2CCC2942B7AC16C01C1FB33DB3A2A553,PART_875F83D4C1E0185B862F17EC4716D04A,5/26/2023,1,0,3446977.37,2,67.88,32.916,34.964,0,1.151000023,114.1029968,270348.8125,0.536000013,246.6609955,67.88
CUST_2CCC2942B7AC16C01C1FB33DB3A2A553,PART_875F83D4C1E0185B862F17EC4716D04A,5/30/2023,1,0,3476776.81,1,33.94,16.458,17.482,0,1.148000002,114.1679993,270316.9375,0.535000026,246.7570038,33.94
CUST_2CCC2942B7AC16C01C1FB33DB3A2A553,PART_875F83D4C1E0185B862F17EC4716D04A,6/1/2023,1,0,3532180.46,-1,-33.94,-16.458,-17.482,0,1.146999955,114.1999969,270301,0.535000026,246.8049927,-33.94
CUST_2CCC2942B7AC16C01C1FB33DB3A2A553,PART_875F83D4C1E0185B862F17EC4716D04A,6/2/2023,1,0,3561711.75,2,67.88,32.916,34.964,0,1.146000028,114.2300034,270319.7188,0.533999979,246.8339996,67.88
CUST_2CCC2942B7AC16C01C1FB33DB3A2A553,PART_875F83D4C1E0185B862F17EC4716D04A,6/3/2023,1,0,3591023.28,2,67.88,32.916,34.964,0,1.144999981,114.2600021,270338.4688,0.532999992,246.8630066,67.88
CUST_2CCC2942B7AC16C01C1FB33DB3A2A553,PART_875F83D4C1E0185B862F17EC4716D04A,6/5/2023,1,0,3591130.96,1,33.94,16.458,17.482,0,1.144000053,114.3199997,270375.9375,0.532000005,246.9210052,33.94
CUST_2CCC2942B7AC16C01C1FB33DB3A2A553,PART_875F83D4C1E0185B862F17EC4716D04A,6/9/2023,1,0,3718255.36,1,34.39,16.458,17.482,0,1.139999986,114.4400024,270450.875,0.528999984,247.0370026,33.94
CUST_2CCC2942B7AC16C01C1FB33DB3A2A553,PART_875F83D4C1E0185B862F17EC4716D04A,6/13/2023,1,0,3772730.99,3,103.17,49.374,52.446,0,1.136999965,114.5599976,270525.8125,0.524999976,247.1529999,101.82
CUST_2CCC2942B7AC16C01C1FB33DB3A2A553,PART_875F83D4C1E0185B862F17EC4716D04A,6/15/2023,1,0,3826846.34,2,68.78,32.916,34.964,0,1.13499999,114.6200027,270563.2813,0.523999989,247.2109985,67.88
CUST_2CCC2942B7AC16C01C1FB33DB3A2A553,PART_875F83D4C1E0185B862F17EC4716D04A,6/16/2023,1,0,3854998.77,-2,-68.78,-32.916,-34.964,0,1.13499999,114.6500015,270582,0.523000002,247.2400055,-67.88
CUST_2CCC2942B7AC16C01C1FB33DB3A2A553,PART_875F83D4C1E0185B862F17EC4716D04A,6/19/2023,1,0,3891563.6,2,68.78,32.916,34.964,0,1.131999969,114.7399979,270638.1875,0.521000028,247.326004,67.88
CUST_2CCC2942B7AC16C01C1FB33DB3A2A553,PART_875F83D4C1E0185B862F17EC4716D04A,6/20/2023,1,0,3915249.33,2,68.78,32.916,34.964,0,1.131000042,114.7699966,270656.9375,0.519999981,247.3549957,67.88
CUST_2CCC2942B7AC16C01C1FB33DB3A2A553,PART_875F83D4C1E0185B862F17EC4716D04A,6/21/2023,1,0,3943554.95,3,103.17,49.374,52.446,0,1.129999995,114.8000031,270675.6563,0.518999994,247.3840027,101.82
CUST_2CCC2942B7AC16C01C1FB33DB3A2A553,PART_875F83D4C1E0185B862F17EC4716D04A,6/22/2023,1,0,3979914.27,1,34.39,16.458,17.482,0,1.129999995,114.8300018,270694.4063,0.518000007,247.4129944,33.94
CUST_2CCC2942B7AC16C01C1FB33DB3A2A553,PART_875F83D4C1E0185B862F17EC4716D04A,6/27/2023,1,0,4066771.81,1,34.39,16.458,17.482,0,1.125,114.9800034,270788.0625,0.513999999,247.5579987,33.94
CUST_2CCC2942B7AC16C01C1FB33DB3A2A553,PART_875F83D4C1E0185B862F17EC4716D04A,6/28/2023,1,0,4098976.43,1,34.39,16.458,17.482,0,1.125,115.0100021,270806.8125,0.513000011,247.5870056,33.94
CUST_2CCC2942B7AC16C01C1FB33DB3A2A553,PART_875F83D4C1E0185B862F17EC4716D04A,7/17/2023,1,0,4461895.67,1,28.31,16.458,11.852,0,1.133000016,114.5319977,271062.2188,0.513000011,247.6790009,28.31
CUST_2CCC2942B7AC16C01C1FB33DB3A2A553,PART_875F83D4C1E0185B862F17EC4716D04A,7/19/2023,1,0,4526185.05,2,56.62,32.916,23.704,0,1.133999944,114.4609985,271087.125,0.513000011,247.6799927,56.62
CUST_2CCC2942B7AC16C01C1FB33DB3A2A553,PART_875F83D4C1E0185B862F17EC4716D04A,8/1/2023,1,0,4770124.98,2,56.62,32.916,23.704,0,1.143000007,114,271249,0.513999999,247.6840057,56.62
CUST_2CCC2942B7AC16C01C1FB33DB3A2A553,PART_875F83D4C1E0185B862F17EC4716D04A,8/2/2023,1,0,4795185.98,1,28.31,16.458,11.852,0,1.144000053,114.0029984,271201.3125,0.513999999,247.697998,28.31
CUST_2CCC2942B7AC16C01C1FB33DB3A2A553,PART_875F83D4C1E0185B862F17EC4716D04A,8/3/2023,1,0,4820735.09,2,56.62,32.916,23.704,0,1.144000053,114.0059967,271153.6563,0.513999999,247.7120056,56.62
CUST_2CCC2942B7AC16C01C1FB33DB3A2A553,PART_875F83D4C1E0185B862F17EC4716D04A,8/9/2023,1,0,4945606.82,1,28.31,16.458,11.852,0,1.148000002,114.026001,270867.5938,0.512000024,247.7969971,28.31
CUST_2CCC2942B7AC16C01C1FB33DB3A2A553,PART_875F83D4C1E0185B862F17EC4716D04A,8/10/2023,1,0,4975092.38,3,84.93,49.374,35.556,0,1.149000049,114.0289993,270819.9063,0.512000024,247.8110046,84.93
CUST_2CCC2942B7AC16C01C1FB33DB3A2A553,PART_875F83D4C1E0185B862F17EC4716D04A,8/17/2023,1,0,5124744.5,1,28.31,16.458,11.852,0,1.152999997,114.052002,270486.1563,0.50999999,247.9089966,28.31
CUST_2CCC2942B7AC16C01C1FB33DB3A2A553,PART_875F83D4C1E0185B862F17EC4716D04A,8/21/2023,1,0,5189253.67,1,28.31,16.458,11.852,0,1.156000018,114.0650024,270295.4375,0.509000003,247.9649963,28.31
CUST_2CCC2942B7AC16C01C1FB33DB3A2A553,PART_875F83D4C1E0185B862F17EC4716D04A,8/23/2023,1,0,5243367.52,2,56.62,32.916,23.704,0,1.156999946,114.0709991,270200.0938,0.509000003,247.9929962,56.62
CUST_2CCC2942B7AC16C01C1FB33DB3A2A553,PART_875F83D4C1E0185B862F17EC4716D04A,8/24/2023,1,0,5258774.63,1,28.31,16.458,11.852,0,1.157999992,114.0739975,270152.4063,0.509000003,248.0070038,28.31
CUST_2CCC2942B7AC16C01C1FB33DB3A2A553,PART_875F83D4C1E0185B862F17EC4716D04A,8/25/2023,1,0,5298662.87,1,28.31,16.458,11.852,0,1.157999992,114.0770035,270104.75,0.509000003,248.0220032,28.31
CUST_2CCC2942B7AC16C01C1FB33DB3A2A553,PART_875F83D4C1E0185B862F17EC4716D04A,8/28/2023,1,0,5326781.65,1,28.31,16.458,11.852,0,1.159999967,114.086998,269961.7188,0.508000016,248.0639954,28.31
CUST_2CCC2942B7AC16C01C1FB33DB3A2A553,PART_875F83D4C1E0185B862F17EC4716D04A,8/30/2023,1,0,5387010.54,1,28.31,16.458,11.852,0,1.161999941,114.0940018,269866.3438,0.507000029,248.0919952,28.31
CUST_2CCC2942B7AC16C01C1FB33DB3A2A553,PART_875F83D4C1E0185B862F17EC4716D04A,9/6/2023,1,0,5516452.89,1,28.31,16.458,11.852,0,1.154000044,114.1330032,269606.3438,0.500999987,248.1300049,28.31
CUST_2CCC2942B7AC16C01C1FB33DB3A2A553,PART_875F83D4C1E0185B862F17EC4716D04A,9/7/2023,1,0,5552785.14,3,84.93,49.374,35.556,0,1.15199995,114.1399994,269573.4063,0.499000013,248.1320038,84.93
CUST_2CCC2942B7AC16C01C1FB33DB3A2A553,PART_875F83D4C1E0185B862F17EC4716D04A,9/8/2023,1,0,5589043.59,5,141.55,82.29,59.26,0,1.149999976,114.1470032,269540.4688,0.497999996,248.1340027,141.55
CUST_2CCC2942B7AC16C01C1FB33DB3A2A553,PART_875F83D4C1E0185B862F17EC4716D04A,9/12/2023,1,0,5659317.14,2,56.62,32.916,23.704,0,1.143000007,114.1729965,269408.7188,0.493000001,248.1410065,56.62
CUST_2CCC2942B7AC16C01C1FB33DB3A2A553,PART_875F83D4C1E0185B862F17EC4716D04A,9/15/2023,1,0,5747575.42,1,28.31,16.458,11.852,0,1.136999965,114.1930008,269309.9375,0.488999993,248.1470032,28.31
CUST_2CCC2942B7AC16C01C1FB33DB3A2A553,PART_875F83D4C1E0185B862F17EC4716D04A,9/18/2023,1,0,5782746.22,1,28.31,16.458,11.852,0,1.131999969,114.2129974,269211.125,0.485000014,248.1529999,28.31
CUST_2CCC2942B7AC16C01C1FB33DB3A2A553,PART_875F83D4C1E0185B862F17EC4716D04A,9/19/2023,1,0,5817389.93,0,0,0,0,0,1.129999995,114.2200012,269178.1875,0.483999997,248.1549988,0
CUST_2CCC2942B7AC16C01C1FB33DB3A2A553,PART_875F83D4C1E0185B862F17EC4716D04A,9/21/2023,1,0,5885101.62,1,28.31,16.458,11.852,0,1.126000047,114.2330017,269112.3438,0.481999993,248.1589966,28.31
CUST_2CCC2942B7AC16C01C1FB33DB3A2A553,PART_875F83D4C1E0185B862F17EC4716D04A,9/22/2023,1,0,5920534.08,1,28.31,16.458,11.852,0,1.125,114.2399979,269079.4063,0.479999989,248.1609955,28.31
CUST_2CCC2942B7AC16C01C1FB33DB3A2A553,PART_875F83D4C1E0185B862F17EC4716D04A,9/25/2023,1,0,5952167.92,4,113.24,65.832,47.408,0,1.118999958,114.2600021,268980.5938,0.476999998,248.1660004,113.24
CUST_2CCC2942B7AC16C01C1FB33DB3A2A553,PART_875F83D4C1E0185B862F17EC4716D04A,9/26/2023,1,0,5967965.42,3,84.93,49.374,35.556,0,1.116999984,114.2669983,268947.6563,0.474999994,248.1679993,84.93
CUST_2CCC2942B7AC16C01C1FB33DB3A2A553,PART_875F83D4C1E0185B862F17EC4716D04A,9/27/2023,1,0,6012557.48,1,28.31,16.458,11.852,0,1.11500001,114.2730026,268914.7188,0.474000007,248.1699982,28.31
CUST_2CCC2942B7AC16C01C1FB33DB3A2A553,PART_875F83D4C1E0185B862F17EC4716D04A,9/28/2023,1,0,6039618.18,1,28.31,16.458,11.852,0,1.113999963,114.2799988,268881.8125,0.47299999,248.1719971,28.31
CUST_2CCC2942B7AC16C01C1FB33DB3A2A553,PART_875F83D4C1E0185B862F17EC4716D04A,10/5/2023,1,0,6207676.97,1,28.37,16.458,11.912,0,1.105999947,114.2229996,269024.8125,0.469999999,248.1920013,28.37
CUST_2CCC2942B7AC16C01C1FB33DB3A2A553,PART_875F83D4C1E0185B862F17EC4716D04A,10/9/2023,1,0,6261213.54,1,28.37,16.458,11.912,0,1.103999972,114.1449966,269266.625,0.469999999,248.2050018,28.37
CUST_2CCC2942B7AC16C01C1FB33DB3A2A553,PART_875F83D4C1E0185B862F17EC4716D04A,10/12/2023,1,0,6323693.17,2,56.74,32.916,23.824,0,1.103000045,114.086998,269447.9688,0.470999986,248.2149963,56.74
CUST_2CCC2942B7AC16C01C1FB33DB3A2A553,PART_875F83D4C1E0185B862F17EC4716D04A,10/16/2023,1,0,6367468.5,1,28.37,16.458,11.912,0,1.100999951,114.0100021,269689.7813,0.470999986,248.2290039,28.37
CUST_2CCC2942B7AC16C01C1FB33DB3A2A553,PART_875F83D4C1E0185B862F17EC4716D04A,10/20/2023,1,0,6470285.82,2,56.74,32.916,23.824,0,1.098999977,113.9319992,269931.5938,0.472000003,248.2420044,56.74
CUST_2CCC2942B7AC16C01C1FB33DB3A2A553,PART_875F83D4C1E0185B862F17EC4716D04A,10/27/2023,1,0,6601515.04,3,85.11,49.374,35.736,0,1.095999956,113.7969971,270354.75,0.47299999,248.2660065,85.11
CUST_2CCC2942B7AC16C01C1FB33DB3A2A553,PART_875F83D4C1E0185B862F17EC4716D04A,10/30/2023,1,0,6625275.83,1,28.37,16.458,11.912,0,1.095000029,113.7389984,270536.0938,0.474000007,248.276001,28.37
CUST_2CCC2942B7AC16C01C1FB33DB3A2A553,PART_875F83D4C1E0185B862F17EC4716D04A,10/31/2023,1,0,6655281.3,2,56.74,32.916,23.824,0,1.093999982,113.7190018,270596.5625,0.474000007,248.2799988,56.74
CUST_2CCC2942B7AC16C01C1FB33DB3A2A553,PART_875F83D4C1E0185B862F17EC4716D04A,11/1/2023,1,0,6696724.7,1,28.37,16.458,11.912,0,1.093999982,113.6999969,270657,0.474000007,248.2830048,28.37
CUST_2CCC2942B7AC16C01C1FB33DB3A2A553,PART_875F83D4C1E0185B862F17EC4716D04A,11/3/2023,1,0,6753092.25,1,28.37,16.458,11.912,0,1.093000054,113.8529968,270644.5938,0.474999994,248.2920074,28.37
CUST_2CCC2942B7AC16C01C1FB33DB3A2A553,PART_875F83D4C1E0185B862F17EC4716D04A,11/6/2023,1,0,6781182.86,1,28.37,16.458,11.912,0,1.090999961,114.0830002,270626,0.476000011,248.3049927,28.37
CUST_2CCC2942B7AC16C01C1FB33DB3A2A553,PART_875F83D4C1E0185B862F17EC4716D04A,11/10/2023,1,0,6923535.8,2,56.74,32.916,23.824,0,1.088999987,114.3899994,270601.1875,0.477999985,248.3220062,56.74
CUST_2CCC2942B7AC16C01C1FB33DB3A2A553,PART_875F83D4C1E0185B862F17EC4716D04A,11/13/2023,1,0,6963992.59,4,113.48,65.832,47.648,0,1.087000012,114.6200027,270582.5938,0.479000002,248.3350067,113.48
CUST_2CCC2942B7AC16C01C1FB33DB3A2A553,PART_875F83D4C1E0185B862F17EC4716D04A,11/14/2023,1,0,6997687.2,2,56.74,32.916,23.824,0,1.087000012,114.6969986,270576.4063,0.479999989,248.3390045,56.74
CUST_2CCC2942B7AC16C01C1FB33DB3A2A553,PART_875F83D4C1E0185B862F17EC4716D04A,11/15/2023,1,0,7021510.22,2,56.74,32.916,23.824,0,1.085999966,114.7730026,270570.1875,0.479999989,248.3439941,56.74
CUST_2CCC2942B7AC16C01C1FB33DB3A2A553,PART_875F83D4C1E0185B862F17EC4716D04A,11/17/2023,1,0,7090181.16,4,113.48,65.832,47.648,0,1.085000038,114.927002,270557.8125,0.481000006,248.352005,113.48
CUST_2CCC2942B7AC16C01C1FB33DB3A2A553,PART_875F83D4C1E0185B862F17EC4716D04A,11/18/2023,1,0,7109153.48,1,28.37,16.458,11.912,0,1.083999991,115.0029984,270551.5938,0.481000006,248.3569946,28.37
CUST_2CCC2942B7AC16C01C1FB33DB3A2A553,PART_875F83D4C1E0185B862F17EC4716D04A,11/20/2023,1,0,7109935.36,3,85.11,49.374,35.736,0,1.082999945,115.1569977,270539.1875,0.481999993,248.3650055,85.11
CUST_2CCC2942B7AC16C01C1FB33DB3A2A553,PART_875F83D4C1E0185B862F17EC4716D04A,11/22/2023,1,0,7178144.995,-1,-28.37,-16.458,-11.912,0,1.082000017,115.3099976,270526.8125,0.48300001,248.3739929,-28.37
CUST_2CCC2942B7AC16C01C1FB33DB3A2A553,PART_875F83D4C1E0185B862F17EC4716D04A,11/27/2023,1,0,7228929.9,1,28.37,16.458,11.912,0,1.078999996,115.6930008,270495.8125,0.485000014,248.3959961,28.37
CUST_2CCC2942B7AC16C01C1FB33DB3A2A553,PART_875F83D4C1E0185B862F17EC4716D04A,11/28/2023,1,0,7261714.26,2,56.74,32.916,23.824,0,1.078999996,115.7699966,270489.5938,0.486000001,248.3999939,56.74
CUST_2CCC2942B7AC16C01C1FB33DB3A2A553,PART_875F83D4C1E0185B862F17EC4716D04A,11/30/2023,1,0,7290244.3,1,28.37,16.458,11.912,0,1.077999949,115.9229965,270477.1875,0.486999989,248.4089966,28.37
CUST_2CCC2942B7AC16C01C1FB33DB3A2A553,PART_875F83D4C1E0185B862F17EC4716D04A,12/1/2023,1,0,7318889.24,2,56.74,32.916,23.824,0,1.077000022,116,270471,0.486999989,248.4129944,56.74
CUST_2CCC2942B7AC16C01C1FB33DB3A2A553,PART_875F83D4C1E0185B862F17EC4716D04A,12/5/2023,1,0,7379608.29,4,113.48,65.832,47.648,0,1.072000027,115.4319992,270760.8125,0.488000005,248.602005,113.48
CUST_2CCC2942B7AC16C01C1FB33DB3A2A553,PART_875F83D4C1E0185B862F17EC4716D04A,12/6/2023,1,0,7409888.65,1,28.37,16.458,11.912,0,1.07099998,115.2900009,270833.25,0.488000005,248.6490021,28.37
CUST_2CCC2942B7AC16C01C1FB33DB3A2A553,PART_875F83D4C1E0185B862F17EC4716D04A,12/12/2023,1,0,7515845.05,3,85.11,49.374,35.736,0,1.06400001,114.439003,271267.9688,0.488999993,248.9320068,85.11
CUST_2CCC2942B7AC16C01C1FB33DB3A2A553,PART_875F83D4C1E0185B862F17EC4716D04A,12/15/2023,1,0,7603897.99,2,56.74,32.916,23.824,0,1.059999943,114.0130005,271485.3125,0.49000001,249.0740051,56.74
CUST_2CCC2942B7AC16C01C1FB33DB3A2A553,PART_875F83D4C1E0185B862F17EC4716D04A,12/19/2023,1,0,7648801.92,1,28.37,16.458,11.912,0,1.054999948,113.4449997,271775.125,0.49000001,249.2619934,28.37
CUST_2CCC2942B7AC16C01C1FB33DB3A2A553,PART_875F83D4C1E0185B862F17EC4716D04A,12/29/2023,1,0,7810357.45,2,56.74,32.916,23.824,0,1.042999983,112.026001,272499.6563,0.492000014,249.7339935,56.74
CUST_2CCC2942B7AC16C01C1FB33DB3A2A553,PART_875F83D4C1E0185B862F17EC4716D04A,12/30/2023,1,0,7831518.25,2,56.74,32.916,23.824,0,1.041000009,111.8840027,272572.0938,0.493000001,249.7819977,56.74
CUST_2CCC2942B7AC16C01C1FB33DB3A2A553,PART_875F83D4C1E0185B862F17EC4716D04A,1/8/2024,1,0,7788009.02,1,28.37,16.458,11.912,0,1.055999994,112.1419983,273810.3438,0.493999988,249.8800049,28.37
CUST_2CCC2942B7AC16C01C1FB33DB3A2A553,PART_875F83D4C1E0185B862F17EC4716D04A,1/9/2024,1,0,7821573.67,1,28.37,16.458,11.912,0,1.059000015,112.2190018,273966.5625,0.493999988,249.8809967,28.37
CUST_2CCC2942B7AC16C01C1FB33DB3A2A553,PART_875F83D4C1E0185B862F17EC4716D04A,1/16/2024,1,0,7815881.34,1,28.37,16.458,11.912,0,1.075999975,112.7610016,275059.9063,0.493999988,249.8849945,28.37
CUST_2CCC2942B7AC16C01C1FB33DB3A2A553,PART_875F83D4C1E0185B862F17EC4716D04A,1/18/2024,1,0,7799032.23,1,28.37,16.458,11.912,0,1.08099997,112.9160004,275372.2813,0.495000005,249.8860016,28.37
CUST_2CCC2942B7AC16C01C1FB33DB3A2A553,PART_875F83D4C1E0185B862F17EC4716D04A,1/25/2024,1,0,7754341.81,1,28.37,16.458,11.912,0,1.09800005,113.4580002,276465.6563,0.495000005,249.8899994,28.37
CUST_2CCC2942B7AC16C01C1FB33DB3A2A553,PART_875F83D4C1E0185B862F17EC4716D04A,1/26/2024,1,0,7746192.11,1,28.37,16.458,11.912,0,1.100000024,113.5350037,276621.8438,0.495000005,249.8910065,28.37
CUST_2CCC2942B7AC16C01C1FB33DB3A2A553,PART_875F83D4C1E0185B862F17EC4716D04A,1/30/2024,1,0,7733945.85,1,28.37,16.458,11.912,0,1.110000014,113.8450012,277246.625,0.495999992,249.8930054,28.37
CUST_2CCC2942B7AC16C01C1FB33DB3A2A553,PART_875F83D4C1E0185B862F17EC4716D04A,2/1/2024,1,0,7723873.07,1,28.37,16.458,11.912,0,1.11500001,114,277559,0.495999992,249.8939972,28.37
CUST_2CCC2942B7AC16C01C1FB33DB3A2A553,PART_875F83D4C1E0185B862F17EC4716D04A,2/2/2024,1,0,7724454.22,1,28.37,16.458,11.912,0,1.11500001,113.9690018,277416.875,0.495999992,249.8950043,28.37
CUST_2CCC2942B7AC16C01C1FB33DB3A2A553,PART_875F83D4C1E0185B862F17EC4716D04A,2/9/2024,1,0,7735598.68,1,28.37,16.458,11.912,0,1.113999963,113.7519989,276421.9063,0.492000014,249.9029999,28.37
CUST_2CCC2942B7AC16C01C1FB33DB3A2A553,PART_875F83D4C1E0185B862F17EC4716D04A,2/12/2024,1,0,7690961.72,1,28.37,16.458,11.912,0,1.113999963,113.6589966,275995.4688,0.490999997,249.9069977,28.37
CUST_2CCC2942B7AC16C01C1FB33DB3A2A553,PART_875F83D4C1E0185B862F17EC4716D04A,2/13/2024,1,0,7719725.39,1,28.37,16.458,11.912,0,1.113999963,113.6279984,275853.3438,0.49000001,249.9080048,28.37
CUST_2CCC2942B7AC16C01C1FB33DB3A2A553,PART_875F83D4C1E0185B862F17EC4716D04A,2/14/2024,1,0,7712797.89,1,28.37,16.458,11.912,0,1.113999963,113.5970001,275711.2188,0.49000001,249.9089966,28.37
CUST_2CCC2942B7AC16C01C1FB33DB3A2A553,PART_875F83D4C1E0185B862F17EC4716D04A,2/15/2024,1,0,7724380.72,3,85.11,49.374,35.736,0,1.113999963,113.5660019,275569.0625,0.488999993,249.9100037,85.11
CUST_2CCC2942B7AC16C01C1FB33DB3A2A553,PART_875F83D4C1E0185B862F17EC4716D04A,2/19/2024,1,0,7662745.68,1,30.95,16.458,14.492,0,1.113999963,113.4410019,275000.5313,0.486999989,249.9149933,30.95
CUST_2CCC2942B7AC16C01C1FB33DB3A2A553,PART_875F83D4C1E0185B862F17EC4716D04A,2/21/2024,1,0,7668883.44,2,61.9,32.916,28.984,0,1.113999963,113.3789978,274716.25,0.486000001,249.9170074,61.9
CUST_2CCC2942B7AC16C01C1FB33DB3A2A553,PART_875F83D4C1E0185B862F17EC4716D04A,2/23/2024,1,0,7682587.02,1,30.95,16.458,14.492,0,1.113000035,113.3170013,274431.9688,0.485000014,249.9199982,30.95
CUST_2CCC2942B7AC16C01C1FB33DB3A2A553,PART_875F83D4C1E0185B862F17EC4716D04A,2/27/2024,1,0,7671238.19,2,61.9,32.916,28.984,0,1.113000035,113.1930008,273863.4063,0.48300001,249.923996,61.9
CUST_2CCC2942B7AC16C01C1FB33DB3A2A553,PART_875F83D4C1E0185B862F17EC4716D04A,2/28/2024,1,0,7688548.55,1,30.95,16.458,14.492,0,1.113000035,113.1620026,273721.2813,0.48300001,249.9259949,30.95
CUST_2CCC2942B7AC16C01C1FB33DB3A2A553,PART_875F83D4C1E0185B862F17EC4716D04A,3/1/2024,1,0,7685930.24,3,92.85,49.374,43.476,0,1.113000035,113.0999985,273437,0.481999993,249.9279938,92.85
CUST_2CCC2942B7AC16C01C1FB33DB3A2A553,PART_875F83D4C1E0185B862F17EC4716D04A,3/5/2024,1,0,7678105.49,1,30.95,16.458,14.492,0,1.110999942,113.0999985,273566.1563,0.481999993,249.9349976,30.95
CUST_2CCC2942B7AC16C01C1FB33DB3A2A553,PART_875F83D4C1E0185B862F17EC4716D04A,3/6/2024,1,0,7680473.71,3,92.85,49.374,38.226,0,1.110999942,113.0999985,273598.4375,0.481999993,249.9360046,87.6
CUST_2CCC2942B7AC16C01C1FB33DB3A2A553,PART_875F83D4C1E0185B862F17EC4716D04A,3/7/2024,1,0,7666536.53,3,92.85,49.374,38.226,0,1.110000014,113.0999985,273630.75,0.481999993,249.9380035,87.6
CUST_2CCC2942B7AC16C01C1FB33DB3A2A553,PART_875F83D4C1E0185B862F17EC4716D04A,3/11/2024,1,0,7607024.82,3,92.85,49.374,38.226,0,1.10800004,113.0999985,273759.9063,0.481000006,249.9450073,87.6
CUST_2CCC2942B7AC16C01C1FB33DB3A2A553,PART_875F83D4C1E0185B862F17EC4716D04A,3/13/2024,1,0,7639909.06,1,30.95,16.458,12.742,0,1.106999993,113.0999985,273824.4688,0.481000006,249.947998,29.2
CUST_2CCC2942B7AC16C01C1FB33DB3A2A553,PART_875F83D4C1E0185B862F17EC4716D04A,3/14/2024,1,0,7638027.05,1,30.95,16.458,12.742,0,1.106999993,113.0999985,273856.7813,0.481000006,249.9499969,29.2
CUST_2CCC2942B7AC16C01C1FB33DB3A2A553,PART_875F83D4C1E0185B862F17EC4716D04A,3/21/2024,1,0,7633551.68,1,30.95,16.458,12.742,0,1.103000045,113.0999985,274082.8125,0.481000006,249.9620056,29.2
CUST_2CCC2942B7AC16C01C1FB33DB3A2A553,PART_875F83D4C1E0185B862F17EC4716D04A,3/25/2024,1,0,7623454.02,4,123.8,65.832,50.968,0,1.100999951,113.0999985,274211.9688,0.479999989,249.9680023,116.8
CUST_2CCC2942B7AC16C01C1FB33DB3A2A553,PART_875F83D4C1E0185B862F17EC4716D04A,3/26/2024,1,0,7655569.48,1,30.95,16.458,12.742,0,1.100999951,113.0999985,274244.25,0.479999989,249.9700012,29.2
CUST_2CCC2942B7AC16C01C1FB33DB3A2A553,PART_875F83D4C1E0185B862F17EC4716D04A,3/27/2024,1,0,7637233.8,1,30.95,16.458,12.742,0,1.100000024,113.0999985,274276.5625,0.479999989,249.9720001,29.2
CUST_2CCC2942B7AC16C01C1FB33DB3A2A553,PART_875F83D4C1E0185B862F17EC4716D04A,3/28/2024,1,0,7618542.97,1,30.95,16.458,12.742,0,1.100000024,113.0999985,274308.8438,0.479999989,249.9730072,29.2
CUST_2CCC2942B7AC16C01C1FB33DB3A2A553,PART_875F83D4C1E0185B862F17EC4716D04A,4/4/2024,1,0,7609825.78,2,58.3,32.916,25.384,0,1.09800005,113.2799988,274444.8125,0.479000002,249.9230042,58.3
CUST_2CCC2942B7AC16C01C1FB33DB3A2A553,PART_875F83D4C1E0185B862F17EC4716D04A,4/5/2024,1,0,7607149.48,2,58.3,32.916,25.384,0,1.09800005,113.3399963,274447.0625,0.479000002,249.904007,58.3
CUST_2CCC2942B7AC16C01C1FB33DB3A2A553,PART_875F83D4C1E0185B862F17EC4716D04A,4/8/2024,1,0,7573657.4,1,29.15,16.458,12.692,0,1.09800005,113.5199966,274453.875,0.477999985,249.8470001,29.15
CUST_2CCC2942B7AC16C01C1FB33DB3A2A553,PART_875F83D4C1E0185B862F17EC4716D04A,4/10/2024,1,0,7594818.87,2,58.3,32.916,25.384,0,1.09800005,113.6399994,274458.4063,0.477999985,249.8099976,58.3
CUST_2CCC2942B7AC16C01C1FB33DB3A2A553,PART_875F83D4C1E0185B862F17EC4716D04A,4/11/2024,1,0,7596657.9,1,29.15,16.458,12.692,0,1.09800005,113.6999969,274460.6563,0.477999985,249.7910004,29.15
CUST_2CCC2942B7AC16C01C1FB33DB3A2A553,PART_875F83D4C1E0185B862F17EC4716D04A,4/12/2024,1,0,7590555.81,2,58.3,32.916,25.384,0,1.09800005,113.7600021,274462.9375,0.476999998,249.7720032,58.3
CUST_2CCC2942B7AC16C01C1FB33DB3A2A553,PART_875F83D4C1E0185B862F17EC4716D04A,4/15/2024,1,0,7547978.07,2,58.3,32.916,25.384,0,1.09800005,113.9400024,274469.7188,0.476999998,249.7149963,58.3
CUST_2CCC2942B7AC16C01C1FB33DB3A2A553,PART_875F83D4C1E0185B862F17EC4716D04A,4/17/2024,1,0,7564652.39,1,29.15,16.458,12.692,0,1.09800005,114.0599976,274474.2813,0.476000011,249.677002,29.15
CUST_2CCC2942B7AC16C01C1FB33DB3A2A553,PART_875F83D4C1E0185B862F17EC4716D04A,4/18/2024,1,0,7564344.45,2,58.3,32.916,25.384,0,1.09800005,114.1200027,274476.5313,0.476000011,249.6580048,58.3
CUST_2CCC2942B7AC16C01C1FB33DB3A2A553,PART_875F83D4C1E0185B862F17EC4716D04A,4/23/2024,1,0,7542345.51,1,29.15,16.458,12.692,0,1.09800005,114.4199982,274487.875,0.474999994,249.5630035,29.15
CUST_2CCC2942B7AC16C01C1FB33DB3A2A553,PART_875F83D4C1E0185B862F17EC4716D04A,4/24/2024,1,0,7537256.11,2,58.3,32.916,25.384,0,1.09800005,114.4800034,274490.125,0.474999994,249.5449982,58.3
CUST_2CCC2942B7AC16C01C1FB33DB3A2A553,PART_875F83D4C1E0185B862F17EC4716D04A,4/25/2024,1,0,7502292.48,1,29.15,16.458,12.692,0,1.09800005,114.5400009,274492.4063,0.474000007,249.526001,29.15
CUST_2CCC2942B7AC16C01C1FB33DB3A2A553,PART_875F83D4C1E0185B862F17EC4716D04A,4/26/2024,1,0,7507565.27,2,58.3,32.916,25.384,0,1.09800005,114.5999985,274494.6563,0.474000007,249.5070038,58.3
CUST_2CCC2942B7AC16C01C1FB33DB3A2A553,PART_875F83D4C1E0185B862F17EC4716D04A,4/29/2024,1,0,7486544.52,2,58.3,32.916,25.384,0,1.09800005,114.7799988,274501.4688,0.47299999,249.4499969,58.3
CUST_2CCC2942B7AC16C01C1FB33DB3A2A553,PART_875F83D4C1E0185B862F17EC4716D04A,5/1/2024,1,0,7481903.88,3,87.45,49.374,38.076,0,1.09800005,114.9000015,274506,0.47299999,249.4120026,87.45
CUST_2CCC2942B7AC16C01C1FB33DB3A2A553,PART_875F83D4C1E0185B862F17EC4716D04A,5/7/2024,1,0,7436120.73,3,87.45,49.374,38.076,0,1.093999982,114.7060013,274458.7813,0.472000003,249.4149933,87.45
CUST_2CCC2942B7AC16C01C1FB33DB3A2A553,PART_875F83D4C1E0185B862F17EC4716D04A,5/10/2024,1,0,7465570.94,3,87.45,49.374,38.076,0,1.092000008,114.6100006,274435.1563,0.470999986,249.4160004,87.45
CUST_2CCC2942B7AC16C01C1FB33DB3A2A553,PART_875F83D4C1E0185B862F17EC4716D04A,5/14/2024,1,0,7451386.82,2,58.3,32.916,25.384,0,1.090000033,114.4810028,274403.6875,0.469999999,249.4179993,58.3
CUST_2CCC2942B7AC16C01C1FB33DB3A2A553,PART_875F83D4C1E0185B862F17EC4716D04A,5/15/2024,1,0,7443943.78,3,87.45,49.374,38.076,0,1.088999987,114.447998,274395.8125,0.469999999,249.4179993,87.45
CUST_2CCC2942B7AC16C01C1FB33DB3A2A553,PART_875F83D4C1E0185B862F17EC4716D04A,5/20/2024,1,0,7407569.36,3,87.45,49.374,38.076,0,1.085999966,114.2870026,274356.4375,0.469000012,249.4210052,87.45
CUST_2CCC2942B7AC16C01C1FB33DB3A2A553,PART_875F83D4C1E0185B862F17EC4716D04A,5/22/2024,1,0,7445544.16,2,58.3,32.916,25.384,0,1.083999991,114.2229996,274340.7188,0.467999995,249.4210052,58.3
CUST_2CCC2942B7AC16C01C1FB33DB3A2A553,PART_875F83D4C1E0185B862F17EC4716D04A,5/23/2024,1,0,7455499.27,1,29.15,16.458,12.692,0,1.083999991,114.1900024,274332.8438,0.467999995,249.4219971,29.15
CUST_2CCC2942B7AC16C01C1FB33DB3A2A553,PART_875F83D4C1E0185B862F17EC4716D04A,5/28/2024,1,0,7426434.22,1,29.15,16.458,12.692,0,1.08099997,114.0289993,274293.4688,0.467000008,249.423996,29.15
CUST_2CCC2942B7AC16C01C1FB33DB3A2A553,PART_875F83D4C1E0185B862F17EC4716D04A,5/30/2024,1,0,7449945.01,1,29.15,16.458,12.692,0,1.078999996,113.9649963,274277.75,0.465999991,249.4250031,29.15
CUST_2CCC2942B7AC16C01C1FB33DB3A2A553,PART_875F83D4C1E0185B862F17EC4716D04A,6/3/2024,1,0,7412026.82,2,58.3,31.934,26.366,0,1.080000043,113.8799973,274203.0625,0.467999995,249.427002,58.3
CUST_2CCC2942B7AC16C01C1FB33DB3A2A553,PART_875F83D4C1E0185B862F17EC4716D04A,6/4/2024,1,0,7436335.54,2,58.3,31.934,26.366,0,1.08099997,113.8700027,274173.5938,0.469000012,249.4279938,58.3
CUST_2CCC2942B7AC16C01C1FB33DB3A2A553,PART_875F83D4C1E0185B862F17EC4716D04A,6/5/2024,1,0,7424610.05,2,58.3,31.934,26.366,0,1.082000017,113.8600006,274144.125,0.469999999,249.4279938,58.3
CUST_2CCC2942B7AC16C01C1FB33DB3A2A553,PART_875F83D4C1E0185B862F17EC4716D04A,6/10/2024,1,0,7392860.63,2,58.3,31.934,26.366,0,1.088000059,113.8099976,273996.8125,0.474999994,249.4309998,58.3
CUST_2CCC2942B7AC16C01C1FB33DB3A2A553,PART_875F83D4C1E0185B862F17EC4716D04A,6/11/2024,1,0,7411425.26,1,29.15,15.967,13.183,0,1.088999987,113.8000031,273967.3438,0.476000011,249.4309998,29.15
CUST_2CCC2942B7AC16C01C1FB33DB3A2A553,PART_875F83D4C1E0185B862F17EC4716D04A,6/12/2024,1,0,7423558.18,1,29.15,15.967,13.183,0,1.090000033,113.7900009,273937.875,0.476999998,249.4320068,29.15
CUST_2CCC2942B7AC16C01C1FB33DB3A2A553,PART_875F83D4C1E0185B862F17EC4716D04A,6/14/2024,1,0,7406711.13,1,29.15,15.967,13.183,0,1.092000008,113.7699966,273878.9375,0.479000002,249.4329987,29.15
CUST_2CCC2942B7AC16C01C1FB33DB3A2A553,PART_875F83D4C1E0185B862F17EC4716D04A,6/19/2024,1,0,7408306.56,1,29.15,15.967,13.183,0,1.097000003,113.7200012,273731.5938,0.48300001,249.4360046,29.15
CUST_2CCC2942B7AC16C01C1FB33DB3A2A553,PART_875F83D4C1E0185B862F17EC4716D04A,6/20/2024,1,0,7408278.31,1,29.15,15.967,13.183,0,1.09800005,113.7099991,273702.125,0.483999997,249.4360046,29.15
CUST_2CCC2942B7AC16C01C1FB33DB3A2A553,PART_875F83D4C1E0185B862F17EC4716D04A,6/21/2024,1,0,7401073.9,3,87.45,47.901,39.549,0,1.098999977,113.6999969,273672.6563,0.485000014,249.4369965,87.45
CUST_2CCC2942B7AC16C01C1FB33DB3A2A553,PART_875F83D4C1E0185B862F17EC4716D04A,6/24/2024,1,0,7371698.06,1,29.15,15.967,13.183,0,1.103000045,113.6699982,273584.2813,0.488000005,249.4380035,29.15
CUST_2CCC2942B7AC16C01C1FB33DB3A2A553,PART_875F83D4C1E0185B862F17EC4716D04A,6/25/2024,1,0,7394936.82,1,29.15,15.967,13.183,0,1.103999972,113.6600037,273554.8125,0.488999993,249.4389954,29.15
CUST_2CCC2942B7AC16C01C1FB33DB3A2A553,PART_875F83D4C1E0185B862F17EC4716D04A,7/6/2024,1,0,7392518.95,1,28.34,15.967,12.373,0,1.111999989,113.7289963,273529.4375,0.495000005,249.4440002,28.34
CUST_2CCC2942B7AC16C01C1FB33DB3A2A553,PART_875F83D4C1E0185B862F17EC4716D04A,7/8/2024,1,0,7346818.37,2,56.68,31.934,24.746,0,1.111999989,113.7809982,273590.0313,0.495000005,249.4440002,56.68
CUST_2CCC2942B7AC16C01C1FB33DB3A2A553,PART_875F83D4C1E0185B862F17EC4716D04A,7/9/2024,1,0,7373333.66,1,28.34,15.967,12.373,0,1.113000035,113.8059998,273620.3125,0.495000005,249.4450073,28.34
CUST_2CCC2942B7AC16C01C1FB33DB3A2A553,PART_875F83D4C1E0185B862F17EC4716D04A,7/10/2024,1,0,7384651.45,1,28.34,15.967,12.373,0,1.113000035,113.8320007,273650.625,0.495000005,249.4450073,28.34
CUST_2CCC2942B7AC16C01C1FB33DB3A2A553,PART_875F83D4C1E0185B862F17EC4716D04A,7/11/2024,1,0,7398368.41,4,113.36,63.868,52.072,0,1.113999963,113.8580017,273680.9063,0.495000005,249.4459991,115.94
CUST_2CCC2942B7AC16C01C1FB33DB3A2A553,PART_875F83D4C1E0185B862F17EC4716D04A,7/15/2024,1,0,7352884.28,1,28.34,15.967,12.373,0,1.11500001,113.9609985,273802.0625,0.495000005,249.4470062,28.34
CUST_2CCC2942B7AC16C01C1FB33DB3A2A553,PART_875F83D4C1E0185B862F17EC4716D04A,7/18/2024,1,0,7381242.38,1,28.34,15.967,12.373,0,1.116000056,114.0390015,273892.9375,0.493999988,249.447998,28.34
CUST_2CCC2942B7AC16C01C1FB33DB3A2A553,PART_875F83D4C1E0185B862F17EC4716D04A,7/22/2024,1,0,7354733.83,3,85.02,47.901,37.119,0,1.116999984,114.1419983,274014.0938,0.493999988,249.4490051,85.02
CUST_2CCC2942B7AC16C01C1FB33DB3A2A553,PART_875F83D4C1E0185B862F17EC4716D04A,7/23/2024,1,0,7383032.57,1,28.34,15.967,12.373,0,1.118000031,114.1679993,274044.375,0.493999988,249.4499969,28.34
CUST_2CCC2942B7AC16C01C1FB33DB3A2A553,PART_875F83D4C1E0185B862F17EC4716D04A,7/24/2024,1,0,7394741.76,1,28.34,15.967,12.373,0,1.118000031,114.1940002,274074.6875,0.493999988,249.4499969,28.34
CUST_2CCC2942B7AC16C01C1FB33DB3A2A553,PART_875F83D4C1E0185B862F17EC4716D04A,7/29/2024,1,0,7373113.27,1,28.34,15.967,12.373,0,1.120000005,114.322998,274226.125,0.493999988,249.4519958,28.34
CUST_2CCC2942B7AC16C01C1FB33DB3A2A553,PART_875F83D4C1E0185B862F17EC4716D04A,7/30/2024,1,0,7392826.64,1,28.34,15.967,12.373,0,1.120000005,114.3479996,274256.4063,0.493999988,249.4519958,28.34
CUST_2CCC2942B7AC16C01C1FB33DB3A2A553,PART_875F83D4C1E0185B862F17EC4716D04A,8/2/2024,1,0,7405470.33,1,28.34,15.967,12.373,0,1.120000005,114.3580017,274279.3438,0.493999988,249.5540009,28.34
CUST_2CCC2942B7AC16C01C1FB33DB3A2A553,PART_875F83D4C1E0185B862F17EC4716D04A,8/5/2024,1,0,7363549.83,2,56.68,31.934,24.746,0,1.118999958,114.2320023,274166.4063,0.492000014,249.8569946,56.68
CUST_2CCC2942B7AC16C01C1FB33DB3A2A553,PART_875F83D4C1E0185B862F17EC4716D04A,8/6/2024,1,0,7390202.11,2,56.68,31.934,24.746,0,1.118000031,114.1900024,274128.7813,0.492000014,249.9579926,56.68
CUST_2CCC2942B7AC16C01C1FB33DB3A2A553,PART_875F83D4C1E0185B862F17EC4716D04A,8/9/2024,1,0,7388224.44,1,28.34,15.967,12.373,0,1.116000056,114.0650024,274015.8438,0.49000001,250.2619934,28.34
CUST_2CCC2942B7AC16C01C1FB33DB3A2A553,PART_875F83D4C1E0185B862F17EC4716D04A,8/14/2024,1,0,7387780.89,3,85.02,47.901,37.119,0,1.113000035,113.8550034,273827.625,0.488000005,250.7669983,85.02
CUST_2CCC2942B7AC16C01C1FB33DB3A2A553,PART_875F83D4C1E0185B862F17EC4716D04A,8/15/2024,1,0,7369736.89,1,28.34,15.967,12.373,0,1.111999989,113.8130035,273789.9688,0.488000005,250.8679962,28.34
CUST_2CCC2942B7AC16C01C1FB33DB3A2A553,PART_875F83D4C1E0185B862F17EC4716D04A,8/16/2024,1,0,7385254.96,2,56.68,31.934,24.746,0,1.111999989,113.7710037,273752.3125,0.486999989,250.9689941,56.68
CUST_2CCC2942B7AC16C01C1FB33DB3A2A553,PART_875F83D4C1E0185B862F17EC4716D04A,8/21/2024,1,0,7402413.54,2,56.68,31.934,24.746,0,1.108999968,113.560997,273564.0938,0.485000014,251.473999,56.68
CUST_2CCC2942B7AC16C01C1FB33DB3A2A553,PART_875F83D4C1E0185B862F17EC4716D04A,8/22/2024,1,0,7411775.02,4,113.36,63.868,49.492,0,1.10800004,113.5189972,273526.4375,0.485000014,251.5749969,113.36
CUST_2CCC2942B7AC16C01C1FB33DB3A2A553,PART_875F83D4C1E0185B862F17EC4716D04A,8/28/2024,1,0,7403353.21,1,28.34,15.967,12.373,0,1.103999972,113.2679977,273300.5938,0.481999993,252.1820068,28.34
CUST_2CCC2942B7AC16C01C1FB33DB3A2A553,PART_875F83D4C1E0185B862F17EC4716D04A,8/29/2024,1,0,7387677.8,1,28.34,15.967,12.373,0,1.103999972,113.2259979,273262.9375,0.481000006,252.2830048,28.34
CUST_2CCC2942B7AC16C01C1FB33DB3A2A553,PART_875F83D4C1E0185B862F17EC4716D04A,9/3/2024,1,0,7343861.87,1,28.34,15.967,12.373,0,1.100999951,113.1600037,273348.3438,0.479000002,252.5859985,28.34
CUST_2CCC2942B7AC16C01C1FB33DB3A2A553,PART_875F83D4C1E0185B862F17EC4716D04A,9/9/2024,1,0,7297863.11,3,85.02,47.901,37.119,0,1.095999956,113.3399963,273943.3438,0.476000011,252.5859985,85.02
CUST_2CCC2942B7AC16C01C1FB33DB3A2A553,PART_875F83D4C1E0185B862F17EC4716D04A,9/12/2024,1,0,7302412.1,1,28.34,15.967,12.373,0,1.093999982,113.4300003,274240.8438,0.474000007,252.5859985,28.34
CUST_2CCC2942B7AC16C01C1FB33DB3A2A553,PART_875F83D4C1E0185B862F17EC4716D04A,9/14/2024,1,0,7306394.11,3,85.02,47.901,37.119,0,1.093000054,113.4899979,274439.1563,0.47299999,252.5859985,85.02
CUST_2CCC2942B7AC16C01C1FB33DB3A2A553,PART_875F83D4C1E0185B862F17EC4716D04A,9/19/2024,1,0,7277404.62,1,28.34,15.967,13.233,0,1.088999987,113.6399994,274935,0.469999999,252.5859985,29.2
CUST_2CCC2942B7AC16C01C1FB33DB3A2A553,PART_875F83D4C1E0185B862F17EC4716D04A,9/20/2024,1,0,7266391.15,2,56.68,31.934,26.466,0,1.088999987,113.6699982,275034.1563,0.469999999,252.5859985,58.4
CUST_2CCC2942B7AC16C01C1FB33DB3A2A553,PART_875F83D4C1E0185B862F17EC4716D04A,9/24/2024,1,0,7260896.91,2,56.68,31.934,26.466,0,1.085999966,113.7900009,275430.8438,0.467999995,252.5859985,58.4
CUST_2CCC2942B7AC16C01C1FB33DB3A2A553,PART_875F83D4C1E0185B862F17EC4716D04A,9/25/2024,1,0,7272351.89,2,56.68,31.934,26.466,0,1.085000038,113.8199997,275530,0.467000008,252.5859985,58.4
CUST_2CCC2942B7AC16C01C1FB33DB3A2A553,PART_875F83D4C1E0185B862F17EC4716D04A,9/26/2024,1,0,7261399.09,1,28.34,15.967,13.233,0,1.085000038,113.8499985,275629.1563,0.467000008,252.5859985,29.2
CUST_2CCC2942B7AC16C01C1FB33DB3A2A553,PART_875F83D4C1E0185B862F17EC4716D04A,9/27/2024,1,0,7258675.97,1,28.34,15.967,13.233,0,1.083999991,113.8799973,275728.3438,0.465999991,252.5859985,29.2
CUST_2CCC2942B7AC16C01C1FB33DB3A2A553,PART_875F83D4C1E0185B862F17EC4716D04A,10/1/2024,1,0,7246045.65,1,28.34,15.967,13.233,0,1.08099997,114,276125,0.463999987,252.5859985,29.2
CUST_2CCC2942B7AC16C01C1FB33DB3A2A553,PART_875F83D4C1E0185B862F17EC4716D04A,10/3/2024,1,0,7226428.11,2,56.68,31.934,26.466,0,1.08099997,113.9349976,276014.8125,0.465999991,252.5890045,58.4
CUST_2CCC2942B7AC16C01C1FB33DB3A2A553,PART_875F83D4C1E0185B862F17EC4716D04A,10/4/2024,1,0,7210413.54,7,198.38,111.769,92.631,0,1.08099997,113.9029999,275959.7188,0.467000008,252.5899963,204.4
CUST_2CCC2942B7AC16C01C1FB33DB3A2A553,PART_875F83D4C1E0185B862F17EC4716D04A,10/7/2024,1,0,7180077.6,3,85.02,47.901,39.699,0,1.082000017,113.8059998,275794.4063,0.469000012,252.5939941,87.6
CUST_2CCC2942B7AC16C01C1FB33DB3A2A553,PART_875F83D4C1E0185B862F17EC4716D04A,10/14/2024,1,0,7207312.24,1,28.34,15.967,13.233,0,1.082999945,113.5810013,275408.75,0.474999994,252.6029968,29.2
CUST_2CCC2942B7AC16C01C1FB33DB3A2A553,PART_875F83D4C1E0185B862F17EC4716D04A,10/16/2024,1,0,7230980.75,1,28.34,15.967,13.233,0,1.082999945,113.5159988,275298.5625,0.476999998,252.6049957,29.2
CUST_2CCC2942B7AC16C01C1FB33DB3A2A553,PART_875F83D4C1E0185B862F17EC4716D04A,10/18/2024,1,0,7228153.08,1,28.34,15.967,13.233,0,1.083999991,113.4520035,275188.3438,0.479000002,252.6080017,29.2
CUST_2CCC2942B7AC16C01C1FB33DB3A2A553,PART_875F83D4C1E0185B862F17EC4716D04A,10/21/2024,1,0,7202505.98,2,56.68,31.934,26.466,0,1.083999991,113.3550034,275023.0625,0.481000006,252.6119995,58.4
CUST_2CCC2942B7AC16C01C1FB33DB3A2A553,PART_875F83D4C1E0185B862F17EC4716D04A,10/29/2024,1,0,7234745.78,2,56.68,31.934,26.466,0,1.085999966,113.0970001,274582.2813,0.488000005,252.621994,58.4
CUST_2CCC2942B7AC16C01C1FB33DB3A2A553,PART_875F83D4C1E0185B862F17EC4716D04A,11/5/2024,1,0,7215781.73,1,28.34,15.967,13.233,0,1.075000048,112.9469986,274644.1875,0.486999989,252.6439972,29.2
CUST_2CCC2942B7AC16C01C1FB33DB3A2A553,PART_875F83D4C1E0185B862F17EC4716D04A,11/13/2024,1,0,7133683.91,4,113.36,63.868,52.932,0,1.05400002,112.8399963,275098.5938,0.479000002,252.6799927,116.8
CUST_2CCC2942B7AC16C01C1FB33DB3A2A553,PART_875F83D4C1E0185B862F17EC4716D04A,11/26/2024,1,0,7118999.78,1,28.34,15.967,13.233,0,1.019999981,112.6669998,275837,0.465999991,252.7389984,29.2
CUST_2CCC2942B7AC16C01C1FB33DB3A2A553,PART_875F83D4C1E0185B862F17EC4716D04A,12/2/2024,1,0,7086411.78,2,56.68,31.934,26.466,0,1.004999995,112.5839996,276118.0625,0.460999995,252.7619934,58.4
CUST_2CCC2942B7AC16C01C1FB33DB3A2A553,PART_875F83D4C1E0185B862F17EC4716D04A,12/9/2024,1,0,7097757.34,1,28.34,15.967,13.233,0,0.992999971,112.4710007,276097.5313,0.463999987,252.7599945,29.2
CUST_2CCC2942B7AC16C01C1FB33DB3A2A553,PART_875F83D4C1E0185B862F17EC4716D04A,12/12/2024,1,0,7133383.03,2,56.68,31.934,26.466,0,0.987999976,112.4229965,276088.7188,0.465999991,252.7590027,58.4
CUST_2CCC2942B7AC16C01C1FB33DB3A2A553,PART_875F83D4C1E0185B862F17EC4716D04A,12/13/2024,1,0,7120037.86,0,0,0,0,0,0.986000001,112.4059982,276085.7813,0.465999991,252.7590027,0
CUST_2CCC2942B7AC16C01C1FB33DB3A2A553,PART_875F83D4C1E0185B862F17EC4716D04A,12/16/2024,1,0,7096228.61,5,141.7,79.835,66.165,0,0.981000006,112.3580017,276076.9688,0.467000008,252.7579956,146
CUST_2CCC2942B7AC16C01C1FB33DB3A2A553,PART_875F83D4C1E0185B862F17EC4716D04A,12/17/2024,1,0,7120738.95,-1,-28.34,-15.967,-13.233,0,0.980000019,112.3420029,276074.0313,0.467999995,252.7570038,-29.2
CUST_2CCC2942B7AC16C01C1FB33DB3A2A553,PART_875F83D4C1E0185B862F17EC4716D04A,12/23/2024,1,0,7105189.15,2,56.68,31.934,26.466,0,0.968999982,112.2450027,276056.4063,0.469999999,252.7559967,58.4
CUST_2CCC2942B7AC16C01C1FB33DB3A2A553,PART_875F83D4C1E0185B862F17EC4716D04A,12/24/2024,1,0,7128248.86,1,28.34,15.967,13.233,0,0.967999995,112.2289963,276053.4688,0.470999986,252.7550049,29.2
CUST_2CCC2942B7AC16C01C1FB33DB3A2A553,PART_875F83D4C1E0185B862F17EC4716D04A,12/27/2024,1,0,7116174.38,1,28.34,15.967,13.233,0,0.963,112.1809998,276044.6875,0.472000003,252.7539978,29.2
CUST_2CCC2942B7AC16C01C1FB33DB3A2A553,PART_875F83D4C1E0185B862F17EC4716D04A,1/3/2025,1,0,7099835.98,2,56.68,31.934,26.466,0,0.959999979,112.2160034,275929.875,0.472000003,252.7960052,58.4
CUST_2CCC2942B7AC16C01C1FB33DB3A2A553,PART_875F83D4C1E0185B862F17EC4716D04A,1/4/2025,1,0,7088584.86,2,56.68,31.934,26.466,0,0.963999987,112.2740021,275879.8125,0.470999986,252.8179932,58.4
CUST_2CCC2942B7AC16C01C1FB33DB3A2A553,PART_875F83D4C1E0185B862F17EC4716D04A,1/13/2025,1,0,7020527.44,3,85.02,47.901,39.699,0,0.992999971,112.7969971,275429.2188,0.463,253.0119934,87.6
CUST_2CCC2942B7AC16C01C1FB33DB3A2A553,PART_875F83D4C1E0185B862F17EC4716D04A,1/16/2025,1,0,7048690.54,2,56.68,31.934,26.466,0,1.001999974,112.9710007,275279.0313,0.460000008,253.0769958,58.4
CUST_2CCC2942B7AC16C01C1FB33DB3A2A553,PART_875F83D4C1E0185B862F17EC4716D04A,1/20/2025,1,0,7017576.06,1,28.34,15.967,13.233,0,1.014999986,113.2030029,275078.7813,0.456999987,253.1640015,29.2
CUST_2CCC2942B7AC16C01C1FB33DB3A2A553,PART_875F83D4C1E0185B862F17EC4716D04A,1/23/2025,1,0,7054228.53,1,28.34,15.967,13.233,0,1.024999976,113.3769989,274928.5938,0.453999996,253.2279968,29.2
CUST_2CCC2942B7AC16C01C1FB33DB3A2A553,PART_875F83D4C1E0185B862F17EC4716D04A,1/27/2025,1,0,7000108,1,28.34,15.967,13.233,0,1.037999988,113.6100006,274728.3125,0.451000005,253.3150024,29.2
CUST_2CCC2942B7AC16C01C1FB33DB3A2A553,PART_875F83D4C1E0185B862F17EC4716D04A,1/29/2025,1,0,7027900.52,1,28.34,15.967,13.233,0,1.04400003,113.7259979,274628.1875,0.449000001,253.3580017,29.2
CUST_2CCC2942B7AC16C01C1FB33DB3A2A553,PART_875F83D4C1E0185B862F17EC4716D04A,1/31/2025,1,0,7011506.93,3,85.02,47.901,39.699,0,1.050999999,113.8420029,274528.0625,0.446999997,253.401001,87.6
CUST_2CCC2942B7AC16C01C1FB33DB3A2A553,PART_875F83D4C1E0185B862F17EC4716D04A,2/4/2025,1,0,6989144.91,2,56.68,31.934,26.466,0,1.05400002,113.8679962,274774.9063,0.446999997,253.5070038,58.4
CUST_2CCC2942B7AC16C01C1FB33DB3A2A553,PART_875F83D4C1E0185B862F17EC4716D04A,2/6/2025,1,0,6972527.58,3,85.02,47.901,39.699,0,1.05400002,113.8460007,274972.8125,0.448000014,253.5630035,87.6
CUST_2CCC2942B7AC16C01C1FB33DB3A2A553,PART_875F83D4C1E0185B862F17EC4716D04A,2/11/2025,1,0,6947687.23,1,28.34,15.967,13.233,0,1.05400002,113.7929993,275467.6563,0.449999988,253.7019958,29.2
CUST_2CCC2942B7AC16C01C1FB33DB3A2A553,PART_875F83D4C1E0185B862F17EC4716D04A,2/14/2025,1,0,6904491.58,2,56.78,31.934,26.466,0,1.05400002,113.7610016,275764.5313,0.451999992,253.7859955,58.4
CUST_2CCC2942B7AC16C01C1FB33DB3A2A553,PART_875F83D4C1E0185B862F17EC4716D04A,2/18/2025,1,0,6908349.94,2,56.78,31.934,26.466,0,1.05400002,113.7180023,276160.4063,0.453000009,253.897995,58.4
CUST_2CCC2942B7AC16C01C1FB33DB3A2A553,PART_875F83D4C1E0185B862F17EC4716D04A,2/20/2025,1,0,6939770.43,1,28.39,15.967,13.233,0,1.05400002,113.6959991,276358.3125,0.453999996,253.9539948,29.2
CUST_2CCC2942B7AC16C01C1FB33DB3A2A553,PART_875F83D4C1E0185B862F17EC4716D04A,2/21/2025,1,0,6935722.21,1,28.39,15.967,13.233,0,1.05400002,113.685997,276457.2813,0.455000013,253.9819946,29.2
CUST_2CCC2942B7AC16C01C1FB33DB3A2A553,PART_875F83D4C1E0185B862F17EC4716D04A,2/25/2025,1,0,6917852.99,1,28.39,15.967,13.233,0,1.05400002,113.6429977,276853.1563,0.456,254.0930023,29.2
CUST_2CCC2942B7AC16C01C1FB33DB3A2A553,PART_875F83D4C1E0185B862F17EC4716D04A,2/28/2025,1,0,6927172.08,1,28.39,15.967,13.233,0,1.05400002,113.6110001,277150.0313,0.458000004,254.177002,29.2
CUST_2CCC2942B7AC16C01C1FB33DB3A2A553,PART_875F83D4C1E0185B862F17EC4716D04A,3/3/2025,1,0,6889017.59,3,85.17,47.901,28.749,0,1.05400002,113.612999,277302.1563,0.458000004,254.2089996,76.65
CUST_2CCC2942B7AC16C01C1FB33DB3A2A553,PART_875F83D4C1E0185B862F17EC4716D04A,3/4/2025,1,0,6911143.32,3,85.17,47.901,28.749,0,1.05400002,113.6190033,277328.75,0.456999987,254.2120056,76.65
CUST_2CCC2942B7AC16C01C1FB33DB3A2A553,PART_875F83D4C1E0185B862F17EC4716D04A,3/7/2025,1,0,6915556.62,1,28.39,15.967,9.583,0,1.054999948,113.6389999,277408.4688,0.456999987,254.2180023,25.55
CUST_2CCC2942B7AC16C01C1FB33DB3A2A553,PART_875F83D4C1E0185B862F17EC4716D04A,3/10/2025,1,0,6885881.13,1,28.39,15.967,9.583,0,1.054999948,113.6579971,277488.2188,0.456,254.2250061,25.55
CUST_2CCC2942B7AC16C01C1FB33DB3A2A553,PART_875F83D4C1E0185B862F17EC4716D04A,3/11/2025,1,0,6912136.26,1,28.39,15.967,9.583,0,1.054999948,113.6650009,277514.8125,0.456,254.227005,25.55
CUST_2CCC2942B7AC16C01C1FB33DB3A2A553,PART_875F83D4C1E0185B862F17EC4716D04A,3/13/2025,1,0,6907270.78,5,141.95,79.835,47.915,0,1.055999994,113.677002,277567.9688,0.455000013,254.2310028,127.75
CUST_2CCC2942B7AC16C01C1FB33DB3A2A553,PART_875F83D4C1E0185B862F17EC4716D04A,3/14/2025,1,0,6892492.36,1,28.39,15.967,9.583,0,1.055999994,113.6839981,277594.5625,0.455000013,254.2339935,25.55
CUST_2CCC2942B7AC16C01C1FB33DB3A2A553,PART_875F83D4C1E0185B862F17EC4716D04A,3/21/2025,1,0,6864192.81,1,28.39,15.967,9.583,0,1.057000041,113.7289963,277780.625,0.453000009,254.2489929,25.55
CUST_2CCC2942B7AC16C01C1FB33DB3A2A553,PART_875F83D4C1E0185B862F17EC4716D04A,3/24/2025,1,0,6825892.79,3,85.17,47.901,28.749,0,1.057000041,113.7480011,277860.3438,0.453000009,254.2550049,76.65
CUST_2CCC2942B7AC16C01C1FB33DB3A2A553,PART_875F83D4C1E0185B862F17EC4716D04A,3/27/2025,1,0,6852397.26,1,28.39,15.967,9.583,0,1.057000041,113.7679977,277940.0938,0.451999992,254.2619934,25.55
CUST_2CCC2942B7AC16C01C1FB33DB3A2A553,PART_875F83D4C1E0185B862F17EC4716D04A,3/31/2025,1,0,6835392.47,1,28.39,15.967,9.583,0,1.057999969,113.7939987,278046.4063,0.451000005,254.2709961,25.55
CUST_2CCC2942B7AC16C01C1FB33DB3A2A553,PART_875F83D4C1E0185B862F17EC4716D04A,4/1/2025,1,0,6856724.7,4,113.56,63.868,38.332,0,1.057999969,113.8000031,278073,0.451000005,254.272995,102.2
CUST_2CCC2942B7AC16C01C1FB33DB3A2A553,PART_875F83D4C1E0185B862F17EC4716D04A,4/3/2025,1,0,6836764.55,1,28.39,15.967,9.583,0,1.057999969,113.7870026,277973.4063,0.451000005,254.2749939,25.55
CUST_2CCC2942B7AC16C01C1FB33DB3A2A553,PART_875F83D4C1E0185B862F17EC4716D04A,4/8/2025,1,0,6805254.93,1,28.39,15.967,9.583,0,1.057000041,113.7529984,277724.4063,0.451999992,254.2810059,25.55
CUST_2CCC2942B7AC16C01C1FB33DB3A2A553,PART_875F83D4C1E0185B862F17EC4716D04A,4/11/2025,1,0,6798108.49,3,85.17,47.901,28.749,0,1.057000041,113.7330017,277575,0.451999992,254.2850037,76.65
CUST_2CCC2942B7AC16C01C1FB33DB3A2A553,PART_875F83D4C1E0185B862F17EC4716D04A,4/15/2025,1,0,6805907.82,1,28.39,15.967,9.583,0,1.055999994,113.7070007,277375.8125,0.451999992,254.2890015,25.55
CUST_2CCC2942B7AC16C01C1FB33DB3A2A553,PART_875F83D4C1E0185B862F17EC4716D04A,4/16/2025,1,0,6809632.19,1,28.39,15.967,9.583,0,1.055999994,113.6999969,277326,0.453000009,254.2910004,25.55
CUST_2CCC2942B7AC16C01C1FB33DB3A2A553,PART_875F83D4C1E0185B862F17EC4716D04A,4/17/2025,1,0,6819305.6,1,28.39,15.967,9.583,0,1.055999994,113.6930008,277276.1875,0.453000009,254.2920074,25.55
CUST_2CCC2942B7AC16C01C1FB33DB3A2A553,PART_875F83D4C1E0185B862F17EC4716D04A,4/21/2025,1,0,6784820.87,1,28.39,15.967,9.583,0,1.054999948,113.6669998,277077,0.453000009,254.2960052,25.55
CUST_2CCC2942B7AC16C01C1FB33DB3A2A553,PART_875F83D4C1E0185B862F17EC4716D04A,4/24/2025,1,0,6808644.13,1,28.39,15.967,9.583,0,1.054999948,113.6470032,276927.5938,0.453000009,254.3000031,25.55
CUST_2CCC2942B7AC16C01C1FB33DB3A2A553,PART_875F83D4C1E0185B862F17EC4716D04A,4/29/2025,1,0,6819926.66,1,28.39,15.967,9.583,0,1.05400002,113.612999,276678.5938,0.453999996,254.3059998,25.55
CUST_2CCC2942B7AC16C01C1FB33DB3A2A553,PART_875F83D4C1E0185B862F17EC4716D04A,4/30/2025,1,0,6823888.94,3,85.17,47.901,28.749,0,1.05400002,113.6070023,276628.8125,0.453999996,254.3070068,76.65
CUST_2CCC2942B7AC16C01C1FB33DB3A2A553,PART_875F83D4C1E0185B862F17EC4716D04A,5/2/2025,1,0,6841582.45,2,56.78,31.934,19.166,0,1.05400002,113.5899963,276571.6563,0.453999996,254.3090057,51.1
CUST_2CCC2942B7AC16C01C1FB33DB3A2A553,PART_875F83D4C1E0185B862F17EC4716D04A,5/6/2025,1,0,6842150.07,1,28.39,15.967,9.583,0,1.05400002,113.552002,276542.2188,0.453999996,254.3119965,25.55
CUST_2CCC2942B7AC16C01C1FB33DB3A2A553,PART_875F83D4C1E0185B862F17EC4716D04A,5/8/2025,1,0,6821035.51,3,85.17,47.901,28.749,0,1.05400002,113.5319977,276527.5313,0.453999996,254.3130035,76.65
CUST_2CCC2942B7AC16C01C1FB33DB3A2A553,PART_875F83D4C1E0185B862F17EC4716D04A,5/9/2025,1,0,6819651.4,2,56.78,31.934,19.166,0,1.052999973,113.5230026,276520.1563,0.453999996,254.3139954,51.1
CUST_2CCC2942B7AC16C01C1FB33DB3A2A553,PART_875F83D4C1E0185B862F17EC4716D04A,5/12/2025,1,0,6790604.33,4,113.56,63.868,38.332,0,1.052999973,113.4940033,276498.0938,0.453999996,254.3170013,102.2
CUST_2CCC2942B7AC16C01C1FB33DB3A2A553,PART_875F83D4C1E0185B862F17EC4716D04A,5/14/2025,1,0,6822050.08,1,28.39,15.967,9.583,0,1.052999973,113.473999,276483.375,0.453999996,254.3179932,25.55
CUST_2CCC2942B7AC16C01C1FB33DB3A2A553,PART_875F83D4C1E0185B862F17EC4716D04A,5/15/2025,1,0,6817649.22,1,28.39,15.967,9.583,0,1.052999973,113.4649963,276476.0313,0.453999996,254.3190002,25.55
CUST_2CCC2942B7AC16C01C1FB33DB3A2A553,PART_875F83D4C1E0185B862F17EC4716D04A,5/19/2025,1,0,6769055.16,1,28.39,15.967,9.583,0,1.052999973,113.4260025,276446.625,0.453000009,254.3220062,25.55
CUST_2CCC2942B7AC16C01C1FB33DB3A2A553,PART_875F83D4C1E0185B862F17EC4716D04A,5/27/2025,1,0,6755671.38,1,28.39,15.967,9.583,0,1.052000046,113.3479996,276387.7813,0.453000009,254.3280029,25.55
CUST_2CCC2942B7AC16C01C1FB33DB3A2A553,PART_875F83D4C1E0185B862F17EC4716D04A,5/28/2025,1,0,6785852.23,3,85.17,47.901,28.749,0,1.052000046,113.3389969,276380.4063,0.453000009,254.3289948,76.65
CUST_2CCC2942B7AC16C01C1FB33DB3A2A553,PART_875F83D4C1E0185B862F17EC4716D04A,6/2/2025,1,0,6749238.47,1,28.39,15.967,9.583,0,1.050999999,113.3270035,276398.0625,0.451999992,254.3320007,25.55
CUST_2CCC2942B7AC16C01C1FB33DB3A2A553,PART_875F83D4C1E0185B862F17EC4716D04A,6/3/2025,1,0,6768582.01,1,28.39,15.967,9.583,0,1.050999999,113.3529968,276445.125,0.451000005,254.3320007,25.55
CUST_2CCC2942B7AC16C01C1FB33DB3A2A553,PART_875F83D4C1E0185B862F17EC4716D04A,6/4/2025,1,0,6774558.36,2,56.78,31.934,19.166,0,1.049999952,113.3799973,276492.1875,0.449999988,254.3320007,51.1
CUST_2CCC2942B7AC16C01C1FB33DB3A2A553,PART_875F83D4C1E0185B862F17EC4716D04A,6/5/2025,1,0,6771139.2,4,113.56,63.868,38.332,0,1.049000025,113.4069977,276539.2813,0.449000001,254.3320007,102.2
CUST_2CCC2942B7AC16C01C1FB33DB3A2A553,PART_875F83D4C1E0185B862F17EC4716D04A,6/6/2025,1,0,6754040.25,1,28.39,15.967,9.583,0,1.049000025,113.4329987,276586.3438,0.448000014,254.3320007,25.55
CUST_2CCC2942B7AC16C01C1FB33DB3A2A553,PART_875F83D4C1E0185B862F17EC4716D04A,6/9/2025,1,0,6738694.02,3,85.17,47.901,28.749,0,1.047000051,113.5130005,276727.5313,0.444999993,254.3320007,76.65
CUST_2CCC2942B7AC16C01C1FB33DB3A2A553,PART_875F83D4C1E0185B862F17EC4716D04A,6/10/2025,1,0,6763311.11,3,85.17,47.901,28.749,0,1.046000004,113.5400009,276774.5938,0.444000006,254.3320007,76.65
CUST_2CCC2942B7AC16C01C1FB33DB3A2A553,PART_875F83D4C1E0185B862F17EC4716D04A,6/11/2025,1,0,6780310.72,3,85.17,47.901,28.749,0,1.046000004,113.5670013,276821.6563,0.442999989,254.3320007,76.65
CUST_2CCC2942B7AC16C01C1FB33DB3A2A553,PART_875F83D4C1E0185B862F17EC4716D04A,6/13/2025,1,0,6764219.96,3,85.17,47.901,28.749,0,1.04400003,113.6200027,276915.8125,0.441000015,254.3320007,76.65
CUST_2CCC2942B7AC16C01C1FB33DB3A2A553,PART_875F83D4C1E0185B862F17EC4716D04A,6/18/2025,1,0,6772387.25,2,56.78,31.934,19.166,0,1.041000009,113.7529984,277151.125,0.435000002,254.3320007,51.1
CUST_2CCC2942B7AC16C01C1FB33DB3A2A553,PART_875F83D4C1E0185B862F17EC4716D04A,6/19/2025,1,0,6763181.01,0,0,0,0,0,1.041000009,113.7799988,277198.1875,0.433999985,254.3320007,0
CUST_2CCC2942B7AC16C01C1FB33DB3A2A553,PART_875F83D4C1E0185B862F17EC4716D04A,6/20/2025,1,0,6754981.34,2,56.78,31.934,19.166,0,1.039999962,113.8069992,277245.2813,0.432999998,254.3320007,51.1
CUST_2CCC2942B7AC16C01C1FB33DB3A2A553,PART_875F83D4C1E0185B862F17EC4716D04A,6/23/2025,1,0,6725469.02,1,28.39,15.967,9.583,0,1.037999988,113.887001,277386.4688,0.430000007,254.3320007,25.55
CUST_2CCC2942B7AC16C01C1FB33DB3A2A553,PART_875F83D4C1E0185B862F17EC4716D04A,6/26/2025,1,0,6757884.73,2,56.78,31.934,19.166,0,1.036000013,113.9670029,277527.6563,0.426999986,254.3320007,51.1
CUST_2CCC2942B7AC16C01C1FB33DB3A2A553,PART_875F83D4C1E0185B862F17EC4716D04A,6/27/2025,1,0,6745806.03,3,85.17,47.901,28.749,0,1.036000013,113.9929962,277574.7188,0.425999999,254.3320007,76.65
CUST_2CCC2942B7AC16C01C1FB33DB3A2A553,PART_875F83D4C1E0185B862F17EC4716D04A,7/3/2025,1,0,6733865.42,1,28.39,15.967,9.583,0,1.031999946,114.1520004,277753,0.421000004,254.3699951,25.55
CUST_2CCC2942B7AC16C01C1FB33DB3A2A553,PART_875F83D4C1E0185B862F17EC4716D04A,7/7/2025,1,0,6708394.12,1,28.39,15.967,9.583,0,1.029999971,114.2549973,277733,0.418000013,254.4459991,25.55
CUST_2CCC2942B7AC16C01C1FB33DB3A2A553,PART_875F83D4C1E0185B862F17EC4716D04A,7/8/2025,1,0,6732474,3,85.17,47.901,28.749,0,1.029000044,114.2809982,277728,0.416999996,254.4649963,76.65
CUST_2CCC2942B7AC16C01C1FB33DB3A2A553,PART_875F83D4C1E0185B862F17EC4716D04A,7/18/2025,1,0,6701307.94,1,28.39,15.967,9.583,0,1.024000049,114.5390015,277678,0.409999996,254.6560059,25.55
CUST_2CCC2942B7AC16C01C1FB33DB3A2A553,PART_875F83D4C1E0185B862F17EC4716D04A,7/22/2025,1,0,6697024.18,3,85.17,47.901,28.749,0,1.021999955,114.6419983,277658,0.407000005,254.7319946,76.65
CUST_2CCC2942B7AC16C01C1FB33DB3A2A553,PART_875F83D4C1E0185B862F17EC4716D04A,7/25/2025,1,0,6669143.68,1,28.39,15.967,9.583,0,1.021000028,114.7190018,277643,0.405000001,254.7899933,25.55
CUST_2CCC2942B7AC16C01C1FB33DB3A2A553,PART_875F83D4C1E0185B862F17EC4716D04A,7/29/2025,1,0,6651593.97,1,28.39,15.967,9.583,0,1.019000053,114.822998,277623,0.40200001,254.8659973,25.55
CUST_2CCC2942B7AC16C01C1FB33DB3A2A553,PART_875F83D4C1E0185B862F17EC4716D04A,8/1/2025,1,0,6642381.47,1,28.99,15.967,9.583,0,1.01699996,114.9000015,277608,0.400000006,254.9230042,25.55
CUST_2CCC2942B7AC16C01C1FB33DB3A2A553,PART_875F83D4C1E0185B862F17EC4716D04A,8/4/2025,1,0,6638185.96,1,28.99,15.967,9.583,0,1.019000053,114.7939987,277660.0625,0.398000002,255.0469971,25.55
CUST_2CCC2942B7AC16C01C1FB33DB3A2A553,PART_875F83D4C1E0185B862F17EC4716D04A,8/8/2025,1,0,6668884.12,2,57.98,31.934,19.166,0,1.023000002,114.6520004,277729.4688,0.395999998,255.2120056,51.1
CUST_2CCC2942B7AC16C01C1FB33DB3A2A553,PART_875F83D4C1E0185B862F17EC4716D04A,8/11/2025,1,0,6634104.75,3,86.97,47.901,28.749,0,1.024999976,114.5449982,277781.5625,0.395000011,255.3370056,76.65
CUST_2CCC2942B7AC16C01C1FB33DB3A2A553,PART_875F83D4C1E0185B862F17EC4716D04A,8/13/2025,1,0,6673676.42,1,28.99,15.967,9.583,0,1.02699995,114.473999,277816.25,0.393000007,255.4190063,25.55
CUST_2CCC2942B7AC16C01C1FB33DB3A2A553,PART_875F83D4C1E0185B862F17EC4716D04A,8/14/2025,1,0,6671429.21,2,57.98,31.934,19.166,0,1.02699995,114.439003,277833.625,0.393000007,255.4609985,51.1
CUST_2CCC2942B7AC16C01C1FB33DB3A2A553,PART_875F83D4C1E0185B862F17EC4716D04A,8/15/2025,1,0,6655772.29,2,57.98,31.934,19.166,0,1.027999997,114.4029999,277850.9688,0.39199999,255.5019989,51.1
CUST_2CCC2942B7AC16C01C1FB33DB3A2A553,PART_875F83D4C1E0185B862F17EC4716D04A,8/20/2025,1,0,6652095.05,1,28.99,15.967,9.583,0,1.031999946,114.2259979,277937.75,0.389999986,255.7089996,25.55
CUST_2CCC2942B7AC16C01C1FB33DB3A2A553,PART_875F83D4C1E0185B862F17EC4716D04A,8/21/2025,1,0,6637449.01,2,57.98,31.934,19.166,0,1.032999992,114.1900024,277955.0938,0.388999999,255.75,51.1
CUST_2CCC2942B7AC16C01C1FB33DB3A2A553,PART_875F83D4C1E0185B862F17EC4716D04A,8/22/2025,1,0,6623615.99,1,28.99,15.967,9.583,0,1.034000039,114.1549988,277972.4375,0.388000011,255.7910004,25.55
CUST_2CCC2942B7AC16C01C1FB33DB3A2A553,PART_875F83D4C1E0185B862F17EC4716D04A,8/26/2025,1,0,6626759.11,4,115.96,63.868,38.332,0,1.036999941,114.0130005,278041.875,0.386000007,255.9570007,102.2
CUST_2CCC2942B7AC16C01C1FB33DB3A2A553,PART_875F83D4C1E0185B862F17EC4716D04A,8/27/2025,1,0,6635473.6,4,115.96,63.868,38.332,0,1.037999988,113.9769974,278059.2188,0.386000007,255.9980011,102.2
CUST_2CCC2942B7AC16C01C1FB33DB3A2A553,PART_875F83D4C1E0185B862F17EC4716D04A,9/2/2025,1,0,6627404.98,1,28.99,15.967,9.583,0,1.041000009,113.7470016,278129.3125,0.381999999,256.2049866,25.55
CUST_2CCC2942B7AC16C01C1FB33DB3A2A553,PART_875F83D4C1E0185B862F17EC4716D04A,9/3/2025,1,0,6658046.46,1,28.99,15.967,9.583,0,1.039000034,113.6930008,278112.5938,0.379999995,256.2049866,25.55
CUST_2CCC2942B7AC16C01C1FB33DB3A2A553,PART_875F83D4C1E0185B862F17EC4716D04A,9/5/2025,1,0,6655027.34,1,28.99,15.967,9.583,0,1.036000013,113.586998,278079.1875,0.377000004,256.2049866,25.55
CUST_2CCC2942B7AC16C01C1FB33DB3A2A553,PART_875F83D4C1E0185B862F17EC4716D04A,9/8/2025,1,0,6634961.53,2,57.98,31.934,19.166,0,1.031999946,113.427002,278029.0938,0.372999996,256.2049866,51.1
CUST_2CCC2942B7AC16C01C1FB33DB3A2A553,PART_875F83D4C1E0185B862F17EC4716D04A,9/11/2025,1,0,6650425.52,3,86.97,47.901,28.749,0,1.02699995,113.2669983,277979,0.368000001,256.2049866,76.65
CUST_2CCC2942B7AC16C01C1FB33DB3A2A553,PART_875F83D4C1E0185B862F17EC4716D04A,9/12/2025,1,0,6641794.04,1,28.99,15.967,9.583,0,1.026000023,113.2129974,277962.3125,0.367000014,256.2049866,25.55
CUST_2CCC2942B7AC16C01C1FB33DB3A2A553,PART_875F83D4C1E0185B862F17EC4716D04A,9/15/2025,1,0,6611332.43,1,28.99,15.967,9.583,0,1.021000028,113.0530014,277912.1875,0.361999989,256.2049866,25.55
CUST_2CCC2942B7AC16C01C1FB33DB3A2A553,PART_875F83D4C1E0185B862F17EC4716D04A,9/16/2025,1,0,6634309.31,1,28.99,15.967,9.583,0,1.019999981,113,277895.5,0.361000001,256.2049866,25.55
CUST_2CCC2942B7AC16C01C1FB33DB3A2A553,PART_875F83D4C1E0185B862F17EC4716D04A,9/17/2025,1,0,6634533.22,2,57.98,31.934,19.166,0,1.018000007,112.9469986,277878.8125,0.360000014,256.2049866,51.1
CUST_2CCC2942B7AC16C01C1FB33DB3A2A553,PART_875F83D4C1E0185B862F17EC4716D04A,9/19/2025,1,0,6626646.88,1,28.99,15.967,9.583,0,1.014999986,112.8399963,277845.4063,0.356999993,256.2049866,25.55
CUST_2CCC2942B7AC16C01C1FB33DB3A2A553,PART_875F83D4C1E0185B862F17EC4716D04A,9/24/2025,1,0,6605373.11,3,86.97,47.901,28.749,0,1.008000016,112.572998,277761.9063,0.349000007,256.2049866,76.65
CUST_2CCC2942B7AC16C01C1FB33DB3A2A553,PART_49BC3AEB5BC7A4B6AAB9074E61E8B3BF,4/27/2023,1,1,2792395.88,10,132.7,48.69,19.51,10.07999992,1.162999988,113.7399979,270583.4688,0.541999996,246.0200043,68.2
CUST_2CCC2942B7AC16C01C1FB33DB3A2A553,PART_49BC3AEB5BC7A4B6AAB9074E61E8B3BF,6/22/2023,1,1,3979914.27,4,53.08,19.476,5.844,10.32999992,1.129999995,114.8300018,270694.4063,0.518000007,247.4129944,25.32
CUST_2CCC2942B7AC16C01C1FB33DB3A2A553,PART_49BC3AEB5BC7A4B6AAB9074E61E8B3BF,5/27/2024,1,1,7424242.58,2,23.58,9.738,2.922,11.03999996,1.08099997,114.060997,274301.3438,0.467000008,249.423996,12.66
CUST_2CCC2942B7AC16C01C1FB33DB3A2A553,PART_49BC3AEB5BC7A4B6AAB9074E61E8B3BF,9/16/2024,1,1,7269659.65,6,72.84,29.214,8.766,12.05000019,1.092000008,113.5500031,274637.5,0.472000003,252.5859985,37.98
CUST_2CCC2942B7AC16C01C1FB33DB3A2A553,PART_49BC3AEB5BC7A4B6AAB9074E61E8B3BF,10/30/2024,1,1,7236099.68,20,242.8,97.38,29.22,14.09000015,1.085999966,113.0650024,274527.1875,0.488999993,252.6230011,126.6
CUST_2CCC2942B7AC16C01C1FB33DB3A2A553,PART_49BC3AEB5BC7A4B6AAB9074E61E8B3BF,12/17/2024,1,1,7120738.95,1,12.14,4.869,1.461,14.42000008,0.980000019,112.3420029,276074.0313,0.467999995,252.7570038,6.33
CUST_2CCC2942B7AC16C01C1FB33DB3A2A553,PART_49BC3AEB5BC7A4B6AAB9074E61E8B3BF,1/29/2025,1,1,7027900.52,10,121.4,48.69,14.61,11.75,1.04400003,113.7259979,274628.1875,0.449000001,253.3580017,63.3
CUST_2CCC2942B7AC16C01C1FB33DB3A2A553,PART_49BC3AEB5BC7A4B6AAB9074E61E8B3BF,3/5/2025,1,1,6899708.91,10,121.9,48.69,14.61,14.5,1.054999948,113.6259995,277355.3125,0.456999987,254.2140045,63.3
CUST_2CCC2942B7AC16C01C1FB33DB3A2A553,PART_49BC3AEB5BC7A4B6AAB9074E61E8B3BF,5/16/2025,1,1,6831477.24,6,73.14,29.214,8.766,13.28999996,1.052999973,113.4550018,276468.6875,0.453999996,254.3200073,37.98
CUST_2CCC2942B7AC16C01C1FB33DB3A2A553,PART_49BC3AEB5BC7A4B6AAB9074E61E8B3BF,8/27/2025,1,1,6635473.6,4,65.56,19.852,5.468,16.46999931,1.037999988,113.9769974,278059.2188,0.386000007,255.9980011,25.32
CUST_2CCC2942B7AC16C01C1FB33DB3A2A553,PART_49BC3AEB5BC7A4B6AAB9074E61E8B3BF,9/17/2025,1,1,6634533.22,4,65.56,19.852,5.468,15.85000038,1.018000007,112.9469986,277878.8125,0.360000014,256.2049866,25.32
CUST_2CCC2942B7AC16C01C1FB33DB3A2A553,PART_49BC3AEB5BC7A4B6AAB9074E61E8B3BF,9/24/2025,1,1,6605373.11,6,98.34,29.778,8.202,15.44999981,1.008000016,112.572998,277761.9063,0.349000007,256.2049866,37.98
CUST_2CCC2942B7AC16C01C1FB33DB3A2A553,PART_012C41EC3774276BB02E78F7C0D99F43,3/1/2024,1,1,7685930.24,1,10.77,4.905,5.875,18.54999924,1.113000035,113.0999985,273437,0.481999993,249.9279938,10.78
CUST_2CCC2942B7AC16C01C1FB33DB3A2A553,PART_E9B6842E1322877CB977F4F41C542C85,6/27/2024,1,0,7411242.51,4,45.04,22.064,22.976,0,1.105999947,113.6399994,273495.875,0.490999997,249.4400024,45.04
CUST_2CCC2942B7AC16C01C1FB33DB3A2A553,PART_E9B6842E1322877CB977F4F41C542C85,9/24/2025,1,0,6605373.11,6,94.74,44.466,50.274,0,1.008000016,112.572998,277761.9063,0.349000007,256.2049866,94.74
CUST_2CCC2942B7AC16C01C1FB33DB3A2A553,PART_25F3874B96DA8E29F040CD54AC9B9893,6/19/2023,1,0,3891563.6,1,17.87,7.217,10.653,0,1.131999969,114.7399979,270638.1875,0.521000028,247.326004,17.87
CUST_2CCC2942B7AC16C01C1FB33DB3A2A553,PART_25F3874B96DA8E29F040CD54AC9B9893,8/18/2023,1,0,5167860.64,1,17.87,7.217,10.653,0,1.154000044,114.0550003,270438.4688,0.50999999,247.9230042,17.87
CUST_2CCC2942B7AC16C01C1FB33DB3A2A553,PART_25F3874B96DA8E29F040CD54AC9B9893,10/30/2023,1,0,6625275.83,1,17.87,7.217,10.653,0,1.095000029,113.7389984,270536.0938,0.474000007,248.276001,17.87
CUST_2CCC2942B7AC16C01C1FB33DB3A2A553,PART_25F3874B96DA8E29F040CD54AC9B9893,11/1/2023,1,0,6696724.7,1,17.87,7.217,10.653,0,1.093999982,113.6999969,270657,0.474000007,248.2830048,17.87
CUST_2CCC2942B7AC16C01C1FB33DB3A2A553,PART_25F3874B96DA8E29F040CD54AC9B9893,7/15/2024,1,0,7352884.28,1,18.82,7.217,10.653,0,1.11500001,113.9609985,273802.0625,0.495000005,249.4470062,17.87
CUST_2CCC2942B7AC16C01C1FB33DB3A2A553,PART_25F3874B96DA8E29F040CD54AC9B9893,3/19/2025,1,0,6863597.46,3,56.67,24.945,9.705,0,1.055999994,113.7160034,277727.4375,0.453999996,254.2440033,34.65
CUST_2CCC2942B7AC16C01C1FB33DB3A2A553,PART_25F3874B96DA8E29F040CD54AC9B9893,3/21/2025,1,0,6864192.81,-3,-56.67,-24.945,-9.705,0,1.057000041,113.7289963,277780.625,0.453000009,254.2489929,-34.65
CUST_36125470E796BB0F190CCF8FB4D1B317,PART_F846361051783347FEEA0BB027E5289C,1/3/2023,1,1,26949.38,1,22.79,8.807,3.833,0,1.126999974,116.8059998,275461.6563,0.504999995,244.2590027,12.64
CUST_36125470E796BB0F190CCF8FB4D1B317,PART_F846361051783347FEEA0BB027E5289C,2/28/2023,1,1,256966.22,2,34.64,17.614,7.666,19.13999939,1.154999971,114.6819992,268613.3438,0.493999988,245.5570068,25.28
CUST_36125470E796BB0F190CCF8FB4D1B317,PART_F846361051783347FEEA0BB027E5289C,3/8/2023,1,1,306654.64,1,17.32,8.807,3.963,19.04999924,1.152999997,114.4649963,269044.1875,0.505999982,245.598999,12.77
CUST_36125470E796BB0F190CCF8FB4D1B317,PART_F846361051783347FEEA0BB027E5289C,3/29/2023,1,1,391586.98,1,17.32,8.807,3.963,18.82999992,1.144999981,114.0579987,270592.7813,0.545000017,245.7259979,12.77
CUST_36125470E796BB0F190CCF8FB4D1B317,PART_F846361051783347FEEA0BB027E5289C,4/24/2023,1,1,508744.13,2,35.5,18.224,7.316,19.85000038,1.161000013,113.7699966,270610.0625,0.542999983,245.9889984,25.54
CUST_36125470E796BB0F190CCF8FB4D1B317,PART_F846361051783347FEEA0BB027E5289C,5/9/2023,1,1,581997.26,1,17.75,8.807,3.963,20.07999992,1.161000013,113.8290024,270484.25,0.538999975,246.2539978,12.77
CUST_36125470E796BB0F190CCF8FB4D1B317,PART_F846361051783347FEEA0BB027E5289C,5/31/2023,1,1,702348.15,2,35.5,17.614,7.926,19.98999977,1.148000002,114.1839981,270308.9688,0.535000026,246.7810059,25.54
CUST_36125470E796BB0F190CCF8FB4D1B317,PART_F846361051783347FEEA0BB027E5289C,8/15/2023,1,1,1033826.19,2,38.92,17.614,7.926,20.02000046,1.15199995,114.0449982,270581.5313,0.510999978,247.8809967,25.54
CUST_36125470E796BB0F190CCF8FB4D1B317,PART_F846361051783347FEEA0BB027E5289C,8/16/2023,1,1,1045076.56,1,19.46,8.807,3.963,20.02000046,1.152999997,114.0479965,270533.8438,0.510999978,247.8950043,12.77
CUST_36125470E796BB0F190CCF8FB4D1B317,PART_F846361051783347FEEA0BB027E5289C,8/23/2023,1,1,1086388,1,19.46,8.807,3.963,20.05999947,1.156999946,114.0709991,270200.0938,0.509000003,247.9929962,12.77
CUST_36125470E796BB0F190CCF8FB4D1B317,PART_F846361051783347FEEA0BB027E5289C,9/19/2023,1,1,1222426.65,2,38.92,17.614,8.806,20.56999969,1.129999995,114.2200012,269178.1875,0.483999997,248.1549988,26.42
CUST_36125470E796BB0F190CCF8FB4D1B317,PART_F846361051783347FEEA0BB027E5289C,9/20/2023,1,1,1228539.66,2,38.92,17.614,8.806,20.60000038,1.128000021,114.2269974,269145.2813,0.48300001,248.1569977,26.42
CUST_36125470E796BB0F190CCF8FB4D1B317,PART_F846361051783347FEEA0BB027E5289C,9/27/2023,1,1,1262516.88,2,38.92,17.614,8.806,20.77000046,1.11500001,114.2730026,268914.7188,0.474000007,248.1699982,26.42
CUST_36125470E796BB0F190CCF8FB4D1B317,PART_F846361051783347FEEA0BB027E5289C,10/11/2023,1,1,1329012.79,1,19.46,8.807,4.403,20.90999985,1.103000045,114.1060028,269387.5313,0.470999986,248.2120056,13.21
CUST_36125470E796BB0F190CCF8FB4D1B317,PART_F846361051783347FEEA0BB027E5289C,10/23/2023,1,1,1374793.2,1,19.46,8.807,4.403,20.97999954,1.09800005,113.8740005,270112.9375,0.47299999,248.253006,13.21
CUST_36125470E796BB0F190CCF8FB4D1B317,PART_F846361051783347FEEA0BB027E5289C,11/14/2023,1,1,1492960.47,1,19.46,8.807,4.403,21.01000023,1.087000012,114.6969986,270576.4063,0.479999989,248.3390045,13.21
CUST_36125470E796BB0F190CCF8FB4D1B317,PART_F846361051783347FEEA0BB027E5289C,11/21/2023,1,1,1528418.1,1,19.46,8.807,4.403,21,1.082999945,115.2330017,270533,0.48300001,248.3699951,13.21
CUST_36125470E796BB0F190CCF8FB4D1B317,PART_F846361051783347FEEA0BB027E5289C,11/28/2023,1,1,1549964.87,1,19.46,8.807,4.403,20.98999977,1.078999996,115.7699966,270489.5938,0.486000001,248.3999939,13.21
CUST_36125470E796BB0F190CCF8FB4D1B317,PART_F846361051783347FEEA0BB027E5289C,12/27/2023,1,1,1673699.92,1,19.46,8.807,4.403,22.85000038,1.044999957,112.3099976,272354.75,0.492000014,249.6399994,13.21
CUST_36125470E796BB0F190CCF8FB4D1B317,PART_F846361051783347FEEA0BB027E5289C,1/12/2024,1,1,1685728.32,2,38.92,17.614,8.806,24.17000008,1.065999985,112.4520035,274435.125,0.493999988,249.8820038,26.42
CUST_36125470E796BB0F190CCF8FB4D1B317,PART_F846361051783347FEEA0BB027E5289C,2/13/2024,1,1,1719311.98,1,15.59,8.807,4.403,25.63999939,1.113999963,113.6279984,275853.3438,0.49000001,249.9080048,13.21
CUST_36125470E796BB0F190CCF8FB4D1B317,PART_F846361051783347FEEA0BB027E5289C,3/13/2024,1,1,1758410.66,1,16.24,8.807,4.403,22.95000076,1.106999993,113.0999985,273824.4688,0.481000006,249.947998,13.21
CUST_36125470E796BB0F190CCF8FB4D1B317,PART_F846361051783347FEEA0BB027E5289C,4/2/2024,1,1,1776475.31,1,16.24,8.807,4.403,19.79000092,1.09800005,113.1600037,274440.2813,0.479999989,249.9609985,13.21
CUST_36125470E796BB0F190CCF8FB4D1B317,PART_F846361051783347FEEA0BB027E5289C,4/17/2024,1,1,1783353.53,2,32.48,17.614,8.806,21.61000061,1.09800005,114.0599976,274474.2813,0.476000011,249.677002,26.42
CUST_36125470E796BB0F190CCF8FB4D1B317,PART_F846361051783347FEEA0BB027E5289C,6/4/2024,1,1,1785855.72,1,16.24,8.635,4.575,26.30999947,1.08099997,113.8700027,274173.5938,0.469000012,249.4279938,13.21
CUST_36125470E796BB0F190CCF8FB4D1B317,PART_F846361051783347FEEA0BB027E5289C,6/20/2024,1,1,1822880.18,2,32.48,17.27,9.15,23.01000023,1.09800005,113.7099991,273702.125,0.483999997,249.4360046,26.42
CUST_36125470E796BB0F190CCF8FB4D1B317,PART_F846361051783347FEEA0BB027E5289C,6/27/2024,1,1,1809163.28,2,32.48,17.27,9.15,21.56999969,1.105999947,113.6399994,273495.875,0.490999997,249.4400024,26.42
CUST_36125470E796BB0F190CCF8FB4D1B317,PART_F846361051783347FEEA0BB027E5289C,7/16/2024,1,1,1825590.1,1,15.92,8.635,4.575,20.55999947,1.11500001,113.9869995,273832.3438,0.495000005,249.4470062,13.21
CUST_36125470E796BB0F190CCF8FB4D1B317,PART_F846361051783347FEEA0BB027E5289C,7/23/2024,1,1,1841314.71,7,109.19,60.445,32.025,20.38999939,1.118000031,114.1679993,274044.375,0.493999988,249.4499969,92.47
CUST_36125470E796BB0F190CCF8FB4D1B317,PART_F846361051783347FEEA0BB027E5289C,8/7/2024,1,1,1874318.46,2,30.94,17.27,9.15,20.02000046,1.116999984,114.1480026,274091.125,0.490999997,250.0590057,26.42
CUST_36125470E796BB0F190CCF8FB4D1B317,PART_F846361051783347FEEA0BB027E5289C,9/4/2024,1,1,1909523.34,1,15.47,8.635,4.575,19.52000046,1.100000024,113.1900024,273447.5,0.477999985,252.5859985,13.21
CUST_36125470E796BB0F190CCF8FB4D1B317,PART_F846361051783347FEEA0BB027E5289C,9/10/2024,1,1,1910323.09,1,15.47,8.635,4.575,19.67000008,1.095999956,113.3700027,274042.5,0.474999994,252.5859985,13.21
CUST_36125470E796BB0F190CCF8FB4D1B317,PART_F846361051783347FEEA0BB027E5289C,9/12/2024,1,1,1902067.64,2,30.94,17.27,9.15,19.71999931,1.093999982,113.4300003,274240.8438,0.474000007,252.5859985,26.42
CUST_36125470E796BB0F190CCF8FB4D1B317,PART_F846361051783347FEEA0BB027E5289C,9/17/2024,1,1,1895783.12,1,15.47,8.635,4.575,19.85000038,1.090999961,113.5800018,274736.6563,0.470999986,252.5859985,13.21
CUST_36125470E796BB0F190CCF8FB4D1B317,PART_F846361051783347FEEA0BB027E5289C,10/2/2024,1,1,1893548.6,2,30.94,17.27,9.15,21.26000023,1.08099997,113.9680023,276069.9063,0.465000004,252.5870056,26.42
CUST_36125470E796BB0F190CCF8FB4D1B317,PART_F846361051783347FEEA0BB027E5289C,10/29/2024,1,1,1911984.96,3,48.87,25.905,13.725,35.79000092,1.085999966,113.0970001,274582.2813,0.488000005,252.621994,39.63
CUST_36125470E796BB0F190CCF8FB4D1B317,PART_F846361051783347FEEA0BB027E5289C,10/30/2024,1,1,1909130.61,0,0,0,0,36.33000183,1.085999966,113.0650024,274527.1875,0.488999993,252.6230011,0
CUST_36125470E796BB0F190CCF8FB4D1B317,PART_F846361051783347FEEA0BB027E5289C,11/4/2024,1,1,1887088.55,1,16.29,8.635,4.575,35.04000092,1.077999949,112.9599991,274587.4063,0.488000005,252.6399994,13.21
CUST_36125470E796BB0F190CCF8FB4D1B317,PART_F846361051783347FEEA0BB027E5289C,11/6/2024,1,1,1901782.25,4,65.16,34.54,18.3,34.13000107,1.072999954,112.9329987,274701,0.486000001,252.6490021,52.84
CUST_36125470E796BB0F190CCF8FB4D1B317,PART_F846361051783347FEEA0BB027E5289C,1/7/2025,1,1,1951353.76,1,16.29,8.635,4.575,23.96999931,0.97299999,112.447998,275729.625,0.469000012,252.8829956,13.21
CUST_36125470E796BB0F190CCF8FB4D1B317,PART_F846361051783347FEEA0BB027E5289C,1/16/2025,1,1,1937656.67,2,32.58,17.27,9.15,23.55999947,1.001999974,112.9710007,275279.0313,0.460000008,253.0769958,26.42
CUST_36125470E796BB0F190CCF8FB4D1B317,PART_F846361051783347FEEA0BB027E5289C,1/21/2025,1,1,1940569.56,2,37.38,17.27,9.15,23.32999992,1.019000053,113.2610016,275028.7188,0.456,253.1849976,26.42
CUST_36125470E796BB0F190CCF8FB4D1B317,PART_F846361051783347FEEA0BB027E5289C,2/5/2025,1,1,1932975.5,1,18.69,8.635,4.575,22.87999916,1.05400002,113.8570023,274873.8438,0.448000014,253.5350037,13.21
CUST_36125470E796BB0F190CCF8FB4D1B317,PART_F846361051783347FEEA0BB027E5289C,3/13/2025,1,1,1908639.04,2,44.98,19.694,6.726,22.96999931,1.055999994,113.677002,277567.9688,0.455000013,254.2310028,26.42
CUST_36125470E796BB0F190CCF8FB4D1B317,PART_F846361051783347FEEA0BB027E5289C,3/18/2025,1,1,1906455.14,1,22.49,9.847,3.363,23.01000023,1.055999994,113.7099991,277700.875,0.453999996,254.2420044,13.21
CUST_36125470E796BB0F190CCF8FB4D1B317,PART_F846361051783347FEEA0BB027E5289C,4/23/2025,1,1,1901444.324,2,44.98,19.694,6.726,24.56999969,1.054999948,113.6529999,276977.4063,0.453000009,254.298996,26.42
CUST_36125470E796BB0F190CCF8FB4D1B317,PART_F846361051783347FEEA0BB027E5289C,5/6/2025,1,1,1912470.504,1,22.49,16.23,-3.02,28.13999939,1.05400002,113.552002,276542.2188,0.453999996,254.3119965,13.21
CUST_36125470E796BB0F190CCF8FB4D1B317,PART_F846361051783347FEEA0BB027E5289C,6/20/2025,1,1,1888445.214,1,22.49,10.453,11.537,32.09000015,1.039999962,113.8069992,277245.2813,0.432999998,254.3320007,21.99
CUST_36125470E796BB0F190CCF8FB4D1B317,PART_F846361051783347FEEA0BB027E5289C,7/15/2025,1,1,1888345.354,1,22.49,9.847,12.143,25.92000008,1.026000023,114.4609985,277693,0.412,254.598999,21.99
CUST_36125470E796BB0F190CCF8FB4D1B317,PART_F846361051783347FEEA0BB027E5289C,7/30/2025,1,1,1863930.454,2,44.98,19.694,24.286,24.26000023,1.018000007,114.8479996,277618,0.400999993,254.8849945,43.98
CUST_36125470E796BB0F190CCF8FB4D1B317,PART_F846361051783347FEEA0BB027E5289C,8/28/2025,1,1,1816877.554,2,44.78,19.694,10.366,24.32999992,1.039000034,113.9420013,278076.5938,0.38499999,256.0400085,30.06
CUST_36125470E796BB0F190CCF8FB4D1B317,PART_F846361051783347FEEA0BB027E5289C,9/22/2025,1,1,1806309.154,1,22.39,9.847,5.183,24.45000076,1.011000037,112.6800003,277795.3125,0.351999998,256.2049866,15.03
CUST_36125470E796BB0F190CCF8FB4D1B317,PART_A275DACB776C28E5F2260A3C3583F6B1,3/29/2023,1,0,391586.98,13,90.87,32.526,58.344,0,1.144999981,114.0579987,270592.7813,0.545000017,245.7259979,90.87
CUST_36125470E796BB0F190CCF8FB4D1B317,PART_A275DACB776C28E5F2260A3C3583F6B1,5/8/2023,1,0,579238.82,8,38.32,15.4,22.92,0,1.161999941,113.8130035,270492.2188,0.540000021,246.2310028,38.32
CUST_36125470E796BB0F190CCF8FB4D1B317,PART_A275DACB776C28E5F2260A3C3583F6B1,5/19/2023,1,0,652818.02,10,47.9,19.25,28.65,0,1.154999971,113.9899979,270404.5938,0.537999988,246.4940033,47.9
CUST_36125470E796BB0F190CCF8FB4D1B317,PART_A275DACB776C28E5F2260A3C3583F6B1,9/8/2023,1,0,1162710.6,8,38.32,15.4,22.92,0,1.149999976,114.1470032,269540.4688,0.497999996,248.1340027,38.32
CUST_36125470E796BB0F190CCF8FB4D1B317,PART_A275DACB776C28E5F2260A3C3583F6B1,9/11/2023,1,0,1165798.06,8,38.32,15.4,22.92,0,1.144999981,114.1669998,269441.6563,0.493999988,248.1390076,38.32
CUST_36125470E796BB0F190CCF8FB4D1B317,PART_A275DACB776C28E5F2260A3C3583F6B1,11/28/2023,1,0,1549964.87,10,47.9,19.25,28.65,0,1.078999996,115.7699966,270489.5938,0.486000001,248.3999939,47.9
CUST_36125470E796BB0F190CCF8FB4D1B317,PART_A275DACB776C28E5F2260A3C3583F6B1,1/26/2024,1,0,1712731.74,30,152.7,57.75,94.95,0,1.100000024,113.5350037,276621.8438,0.495000005,249.8910065,152.7
CUST_36125470E796BB0F190CCF8FB4D1B317,PART_A275DACB776C28E5F2260A3C3583F6B1,2/2/2024,1,0,1711194.84,20,101.8,38.5,63.3,0,1.11500001,113.9690018,277416.875,0.495999992,249.8950043,101.8
CUST_36125470E796BB0F190CCF8FB4D1B317,PART_A275DACB776C28E5F2260A3C3583F6B1,3/18/2024,1,0,1756371.47,10,50.9,19.25,31.65,0,1.105000019,113.0999985,273985.9375,0.481000006,249.9570007,50.9
CUST_36125470E796BB0F190CCF8FB4D1B317,PART_A275DACB776C28E5F2260A3C3583F6B1,3/26/2024,1,0,1780143.67,5,25.4,9.625,15.825,0,1.100999951,113.0999985,274244.25,0.479999989,249.9700012,25.45
CUST_36125470E796BB0F190CCF8FB4D1B317,PART_A275DACB776C28E5F2260A3C3583F6B1,4/2/2024,1,0,1776475.31,1,5.09,1.925,3.165,0,1.09800005,113.1600037,274440.2813,0.479999989,249.9609985,5.09
CUST_36125470E796BB0F190CCF8FB4D1B317,PART_A275DACB776C28E5F2260A3C3583F6B1,5/1/2024,1,0,1785301.19,13,66.17,25.025,41.145,0,1.09800005,114.9000015,274506,0.47299999,249.4120026,66.17
CUST_36125470E796BB0F190CCF8FB4D1B317,PART_A275DACB776C28E5F2260A3C3583F6B1,9/20/2024,1,0,1895064.71,4,19.6,7.7,11.9,0,1.088999987,113.6699982,275034.1563,0.469999999,252.5859985,19.6
CUST_36125470E796BB0F190CCF8FB4D1B317,PART_A275DACB776C28E5F2260A3C3583F6B1,10/11/2024,1,0,1893167.76,10,49,19.25,29.75,0,1.082999945,113.677002,275574.0313,0.47299999,252.598999,49
CUST_36125470E796BB0F190CCF8FB4D1B317,PART_A275DACB776C28E5F2260A3C3583F6B1,10/21/2024,1,0,1890804.92,10,49,19.25,29.75,0,1.083999991,113.3550034,275023.0625,0.481000006,252.6119995,49
CUST_36125470E796BB0F190CCF8FB4D1B317,PART_A275DACB776C28E5F2260A3C3583F6B1,11/27/2024,1,0,1940264.51,2,9.8,3.85,5.95,0,1.018000007,112.6529999,275893.8125,0.465000004,252.7440033,9.8
CUST_36125470E796BB0F190CCF8FB4D1B317,PART_A275DACB776C28E5F2260A3C3583F6B1,12/3/2024,1,0,1942605.59,7,34.3,13.475,20.825,0,1.003999949,112.5680008,276115.125,0.462000012,252.7610016,34.3
CUST_36125470E796BB0F190CCF8FB4D1B317,PART_A275DACB776C28E5F2260A3C3583F6B1,12/13/2024,1,0,1953406.95,4,19.6,7.7,11.9,0,0.986000001,112.4059982,276085.7813,0.465999991,252.7590027,19.6
CUST_36125470E796BB0F190CCF8FB4D1B317,PART_A275DACB776C28E5F2260A3C3583F6B1,1/9/2025,1,0,1947044.79,2,10.28,3.85,6.43,0,0.980000019,112.5650024,275629.4688,0.467000008,252.9259949,10.28
CUST_36125470E796BB0F190CCF8FB4D1B317,PART_A275DACB776C28E5F2260A3C3583F6B1,2/10/2025,1,0,1928659.95,10,51.4,19.25,32.15,0,1.05400002,113.8040009,275368.6875,0.449999988,253.673996,51.4
CUST_36125470E796BB0F190CCF8FB4D1B317,PART_A275DACB776C28E5F2260A3C3583F6B1,2/14/2025,1,0,1937900.44,12,86.28,23.1,63.18,0,1.05400002,113.7610016,275764.5313,0.451999992,253.7859955,86.28
CUST_36125470E796BB0F190CCF8FB4D1B317,PART_A275DACB776C28E5F2260A3C3583F6B1,2/17/2025,1,0,1931157.08,10,71.9,19.25,52.65,0,1.05400002,113.7289963,276061.4375,0.453000009,253.8699951,71.9
CUST_36125470E796BB0F190CCF8FB4D1B317,PART_A275DACB776C28E5F2260A3C3583F6B1,2/21/2025,1,0,1933479.94,14,100.66,26.95,73.71,0,1.05400002,113.685997,276457.2813,0.455000013,253.9819946,100.66
CUST_36125470E796BB0F190CCF8FB4D1B317,PART_A275DACB776C28E5F2260A3C3583F6B1,3/12/2025,1,0,1909114.47,10,71.9,19.25,52.65,0,1.054999948,113.6709976,277541.375,0.456,254.2290039,71.9
CUST_36125470E796BB0F190CCF8FB4D1B317,PART_A275DACB776C28E5F2260A3C3583F6B1,5/8/2025,1,0,1912974.714,6,43.14,11.88,31.26,0,1.05400002,113.5319977,276527.5313,0.453999996,254.3130035,43.14
CUST_36125470E796BB0F190CCF8FB4D1B317,PART_A275DACB776C28E5F2260A3C3583F6B1,5/15/2025,1,0,1912360.874,5,35.95,9.9,26.05,0,1.052999973,113.4649963,276476.0313,0.453999996,254.3190002,35.95
CUST_36125470E796BB0F190CCF8FB4D1B317,PART_A275DACB776C28E5F2260A3C3583F6B1,5/23/2025,1,0,1909700.074,6,43.14,11.88,31.26,0,1.052999973,113.387001,276417.1875,0.453000009,254.3249969,43.14
CUST_36125470E796BB0F190CCF8FB4D1B317,PART_A275DACB776C28E5F2260A3C3583F6B1,6/9/2025,1,0,1901576.544,10,71.9,19.8,52.1,0,1.047000051,113.5130005,276727.5313,0.444999993,254.3320007,71.9
CUST_36125470E796BB0F190CCF8FB4D1B317,PART_A275DACB776C28E5F2260A3C3583F6B1,6/16/2025,1,0,1886256.764,10,71.9,19.8,52.1,0,1.042999983,113.6999969,277057,0.437999994,254.3320007,71.9
CUST_36125470E796BB0F190CCF8FB4D1B317,PART_26833137ECA6E727C0ED32EFAEC82997,1/18/2023,1,0,98741.89,3,18.54,7.251,11.289,0,1.148000002,116.8550034,273111.4688,0.513000011,244.9250031,18.54
CUST_36125470E796BB0F190CCF8FB4D1B317,PART_26833137ECA6E727C0ED32EFAEC82997,5/18/2023,1,0,637787.92,5,25.95,12.855,13.095,0,1.156000018,113.973999,270412.5625,0.537999988,246.4700012,25.95
CUST_36125470E796BB0F190CCF8FB4D1B317,PART_26833137ECA6E727C0ED32EFAEC82997,6/7/2024,1,0,1793258.93,7,35.63,17.01,18.62,0,1.083999991,113.8399963,274085.1875,0.472000003,249.4290009,35.63
CUST_36125470E796BB0F190CCF8FB4D1B317,PART_49BC3AEB5BC7A4B6AAB9074E61E8B3BF,1/2/2023,1,1,23270.2,10,136.2,52.48,25.32,0,1.125,116.8030014,275618.3125,0.504999995,244.2140045,77.8
CUST_36125470E796BB0F190CCF8FB4D1B317,PART_49BC3AEB5BC7A4B6AAB9074E61E8B3BF,1/12/2023,1,1,78031.35,18,245.16,94.464,45.576,0,1.139000058,116.8349991,274051.5625,0.50999999,244.6589966,140.04
CUST_36125470E796BB0F190CCF8FB4D1B317,PART_49BC3AEB5BC7A4B6AAB9074E61E8B3BF,1/16/2023,1,1,87737.22,5,68.8,26.24,12.66,0,1.144999981,116.8479996,273424.8438,0.512000024,244.8359985,38.9
CUST_36125470E796BB0F190CCF8FB4D1B317,PART_49BC3AEB5BC7A4B6AAB9074E61E8B3BF,1/17/2023,1,1,93536.85,1,13.76,5.248,2.532,0,1.146000028,116.8519974,273268.1563,0.513000011,244.8809967,7.78
CUST_36125470E796BB0F190CCF8FB4D1B317,PART_49BC3AEB5BC7A4B6AAB9074E61E8B3BF,1/18/2023,1,1,98741.89,6,82.62,31.488,15.192,0,1.148000002,116.8550034,273111.4688,0.513000011,244.9250031,46.68
CUST_36125470E796BB0F190CCF8FB4D1B317,PART_49BC3AEB5BC7A4B6AAB9074E61E8B3BF,1/24/2023,1,1,118271.29,7,96.32,36.736,17.724,0,1.156000018,116.8740005,272171.4063,0.51700002,245.1920013,54.46
CUST_36125470E796BB0F190CCF8FB4D1B317,PART_49BC3AEB5BC7A4B6AAB9074E61E8B3BF,1/31/2023,1,1,144831.84,12,165.12,62.976,30.384,9.180000305,1.166000009,116.8970032,271074.6875,0.519999981,245.503006,93.36
CUST_36125470E796BB0F190CCF8FB4D1B317,PART_49BC3AEB5BC7A4B6AAB9074E61E8B3BF,2/1/2023,1,1,151805.56,6,82.62,31.488,15.192,9.199999809,1.167000055,116.9000015,270918,0.521000028,245.5469971,46.68
CUST_36125470E796BB0F190CCF8FB4D1B317,PART_49BC3AEB5BC7A4B6AAB9074E61E8B3BF,2/2/2023,1,1,157585.71,13,178.88,68.224,32.916,9.229999542,1.167000055,116.8180008,270832.6563,0.519999981,245.5469971,101.14
CUST_36125470E796BB0F190CCF8FB4D1B317,PART_49BC3AEB5BC7A4B6AAB9074E61E8B3BF,2/9/2023,1,1,189402.07,6,82.56,31.488,15.192,9.399999619,1.164000034,116.2429962,270235.1563,0.513000011,245.5500031,46.68
CUST_36125470E796BB0F190CCF8FB4D1B317,PART_49BC3AEB5BC7A4B6AAB9074E61E8B3BF,2/15/2023,1,1,207623.98,6,82.62,31.488,15.192,9.56000042,1.161000013,115.75,269723,0.507000029,245.552002,46.68
CUST_36125470E796BB0F190CCF8FB4D1B317,PART_49BC3AEB5BC7A4B6AAB9074E61E8B3BF,2/27/2023,1,1,241454.89,23,316.48,120.704,58.236,9.859999657,1.156000018,114.7639999,268698.7188,0.495000005,245.5559998,178.94
CUST_36125470E796BB0F190CCF8FB4D1B317,PART_49BC3AEB5BC7A4B6AAB9074E61E8B3BF,2/28/2023,1,1,256966.22,8,110.08,41.984,20.256,9.880000114,1.154999971,114.6819992,268613.3438,0.493999988,245.5570068,62.24
CUST_36125470E796BB0F190CCF8FB4D1B317,PART_49BC3AEB5BC7A4B6AAB9074E61E8B3BF,3/1/2023,1,1,264556.06,7,96.39,36.736,17.724,9.869999886,1.154999971,114.5999985,268528,0.493000001,245.5570068,54.46
CUST_36125470E796BB0F190CCF8FB4D1B317,PART_49BC3AEB5BC7A4B6AAB9074E61E8B3BF,3/2/2023,1,1,277386.44,16,220.16,83.968,43.072,9.859999657,1.154999971,114.5810013,268601.75,0.495000005,245.5630035,127.04
CUST_36125470E796BB0F190CCF8FB4D1B317,PART_49BC3AEB5BC7A4B6AAB9074E61E8B3BF,3/7/2023,1,1,301268.5,4,55.04,20.992,10.768,9.81000042,1.152999997,114.4840012,268970.4375,0.504000008,245.5930023,31.76
CUST_36125470E796BB0F190CCF8FB4D1B317,PART_49BC3AEB5BC7A4B6AAB9074E61E8B3BF,3/9/2023,1,1,312954.51,20,275.4,104.96,53.84,9.789999962,1.15199995,114.4449997,269117.9375,0.508000016,245.6049957,158.8
CUST_36125470E796BB0F190CCF8FB4D1B317,PART_49BC3AEB5BC7A4B6AAB9074E61E8B3BF,3/14/2023,1,1,334091.86,12,165.12,62.976,32.304,9.739999771,1.149999976,114.3479996,269486.6563,0.51700002,245.6349945,95.28
CUST_36125470E796BB0F190CCF8FB4D1B317,PART_49BC3AEB5BC7A4B6AAB9074E61E8B3BF,3/22/2023,1,1,365448.93,5,68.85,26.24,13.46,9.649999619,1.148000002,114.1940002,270076.5938,0.532000005,245.6840057,39.7
CUST_36125470E796BB0F190CCF8FB4D1B317,PART_49BC3AEB5BC7A4B6AAB9074E61E8B3BF,3/27/2023,1,1,379270.33,5,68.8,26.24,13.46,9.600000381,1.146000028,114.0970001,270445.2813,0.541999996,245.7140045,39.7
CUST_36125470E796BB0F190CCF8FB4D1B317,PART_49BC3AEB5BC7A4B6AAB9074E61E8B3BF,3/28/2023,1,1,383995.7,1,13.76,5.248,2.692,9.590000153,1.144999981,114.0770035,270519.0313,0.54400003,245.7200012,7.94
CUST_36125470E796BB0F190CCF8FB4D1B317,PART_49BC3AEB5BC7A4B6AAB9074E61E8B3BF,3/29/2023,1,1,391586.98,6,82.62,31.488,16.152,9.579999924,1.144999981,114.0579987,270592.7813,0.545000017,245.7259979,47.64
CUST_36125470E796BB0F190CCF8FB4D1B317,PART_49BC3AEB5BC7A4B6AAB9074E61E8B3BF,3/30/2023,1,1,401492.97,7,96.32,36.736,18.684,9.569999695,1.144999981,114.0390015,270666.5313,0.546999991,245.7319946,55.42
CUST_36125470E796BB0F190CCF8FB4D1B317,PART_49BC3AEB5BC7A4B6AAB9074E61E8B3BF,4/4/2023,1,1,414572.22,1,13.76,5.248,2.692,9.640000343,1.146000028,113.9700012,270787.4063,0.550000012,245.776001,7.94
CUST_36125470E796BB0F190CCF8FB4D1B317,PART_49BC3AEB5BC7A4B6AAB9074E61E8B3BF,4/5/2023,1,1,420051.15,5,68.85,26.24,13.46,9.659999847,1.146999955,113.9599991,270778.5313,0.550000012,245.7870026,39.7
CUST_36125470E796BB0F190CCF8FB4D1B317,PART_49BC3AEB5BC7A4B6AAB9074E61E8B3BF,4/7/2023,1,1,433566.09,5,68.8,24.345,15.355,9.699999809,1.148000002,113.9400024,270760.8125,0.549000025,245.8079987,39.7
CUST_36125470E796BB0F190CCF8FB4D1B317,PART_49BC3AEB5BC7A4B6AAB9074E61E8B3BF,4/12/2023,1,1,457774.17,32,440.64,166.42,87.66,9.789999962,1.15199995,113.8899994,270716.4688,0.546999991,245.8609924,254.08
CUST_36125470E796BB0F190CCF8FB4D1B317,PART_49BC3AEB5BC7A4B6AAB9074E61E8B3BF,4/14/2023,1,1,477680.02,4,55.08,20.992,10.768,9.829999924,1.154000044,113.8700027,270698.7188,0.546999991,245.8820038,31.76
CUST_36125470E796BB0F190CCF8FB4D1B317,PART_49BC3AEB5BC7A4B6AAB9074E61E8B3BF,4/18/2023,1,1,482997.7,4,55.08,19.476,12.284,9.909999847,1.156000018,113.8300018,270663.2813,0.545000017,245.9250031,31.76
CUST_36125470E796BB0F190CCF8FB4D1B317,PART_49BC3AEB5BC7A4B6AAB9074E61E8B3BF,4/24/2023,1,1,508744.13,8,110.16,38.952,24.568,10.02000046,1.161000013,113.7699966,270610.0625,0.542999983,245.9889984,63.52
CUST_36125470E796BB0F190CCF8FB4D1B317,PART_49BC3AEB5BC7A4B6AAB9074E61E8B3BF,4/25/2023,1,1,515596.6,1,13.77,4.869,3.071,10.03999996,1.161999941,113.7600021,270601.1875,0.542999983,245.9989929,7.94
CUST_36125470E796BB0F190CCF8FB4D1B317,PART_49BC3AEB5BC7A4B6AAB9074E61E8B3BF,4/26/2023,1,1,524984.57,7,96.39,34.083,21.497,10.06000042,1.161999941,113.75,270592.3438,0.542999983,246.0099945,55.58
CUST_36125470E796BB0F190CCF8FB4D1B317,PART_49BC3AEB5BC7A4B6AAB9074E61E8B3BF,5/3/2023,1,1,559701.51,8,110.16,38.952,24.568,10.13000011,1.164999962,113.7320023,270532.0625,0.541000009,246.1109924,63.52
CUST_36125470E796BB0F190CCF8FB4D1B317,PART_49BC3AEB5BC7A4B6AAB9074E61E8B3BF,5/9/2023,1,1,581997.26,11,151.47,53.559,33.781,10.10000038,1.161000013,113.8290024,270484.25,0.538999975,246.2539978,87.34
CUST_36125470E796BB0F190CCF8FB4D1B317,PART_49BC3AEB5BC7A4B6AAB9074E61E8B3BF,5/12/2023,1,1,609619.28,0,0,0,0,10.09000015,1.159000039,113.8769989,270460.3438,0.538999975,246.326004,0
CUST_36125470E796BB0F190CCF8FB4D1B317,PART_49BC3AEB5BC7A4B6AAB9074E61E8B3BF,5/15/2023,1,1,615732.42,4,55.08,19.476,12.284,10.07999992,1.156999946,113.9260025,270436.4375,0.537999988,246.397995,31.76
CUST_36125470E796BB0F190CCF8FB4D1B317,PART_49BC3AEB5BC7A4B6AAB9074E61E8B3BF,5/16/2023,1,1,625188.66,9,123.93,43.821,27.639,10.06999969,1.156999946,113.9420013,270428.4688,0.537999988,246.4219971,71.46
CUST_36125470E796BB0F190CCF8FB4D1B317,PART_49BC3AEB5BC7A4B6AAB9074E61E8B3BF,5/17/2023,1,1,633616.21,6,82.62,29.214,18.426,10.06999969,1.156000018,113.9580002,270420.5313,0.537999988,246.4459991,47.64
CUST_36125470E796BB0F190CCF8FB4D1B317,PART_49BC3AEB5BC7A4B6AAB9074E61E8B3BF,5/22/2023,1,1,658318.14,7,96.39,34.083,21.497,10.05000019,1.152999997,114.0390015,270380.6875,0.537,246.5659943,55.58
CUST_36125470E796BB0F190CCF8FB4D1B317,PART_49BC3AEB5BC7A4B6AAB9074E61E8B3BF,5/25/2023,1,1,683259.5,10,137.7,48.69,30.71,10.03999996,1.151000023,114.086998,270356.7813,0.536000013,246.6369934,79.4
CUST_36125470E796BB0F190CCF8FB4D1B317,PART_49BC3AEB5BC7A4B6AAB9074E61E8B3BF,5/30/2023,1,1,693520.69,1,13.77,4.869,3.071,10.01000023,1.148000002,114.1679993,270316.9375,0.535000026,246.7570038,7.94
CUST_36125470E796BB0F190CCF8FB4D1B317,PART_49BC3AEB5BC7A4B6AAB9074E61E8B3BF,6/1/2023,1,1,707607.25,22,302.94,107.118,67.562,10.02000046,1.146999955,114.1999969,270301,0.535000026,246.8049927,174.68
CUST_36125470E796BB0F190CCF8FB4D1B317,PART_49BC3AEB5BC7A4B6AAB9074E61E8B3BF,6/6/2023,1,1,723747.79,13,179.01,63.297,39.923,10.10000038,1.143000007,114.3499985,270394.6563,0.531000018,246.9499969,103.22
CUST_36125470E796BB0F190CCF8FB4D1B317,PART_49BC3AEB5BC7A4B6AAB9074E61E8B3BF,6/8/2023,1,1,736210.56,8,110.16,38.952,24.568,10.13000011,1.141000032,114.4100037,270432.125,0.528999984,247.0079956,63.52
CUST_36125470E796BB0F190CCF8FB4D1B317,PART_49BC3AEB5BC7A4B6AAB9074E61E8B3BF,6/15/2023,1,1,767529.91,4,55.08,19.476,12.284,10.22999954,1.13499999,114.6200027,270563.2813,0.523999989,247.2109985,31.76
CUST_36125470E796BB0F190CCF8FB4D1B317,PART_49BC3AEB5BC7A4B6AAB9074E61E8B3BF,6/16/2023,1,1,775581.44,6,82.62,29.214,18.426,10.23999977,1.13499999,114.6500015,270582,0.523000002,247.2400055,47.64
CUST_36125470E796BB0F190CCF8FB4D1B317,PART_49BC3AEB5BC7A4B6AAB9074E61E8B3BF,6/19/2023,1,1,778650.82,5,68.85,24.345,15.355,10.28999996,1.131999969,114.7399979,270638.1875,0.521000028,247.326004,39.7
CUST_36125470E796BB0F190CCF8FB4D1B317,PART_49BC3AEB5BC7A4B6AAB9074E61E8B3BF,6/22/2023,1,1,791582.39,3,41.31,14.607,9.213,10.32999992,1.129999995,114.8300018,270694.4063,0.518000007,247.4129944,23.82
CUST_36125470E796BB0F190CCF8FB4D1B317,PART_49BC3AEB5BC7A4B6AAB9074E61E8B3BF,6/27/2023,1,1,819100.83,2,27.54,9.738,6.142,10.40999985,1.125,114.9800034,270788.0625,0.513999999,247.5579987,15.88
CUST_36125470E796BB0F190CCF8FB4D1B317,PART_49BC3AEB5BC7A4B6AAB9074E61E8B3BF,6/28/2023,1,1,833038.66,13,179.01,63.297,39.923,10.42000008,1.125,115.0100021,270806.8125,0.513000011,247.5870056,103.22
CUST_36125470E796BB0F190CCF8FB4D1B317,PART_49BC3AEB5BC7A4B6AAB9074E61E8B3BF,7/10/2023,1,1,875934.6,9,123.93,43.821,27.639,10.34000015,1.128000021,114.7809982,270975.0625,0.512000024,247.677002,71.46
CUST_36125470E796BB0F190CCF8FB4D1B317,PART_49BC3AEB5BC7A4B6AAB9074E61E8B3BF,7/11/2023,1,1,885974.55,2,27.54,9.738,6.142,10.32999992,1.128999949,114.7450027,270987.5313,0.512000024,247.677002,15.88
CUST_36125470E796BB0F190CCF8FB4D1B317,PART_49BC3AEB5BC7A4B6AAB9074E61E8B3BF,7/12/2023,1,1,893405.7,7,96.39,34.083,21.497,10.31999969,1.128999949,114.7099991,270999.9688,0.512000024,247.6779938,55.58
CUST_36125470E796BB0F190CCF8FB4D1B317,PART_49BC3AEB5BC7A4B6AAB9074E61E8B3BF,7/13/2023,1,1,897802.89,24,330.48,116.856,73.704,10.31000042,1.129999995,114.6740036,271012.4063,0.512000024,247.6779938,190.56
CUST_36125470E796BB0F190CCF8FB4D1B317,PART_49BC3AEB5BC7A4B6AAB9074E61E8B3BF,7/14/2023,1,1,902784.88,5,68.85,24.345,15.355,10.30000019,1.131000042,114.6389999,271024.875,0.512000024,247.6779938,39.7
CUST_36125470E796BB0F190CCF8FB4D1B317,PART_49BC3AEB5BC7A4B6AAB9074E61E8B3BF,7/18/2023,1,1,910424.91,5,68.85,24.345,15.355,10.26000023,1.133999944,114.4970016,271074.6875,0.513000011,247.6790009,39.7
CUST_36125470E796BB0F190CCF8FB4D1B317,PART_49BC3AEB5BC7A4B6AAB9074E61E8B3BF,7/24/2023,1,1,937725.77,0,0,0,0,10.18999958,1.138000011,114.2839966,271149.375,0.513000011,247.6809998,0
CUST_36125470E796BB0F190CCF8FB4D1B317,PART_49BC3AEB5BC7A4B6AAB9074E61E8B3BF,7/26/2023,1,1,949456.43,0,0,0,0,10.17000008,1.139000058,114.2129974,271174.2813,0.513000011,247.6820068,0
CUST_36125470E796BB0F190CCF8FB4D1B317,PART_49BC3AEB5BC7A4B6AAB9074E61E8B3BF,7/27/2023,1,1,953291.8,8,110.16,38.952,24.568,10.15999985,1.139999986,114.177002,271186.75,0.513999999,247.6820068,63.52
CUST_36125470E796BB0F190CCF8FB4D1B317,PART_49BC3AEB5BC7A4B6AAB9074E61E8B3BF,7/31/2023,1,1,957282.19,5,68.85,24.345,15.355,10.11999989,1.14199996,114.0350037,271236.5625,0.513999999,247.6840057,39.7
CUST_36125470E796BB0F190CCF8FB4D1B317,PART_49BC3AEB5BC7A4B6AAB9074E61E8B3BF,8/8/2023,1,1,996880.72,18,247.86,87.642,55.278,10.26000023,1.148000002,114.0230026,270915.25,0.512000024,247.7819977,142.92
CUST_36125470E796BB0F190CCF8FB4D1B317,PART_49BC3AEB5BC7A4B6AAB9074E61E8B3BF,8/9/2023,1,1,1004267.48,5,68.85,24.345,15.355,10.27999973,1.148000002,114.026001,270867.5938,0.512000024,247.7969971,39.7
CUST_36125470E796BB0F190CCF8FB4D1B317,PART_49BC3AEB5BC7A4B6AAB9074E61E8B3BF,8/14/2023,1,1,1023146.46,4,55.08,19.476,12.284,10.36999989,1.151000023,114.0419998,270629.1875,0.510999978,247.8670044,31.76
CUST_36125470E796BB0F190CCF8FB4D1B317,PART_49BC3AEB5BC7A4B6AAB9074E61E8B3BF,8/15/2023,1,1,1033826.19,2,27.54,9.738,6.142,10.39000034,1.15199995,114.0449982,270581.5313,0.510999978,247.8809967,15.88
CUST_36125470E796BB0F190CCF8FB4D1B317,PART_49BC3AEB5BC7A4B6AAB9074E61E8B3BF,8/17/2023,1,1,1051428.77,18,247.86,87.642,55.278,10.43000031,1.152999997,114.052002,270486.1563,0.50999999,247.9089966,142.92
CUST_36125470E796BB0F190CCF8FB4D1B317,PART_49BC3AEB5BC7A4B6AAB9074E61E8B3BF,8/22/2023,1,1,1078862.84,3,41.31,14.607,9.213,10.52000046,1.156999946,114.0680008,270247.7813,0.509000003,247.9790039,23.82
CUST_36125470E796BB0F190CCF8FB4D1B317,PART_49BC3AEB5BC7A4B6AAB9074E61E8B3BF,8/23/2023,1,1,1086388,6,82.62,29.214,18.426,10.53999996,1.156999946,114.0709991,270200.0938,0.509000003,247.9929962,47.64
CUST_36125470E796BB0F190CCF8FB4D1B317,PART_49BC3AEB5BC7A4B6AAB9074E61E8B3BF,8/24/2023,1,1,1087101.17,7,96.39,34.083,21.497,10.55000019,1.157999992,114.0739975,270152.4063,0.509000003,248.0070038,55.58
CUST_36125470E796BB0F190CCF8FB4D1B317,PART_49BC3AEB5BC7A4B6AAB9074E61E8B3BF,8/29/2023,1,1,1106038.43,15,206.55,73.035,37.665,10.64000034,1.161000013,114.0899963,269914.0313,0.508000016,248.0780029,110.7
CUST_36125470E796BB0F190CCF8FB4D1B317,PART_49BC3AEB5BC7A4B6AAB9074E61E8B3BF,9/6/2023,1,1,1142627.35,10,137.7,48.69,25.11,10.53999996,1.154000044,114.1330032,269606.3438,0.500999987,248.1300049,73.8
CUST_36125470E796BB0F190CCF8FB4D1B317,PART_49BC3AEB5BC7A4B6AAB9074E61E8B3BF,9/11/2023,1,1,1165798.06,0,0,0,0,10.42000008,1.144999981,114.1669998,269441.6563,0.493999988,248.1390076,0
CUST_36125470E796BB0F190CCF8FB4D1B317,PART_49BC3AEB5BC7A4B6AAB9074E61E8B3BF,9/12/2023,1,1,1175297.53,1,13.77,4.869,2.511,10.39999962,1.143000007,114.1729965,269408.7188,0.493000001,248.1410065,7.38
CUST_36125470E796BB0F190CCF8FB4D1B317,PART_49BC3AEB5BC7A4B6AAB9074E61E8B3BF,9/13/2023,1,1,1189334.45,5,68.85,24.345,12.555,10.38000011,1.141000032,114.1800003,269375.8125,0.492000014,248.1430054,36.9
CUST_36125470E796BB0F190CCF8FB4D1B317,PART_49BC3AEB5BC7A4B6AAB9074E61E8B3BF,9/14/2023,1,1,1196261.94,14,192.78,68.166,35.154,10.35000038,1.139000058,114.1869965,269342.875,0.490999997,248.1450043,103.32
CUST_36125470E796BB0F190CCF8FB4D1B317,PART_49BC3AEB5BC7A4B6AAB9074E61E8B3BF,9/18/2023,1,1,1208700.5,6,82.62,29.214,15.066,10.26000023,1.131999969,114.2129974,269211.125,0.485000014,248.1529999,44.28
CUST_36125470E796BB0F190CCF8FB4D1B317,PART_49BC3AEB5BC7A4B6AAB9074E61E8B3BF,9/26/2023,1,1,1254934.31,1,13.77,4.869,2.511,10.06999969,1.116999984,114.2669983,268947.6563,0.474999994,248.1679993,7.38
CUST_36125470E796BB0F190CCF8FB4D1B317,PART_49BC3AEB5BC7A4B6AAB9074E61E8B3BF,9/27/2023,1,1,1262516.88,8,110.16,38.952,20.088,10.05000019,1.11500001,114.2730026,268914.7188,0.474000007,248.1699982,59.04
CUST_36125470E796BB0F190CCF8FB4D1B317,PART_49BC3AEB5BC7A4B6AAB9074E61E8B3BF,9/28/2023,1,1,1273075.12,19,261.63,92.511,47.709,10.02999973,1.113999963,114.2799988,268881.8125,0.47299999,248.1719971,140.22
CUST_36125470E796BB0F190CCF8FB4D1B317,PART_49BC3AEB5BC7A4B6AAB9074E61E8B3BF,10/4/2023,1,1,1298828.53,0,0,0,0,10.13000011,1.106999993,114.2419968,268964.3438,0.469000012,248.1880035,0
CUST_36125470E796BB0F190CCF8FB4D1B317,PART_49BC3AEB5BC7A4B6AAB9074E61E8B3BF,10/9/2023,1,1,1313235.44,3,41.31,14.607,7.533,10.31999969,1.103999972,114.1449966,269266.625,0.469999999,248.2050018,22.14
CUST_36125470E796BB0F190CCF8FB4D1B317,PART_49BC3AEB5BC7A4B6AAB9074E61E8B3BF,10/10/2023,1,1,1322753.91,3,41.31,14.607,7.533,10.35999966,1.103999972,114.1259995,269327.0625,0.469999999,248.2079926,22.14
CUST_36125470E796BB0F190CCF8FB4D1B317,PART_49BC3AEB5BC7A4B6AAB9074E61E8B3BF,10/18/2023,1,1,1353142.53,15,206.55,73.035,37.665,10.65999985,1.100000024,113.9710007,269810.6875,0.472000003,248.2359924,110.7
CUST_36125470E796BB0F190CCF8FB4D1B317,PART_49BC3AEB5BC7A4B6AAB9074E61E8B3BF,10/19/2023,1,1,1360630.63,36,495.72,175.284,90.396,10.69999981,1.100000024,113.9520035,269871.125,0.472000003,248.2389984,265.68
CUST_36125470E796BB0F190CCF8FB4D1B317,PART_49BC3AEB5BC7A4B6AAB9074E61E8B3BF,10/23/2023,1,1,1374793.2,9,123.93,43.821,22.599,10.85000038,1.09800005,113.8740005,270112.9375,0.47299999,248.253006,66.42
CUST_36125470E796BB0F190CCF8FB4D1B317,PART_49BC3AEB5BC7A4B6AAB9074E61E8B3BF,10/27/2023,1,1,1391459,22,302.94,107.118,65.882,11,1.095999956,113.7969971,270354.75,0.47299999,248.2660065,173
CUST_36125470E796BB0F190CCF8FB4D1B317,PART_49BC3AEB5BC7A4B6AAB9074E61E8B3BF,10/30/2023,1,1,1392709.3,18,247.86,87.642,45.198,11.10999966,1.095000029,113.7389984,270536.0938,0.474000007,248.276001,132.84
CUST_36125470E796BB0F190CCF8FB4D1B317,PART_49BC3AEB5BC7A4B6AAB9074E61E8B3BF,10/31/2023,1,1,1407646.37,1,13.77,4.869,2.511,11.14999962,1.093999982,113.7190018,270596.5625,0.474000007,248.2799988,7.38
CUST_36125470E796BB0F190CCF8FB4D1B317,PART_49BC3AEB5BC7A4B6AAB9074E61E8B3BF,11/1/2023,1,1,1420003.67,5,68.85,24.345,12.555,11.13000011,1.093999982,113.6999969,270657,0.474000007,248.2830048,36.9
CUST_36125470E796BB0F190CCF8FB4D1B317,PART_49BC3AEB5BC7A4B6AAB9074E61E8B3BF,11/2/2023,1,1,1436089.38,1,13.77,4.869,2.511,11.10999966,1.093000054,113.7770004,270650.8125,0.474000007,248.2870026,7.38
CUST_36125470E796BB0F190CCF8FB4D1B317,PART_49BC3AEB5BC7A4B6AAB9074E61E8B3BF,11/6/2023,1,1,1455703.31,17,234.09,82.773,42.687,11.02000046,1.090999961,114.0830002,270626,0.476000011,248.3049927,125.46
CUST_36125470E796BB0F190CCF8FB4D1B317,PART_49BC3AEB5BC7A4B6AAB9074E61E8B3BF,11/8/2023,1,1,1470460.17,6,82.62,29.214,15.066,10.97999954,1.090000033,114.2369995,270613.5938,0.476999998,248.3130035,44.28
CUST_36125470E796BB0F190CCF8FB4D1B317,PART_49BC3AEB5BC7A4B6AAB9074E61E8B3BF,11/9/2023,1,1,1476075.97,4,55.08,19.476,10.044,10.96000004,1.088999987,114.3130035,270607.4063,0.476999998,248.3179932,29.52
CUST_36125470E796BB0F190CCF8FB4D1B317,PART_49BC3AEB5BC7A4B6AAB9074E61E8B3BF,11/16/2023,1,1,1508765.51,8,110.16,38.952,20.088,10.81000042,1.085999966,114.8499985,270564,0.481000006,248.3480072,59.04
CUST_36125470E796BB0F190CCF8FB4D1B317,PART_49BC3AEB5BC7A4B6AAB9074E61E8B3BF,11/20/2023,1,1,1517371.1,6,82.62,29.214,15.066,10.72000027,1.082999945,115.1569977,270539.1875,0.481999993,248.3650055,44.28
CUST_36125470E796BB0F190CCF8FB4D1B317,PART_49BC3AEB5BC7A4B6AAB9074E61E8B3BF,11/27/2023,1,1,1544618.79,16,220.32,77.904,40.176,10.56999969,1.078999996,115.6930008,270495.8125,0.485000014,248.3959961,118.08
CUST_36125470E796BB0F190CCF8FB4D1B317,PART_49BC3AEB5BC7A4B6AAB9074E61E8B3BF,11/29/2023,1,1,1553724.92,4,55.08,19.476,10.044,10.52999973,1.077999949,115.8470001,270483.4063,0.486000001,248.404007,29.52
CUST_36125470E796BB0F190CCF8FB4D1B317,PART_49BC3AEB5BC7A4B6AAB9074E61E8B3BF,11/30/2023,1,1,1562151.36,14,192.78,68.166,35.154,10.51000023,1.077999949,115.9229965,270477.1875,0.486999989,248.4089966,103.32
CUST_36125470E796BB0F190CCF8FB4D1B317,PART_49BC3AEB5BC7A4B6AAB9074E61E8B3BF,12/5/2023,1,1,1577840.24,6,82.62,29.214,15.066,10.68999958,1.072000027,115.4319992,270760.8125,0.488000005,248.602005,44.28
CUST_36125470E796BB0F190CCF8FB4D1B317,PART_49BC3AEB5BC7A4B6AAB9074E61E8B3BF,12/6/2023,1,1,1585809.05,5,68.85,24.345,12.555,10.72999954,1.07099998,115.2900009,270833.25,0.488000005,248.6490021,36.9
CUST_36125470E796BB0F190CCF8FB4D1B317,PART_49BC3AEB5BC7A4B6AAB9074E61E8B3BF,12/7/2023,1,1,1591911.92,5,68.85,24.345,12.555,10.77000046,1.070000052,115.1480026,270905.7188,0.488000005,248.6959991,36.9
CUST_36125470E796BB0F190CCF8FB4D1B317,PART_49BC3AEB5BC7A4B6AAB9074E61E8B3BF,12/11/2023,1,1,1602459.99,4,55.08,19.476,10.044,10.90999985,1.065000057,114.5810013,271195.5313,0.488999993,248.8849945,29.52
CUST_36125470E796BB0F190CCF8FB4D1B317,PART_49BC3AEB5BC7A4B6AAB9074E61E8B3BF,12/12/2023,1,1,1613398.96,1,13.77,4.869,2.511,10.94999981,1.06400001,114.439003,271267.9688,0.488999993,248.9320068,7.38
CUST_36125470E796BB0F190CCF8FB4D1B317,PART_49BC3AEB5BC7A4B6AAB9074E61E8B3BF,12/13/2023,1,1,1618692.56,37,509.49,180.153,92.907,10.98999977,1.062000036,114.2969971,271340.4063,0.488999993,248.9790039,273.06
CUST_36125470E796BB0F190CCF8FB4D1B317,PART_49BC3AEB5BC7A4B6AAB9074E61E8B3BF,12/19/2023,1,1,1641975.98,2,27.54,9.738,5.022,11.21000004,1.054999948,113.4449997,271775.125,0.49000001,249.2619934,14.76
CUST_36125470E796BB0F190CCF8FB4D1B317,PART_49BC3AEB5BC7A4B6AAB9074E61E8B3BF,12/21/2023,1,1,1661368.98,9,123.93,43.821,22.599,11.27999973,1.052000046,113.1610031,271920.0313,0.490999997,249.3569946,66.42
CUST_36125470E796BB0F190CCF8FB4D1B317,PART_49BC3AEB5BC7A4B6AAB9074E61E8B3BF,12/22/2023,1,1,1667962.54,8,110.16,38.952,20.088,11.31999969,1.050999999,113.0189972,271992.4688,0.490999997,249.404007,59.04
CUST_36125470E796BB0F190CCF8FB4D1B317,PART_49BC3AEB5BC7A4B6AAB9074E61E8B3BF,12/27/2023,1,1,1673699.92,2,27.54,9.738,5.022,11.5,1.044999957,112.3099976,272354.75,0.492000014,249.6399994,14.76
CUST_36125470E796BB0F190CCF8FB4D1B317,PART_49BC3AEB5BC7A4B6AAB9074E61E8B3BF,1/8/2024,1,1,1676715.22,17,234.09,82.773,42.687,11.51000023,1.055999994,112.1419983,273810.3438,0.493999988,249.8800049,125.46
CUST_36125470E796BB0F190CCF8FB4D1B317,PART_49BC3AEB5BC7A4B6AAB9074E61E8B3BF,1/11/2024,1,1,1686934.28,18,247.86,87.642,45.198,11.46000004,1.06400001,112.3740005,274278.9375,0.493999988,249.8820038,132.84
CUST_36125470E796BB0F190CCF8FB4D1B317,PART_49BC3AEB5BC7A4B6AAB9074E61E8B3BF,1/16/2024,1,1,1681671.05,9,123.93,43.821,22.599,11.36999989,1.075999975,112.7610016,275059.9063,0.493999988,249.8849945,66.42
CUST_36125470E796BB0F190CCF8FB4D1B317,PART_49BC3AEB5BC7A4B6AAB9074E61E8B3BF,1/17/2024,1,1,1691554.71,0,0,0,0,11.35000038,1.077999949,112.8389969,275216.0938,0.495000005,249.8849945,0
CUST_36125470E796BB0F190CCF8FB4D1B317,PART_49BC3AEB5BC7A4B6AAB9074E61E8B3BF,1/18/2024,1,1,1696809.39,12,165.24,58.428,30.132,11.34000015,1.08099997,112.9160004,275372.2813,0.495000005,249.8860016,88.56
CUST_36125470E796BB0F190CCF8FB4D1B317,PART_49BC3AEB5BC7A4B6AAB9074E61E8B3BF,1/23/2024,1,1,1707337.7,22,302.94,107.118,55.242,11.25,1.093000054,113.3030014,276153.25,0.495000005,249.8890076,162.36
CUST_36125470E796BB0F190CCF8FB4D1B317,PART_49BC3AEB5BC7A4B6AAB9074E61E8B3BF,1/30/2024,1,1,1714668.1,3,37.32,14.607,7.533,11.13000011,1.110000014,113.8450012,277246.625,0.495999992,249.8930054,22.14
CUST_36125470E796BB0F190CCF8FB4D1B317,PART_49BC3AEB5BC7A4B6AAB9074E61E8B3BF,2/1/2024,1,1,1709626.63,8,99.52,38.952,20.088,11.10999966,1.11500001,114,277559,0.495999992,249.8939972,59.04
CUST_36125470E796BB0F190CCF8FB4D1B317,PART_49BC3AEB5BC7A4B6AAB9074E61E8B3BF,2/5/2024,1,1,1709230.88,9,111.96,43.821,22.599,11.10999966,1.11500001,113.8759995,276990.4375,0.493999988,249.8990021,66.42
CUST_36125470E796BB0F190CCF8FB4D1B317,PART_49BC3AEB5BC7A4B6AAB9074E61E8B3BF,2/7/2024,1,1,1712396.8,3,37.35,14.607,7.533,11.10999966,1.11500001,113.814003,276706.1875,0.493000001,249.901001,22.14
CUST_36125470E796BB0F190CCF8FB4D1B317,PART_49BC3AEB5BC7A4B6AAB9074E61E8B3BF,2/8/2024,1,1,1716852.34,21,261.24,102.249,52.731,11.10000038,1.11500001,113.7829971,276564.0313,0.493000001,249.9019928,154.98
CUST_36125470E796BB0F190CCF8FB4D1B317,PART_49BC3AEB5BC7A4B6AAB9074E61E8B3BF,2/13/2024,1,1,1719311.98,1,12.45,4.869,2.511,11.10000038,1.113999963,113.6279984,275853.3438,0.49000001,249.9080048,7.38
CUST_36125470E796BB0F190CCF8FB4D1B317,PART_49BC3AEB5BC7A4B6AAB9074E61E8B3BF,2/14/2024,1,1,1721880.9,13,161.85,63.297,32.643,11.10000038,1.113999963,113.5970001,275711.2188,0.49000001,249.9089966,95.94
CUST_36125470E796BB0F190CCF8FB4D1B317,PART_49BC3AEB5BC7A4B6AAB9074E61E8B3BF,2/20/2024,1,1,1721415.49,3,37.35,14.607,7.533,11.10000038,1.113999963,113.4100037,274858.375,0.486999989,249.9160004,22.14
CUST_36125470E796BB0F190CCF8FB4D1B317,PART_49BC3AEB5BC7A4B6AAB9074E61E8B3BF,2/21/2024,1,1,1724790.46,19,236.36,92.511,47.709,11.10000038,1.113999963,113.3789978,274716.25,0.486000001,249.9170074,140.22
CUST_36125470E796BB0F190CCF8FB4D1B317,PART_49BC3AEB5BC7A4B6AAB9074E61E8B3BF,2/26/2024,1,1,1725850.3,5,62.2,24.345,12.555,11.09000015,1.113000035,113.223999,274005.5625,0.483999997,249.9230042,36.9
CUST_36125470E796BB0F190CCF8FB4D1B317,PART_49BC3AEB5BC7A4B6AAB9074E61E8B3BF,2/27/2024,1,1,1745198.11,9,111.96,43.821,22.599,11.09000015,1.113000035,113.1930008,273863.4063,0.48300001,249.923996,66.42
CUST_36125470E796BB0F190CCF8FB4D1B317,PART_49BC3AEB5BC7A4B6AAB9074E61E8B3BF,2/29/2024,1,1,1748194.62,5,62.2,24.345,12.555,11.09000015,1.113000035,113.1309967,273579.125,0.481999993,249.927002,36.9
CUST_36125470E796BB0F190CCF8FB4D1B317,PART_49BC3AEB5BC7A4B6AAB9074E61E8B3BF,3/7/2024,1,1,1753625.41,6,74.64,29.214,15.066,11.30000019,1.110000014,113.0999985,273630.75,0.481999993,249.9380035,44.28
CUST_36125470E796BB0F190CCF8FB4D1B317,PART_49BC3AEB5BC7A4B6AAB9074E61E8B3BF,3/11/2024,1,1,1743385.7,0,0,0,0,11.42000008,1.10800004,113.0999985,273759.9063,0.481000006,249.9450073,0
CUST_36125470E796BB0F190CCF8FB4D1B317,PART_49BC3AEB5BC7A4B6AAB9074E61E8B3BF,3/13/2024,1,1,1758410.66,17,211.53,82.773,42.687,11.47999954,1.106999993,113.0999985,273824.4688,0.481000006,249.947998,125.46
CUST_36125470E796BB0F190CCF8FB4D1B317,PART_49BC3AEB5BC7A4B6AAB9074E61E8B3BF,3/14/2024,1,1,1761935.89,10,124.4,48.69,25.11,11.51000023,1.106999993,113.0999985,273856.7813,0.481000006,249.9499969,73.8
CUST_36125470E796BB0F190CCF8FB4D1B317,PART_49BC3AEB5BC7A4B6AAB9074E61E8B3BF,3/19/2024,1,1,1767126.81,4,49.8,19.476,10.044,11.67000008,1.103999972,113.0999985,274018.2188,0.481000006,249.9579926,29.52
CUST_36125470E796BB0F190CCF8FB4D1B317,PART_49BC3AEB5BC7A4B6AAB9074E61E8B3BF,3/21/2024,1,1,1771058.26,6,74.64,29.214,15.066,11.72999954,1.103000045,113.0999985,274082.8125,0.481000006,249.9620056,44.28
CUST_36125470E796BB0F190CCF8FB4D1B317,PART_49BC3AEB5BC7A4B6AAB9074E61E8B3BF,3/25/2024,1,1,1771568.19,16,199.04,77.904,40.176,11.85000038,1.100999951,113.0999985,274211.9688,0.479999989,249.9680023,118.08
CUST_36125470E796BB0F190CCF8FB4D1B317,PART_49BC3AEB5BC7A4B6AAB9074E61E8B3BF,3/26/2024,1,1,1780143.67,2,24.88,9.738,5.022,11.88000011,1.100999951,113.0999985,274244.25,0.479999989,249.9700012,14.76
CUST_36125470E796BB0F190CCF8FB4D1B317,PART_49BC3AEB5BC7A4B6AAB9074E61E8B3BF,3/28/2024,1,1,1778560.48,1,12.44,4.869,2.511,11.93999958,1.100000024,113.0999985,274308.8438,0.479999989,249.9730072,7.38
CUST_36125470E796BB0F190CCF8FB4D1B317,PART_49BC3AEB5BC7A4B6AAB9074E61E8B3BF,4/2/2024,1,1,1776475.31,7,87.08,34.083,17.577,11.98999977,1.09800005,113.1600037,274440.2813,0.479999989,249.9609985,51.66
CUST_36125470E796BB0F190CCF8FB4D1B317,PART_49BC3AEB5BC7A4B6AAB9074E61E8B3BF,4/8/2024,1,1,1783879.4,14,174.16,68.166,35.154,11.85999966,1.09800005,113.5199966,274453.875,0.477999985,249.8470001,103.32
CUST_36125470E796BB0F190CCF8FB4D1B317,PART_49BC3AEB5BC7A4B6AAB9074E61E8B3BF,4/10/2024,1,1,1785512.19,8,99.6,38.952,20.088,11.81000042,1.09800005,113.6399994,274458.4063,0.477999985,249.8099976,59.04
CUST_36125470E796BB0F190CCF8FB4D1B317,PART_49BC3AEB5BC7A4B6AAB9074E61E8B3BF,4/11/2024,1,1,1786561.85,18,223.92,87.642,45.198,11.78999996,1.09800005,113.6999969,274460.6563,0.477999985,249.7910004,132.84
CUST_36125470E796BB0F190CCF8FB4D1B317,PART_49BC3AEB5BC7A4B6AAB9074E61E8B3BF,4/17/2024,1,1,1783353.53,0,0,0,0,11.65999985,1.09800005,114.0599976,274474.2813,0.476000011,249.677002,0
CUST_36125470E796BB0F190CCF8FB4D1B317,PART_49BC3AEB5BC7A4B6AAB9074E61E8B3BF,4/18/2024,1,1,1797922.21,1,12.44,4.869,2.511,11.64000034,1.09800005,114.1200027,274476.5313,0.476000011,249.6580048,7.38
CUST_36125470E796BB0F190CCF8FB4D1B317,PART_49BC3AEB5BC7A4B6AAB9074E61E8B3BF,4/19/2024,1,1,1792867.18,4,49.76,19.476,10.044,11.61999989,1.09800005,114.1800003,274478.8125,0.476000011,249.6390076,29.52
CUST_36125470E796BB0F190CCF8FB4D1B317,PART_49BC3AEB5BC7A4B6AAB9074E61E8B3BF,4/23/2024,1,1,1790299.4,6,74.64,29.214,15.066,11.52999973,1.09800005,114.4199982,274487.875,0.474999994,249.5630035,44.28
CUST_36125470E796BB0F190CCF8FB4D1B317,PART_49BC3AEB5BC7A4B6AAB9074E61E8B3BF,4/24/2024,1,1,1787725.69,5,62.25,24.345,12.555,11.51000023,1.09800005,114.4800034,274490.125,0.474999994,249.5449982,36.9
CUST_36125470E796BB0F190CCF8FB4D1B317,PART_49BC3AEB5BC7A4B6AAB9074E61E8B3BF,4/25/2024,1,1,1788192.26,4,49.76,19.476,10.044,11.48999977,1.09800005,114.5400009,274492.4063,0.474000007,249.526001,29.52
CUST_36125470E796BB0F190CCF8FB4D1B317,PART_49BC3AEB5BC7A4B6AAB9074E61E8B3BF,4/29/2024,1,1,1782465.86,5,62.2,24.345,12.555,11.39999962,1.09800005,114.7799988,274501.4688,0.47299999,249.4499969,36.9
CUST_36125470E796BB0F190CCF8FB4D1B317,PART_49BC3AEB5BC7A4B6AAB9074E61E8B3BF,4/30/2024,1,1,1789032.69,6,74.64,29.214,15.066,11.38000011,1.09800005,114.8399963,274503.7188,0.47299999,249.4309998,44.28
CUST_36125470E796BB0F190CCF8FB4D1B317,PART_49BC3AEB5BC7A4B6AAB9074E61E8B3BF,5/1/2024,1,1,1785301.19,12,149.28,58.428,30.132,11.36999989,1.09800005,114.9000015,274506,0.47299999,249.4120026,88.56
CUST_36125470E796BB0F190CCF8FB4D1B317,PART_49BC3AEB5BC7A4B6AAB9074E61E8B3BF,5/6/2024,1,1,1773005.81,10,124.4,48.69,25.11,11.30000019,1.095000029,114.7389984,274466.6563,0.472000003,249.4140015,73.8
CUST_36125470E796BB0F190CCF8FB4D1B317,PART_49BC3AEB5BC7A4B6AAB9074E61E8B3BF,5/13/2024,1,1,1778336.16,4,49.8,19.476,10.044,11.22000027,1.090000033,114.5130005,274411.5625,0.469999999,249.4170074,29.52
CUST_36125470E796BB0F190CCF8FB4D1B317,PART_49BC3AEB5BC7A4B6AAB9074E61E8B3BF,5/14/2024,1,1,1788361.4,7,87.08,34.083,17.577,11.19999981,1.090000033,114.4810028,274403.6875,0.469999999,249.4179993,51.66
CUST_36125470E796BB0F190CCF8FB4D1B317,PART_49BC3AEB5BC7A4B6AAB9074E61E8B3BF,5/15/2024,1,1,1789360.47,5,62.25,24.345,12.555,11.18999958,1.088999987,114.447998,274395.8125,0.469999999,249.4179993,36.9
CUST_36125470E796BB0F190CCF8FB4D1B317,PART_49BC3AEB5BC7A4B6AAB9074E61E8B3BF,5/16/2024,1,1,1788209,8,99.52,38.952,20.088,11.18000031,1.088000059,114.4160004,274387.9375,0.469999999,249.4190063,59.04
CUST_36125470E796BB0F190CCF8FB4D1B317,PART_49BC3AEB5BC7A4B6AAB9074E61E8B3BF,5/21/2024,1,1,1787422.38,9,111.96,43.821,22.599,11.11999989,1.085000038,114.2549973,274348.5938,0.467999995,249.4210052,66.42
CUST_36125470E796BB0F190CCF8FB4D1B317,PART_49BC3AEB5BC7A4B6AAB9074E61E8B3BF,5/23/2024,1,1,1788520.27,7,87.08,34.083,17.577,11.09000015,1.083999991,114.1900024,274332.8438,0.467999995,249.4219971,51.66
CUST_36125470E796BB0F190CCF8FB4D1B317,PART_49BC3AEB5BC7A4B6AAB9074E61E8B3BF,5/28/2024,1,1,1778273.03,11,136.84,53.559,27.621,11.02999973,1.08099997,114.0289993,274293.4688,0.467000008,249.423996,81.18
CUST_36125470E796BB0F190CCF8FB4D1B317,PART_49BC3AEB5BC7A4B6AAB9074E61E8B3BF,5/29/2024,1,1,1789641.46,5,62.25,24.345,12.555,11.02000046,1.080000043,113.9970016,274285.625,0.467000008,249.4250031,36.9
CUST_36125470E796BB0F190CCF8FB4D1B317,PART_49BC3AEB5BC7A4B6AAB9074E61E8B3BF,6/3/2024,1,1,1777500.88,6,74.64,29.214,15.066,11.03999996,1.080000043,113.8799973,274203.0625,0.467999995,249.427002,44.28
CUST_36125470E796BB0F190CCF8FB4D1B317,PART_49BC3AEB5BC7A4B6AAB9074E61E8B3BF,6/4/2024,1,1,1785855.72,2,24.88,9.738,5.022,11.06000042,1.08099997,113.8700027,274173.5938,0.469000012,249.4279938,14.76
CUST_36125470E796BB0F190CCF8FB4D1B317,PART_49BC3AEB5BC7A4B6AAB9074E61E8B3BF,6/5/2024,1,1,1789510.13,11,136.9,53.559,27.621,11.06999969,1.082000017,113.8600006,274144.125,0.469999999,249.4279938,81.18
CUST_36125470E796BB0F190CCF8FB4D1B317,PART_49BC3AEB5BC7A4B6AAB9074E61E8B3BF,6/12/2024,1,1,1796226.68,28,348.32,136.332,70.308,11.18999958,1.090000033,113.7900009,273937.875,0.476999998,249.4320068,206.64
CUST_36125470E796BB0F190CCF8FB4D1B317,PART_49BC3AEB5BC7A4B6AAB9074E61E8B3BF,6/13/2024,1,1,1801909.57,17,211.48,82.773,42.687,11.21000004,1.090999961,113.7799988,273908.4063,0.477999985,249.4320068,125.46
CUST_36125470E796BB0F190CCF8FB4D1B317,PART_49BC3AEB5BC7A4B6AAB9074E61E8B3BF,6/18/2024,1,1,1816692.06,2,24.88,9.738,5.022,11.28999996,1.095999956,113.7300034,273761.0625,0.481999993,249.4349976,14.76
CUST_36125470E796BB0F190CCF8FB4D1B317,PART_49BC3AEB5BC7A4B6AAB9074E61E8B3BF,6/19/2024,1,1,1819147.72,7,87.15,34.083,17.577,11.31000042,1.097000003,113.7200012,273731.5938,0.48300001,249.4360046,51.66
CUST_36125470E796BB0F190CCF8FB4D1B317,PART_49BC3AEB5BC7A4B6AAB9074E61E8B3BF,6/20/2024,1,1,1822880.18,8,99.52,38.952,20.088,11.31999969,1.09800005,113.7099991,273702.125,0.483999997,249.4360046,59.04
CUST_36125470E796BB0F190CCF8FB4D1B317,PART_49BC3AEB5BC7A4B6AAB9074E61E8B3BF,6/25/2024,1,1,1813351.18,8,99.6,38.952,20.088,11.40999985,1.103999972,113.6600037,273554.8125,0.488999993,249.4389954,59.04
CUST_36125470E796BB0F190CCF8FB4D1B317,PART_49BC3AEB5BC7A4B6AAB9074E61E8B3BF,7/1/2024,1,1,1799970.9,14,174.3,68.166,35.154,11.47999954,1.110000014,113.5999985,273378,0.495000005,249.4420013,103.32
CUST_36125470E796BB0F190CCF8FB4D1B317,PART_49BC3AEB5BC7A4B6AAB9074E61E8B3BF,7/10/2024,1,1,1811969.21,8,102.64,38.952,20.088,11.43999958,1.113000035,113.8320007,273650.625,0.495000005,249.4450073,59.04
CUST_36125470E796BB0F190CCF8FB4D1B317,PART_49BC3AEB5BC7A4B6AAB9074E61E8B3BF,7/11/2024,1,1,1815008.04,10,128.2,48.69,25.11,11.43000031,1.113999963,113.8580017,273680.9063,0.495000005,249.4459991,73.8
CUST_36125470E796BB0F190CCF8FB4D1B317,PART_49BC3AEB5BC7A4B6AAB9074E61E8B3BF,7/17/2024,1,1,1830925.47,3,38.49,14.607,7.533,11.39999962,1.116000056,114.0130005,273862.6563,0.493999988,249.447998,22.14
CUST_36125470E796BB0F190CCF8FB4D1B317,PART_49BC3AEB5BC7A4B6AAB9074E61E8B3BF,7/23/2024,1,1,1841314.71,13,166.7,63.297,32.643,11.35999966,1.118000031,114.1679993,274044.375,0.493999988,249.4499969,95.94
CUST_36125470E796BB0F190CCF8FB4D1B317,PART_49BC3AEB5BC7A4B6AAB9074E61E8B3BF,7/24/2024,1,1,1845732.77,4,48.6,19.476,10.044,11.35999966,1.118000031,114.1940002,274074.6875,0.493999988,249.4499969,29.52
CUST_36125470E796BB0F190CCF8FB4D1B317,PART_49BC3AEB5BC7A4B6AAB9074E61E8B3BF,7/25/2024,1,1,1849917.98,8,97.12,38.952,20.088,11.35000038,1.118999958,114.2190018,274104.9688,0.493999988,249.451004,59.04
CUST_36125470E796BB0F190CCF8FB4D1B317,PART_49BC3AEB5BC7A4B6AAB9074E61E8B3BF,8/2/2024,1,1,1860655.46,0,0,0,0,11.36999989,1.120000005,114.3580017,274279.3438,0.493999988,249.5540009,0
CUST_36125470E796BB0F190CCF8FB4D1B317,PART_49BC3AEB5BC7A4B6AAB9074E61E8B3BF,8/5/2024,1,1,1864198.25,10,121.4,48.69,25.11,11.44999981,1.118999958,114.2320023,274166.4063,0.492000014,249.8569946,73.8
CUST_36125470E796BB0F190CCF8FB4D1B317,PART_49BC3AEB5BC7A4B6AAB9074E61E8B3BF,8/7/2024,1,1,1874318.46,16,194.34,77.904,40.176,11.5,1.116999984,114.1480026,274091.125,0.490999997,250.0590057,118.08
CUST_36125470E796BB0F190CCF8FB4D1B317,PART_49BC3AEB5BC7A4B6AAB9074E61E8B3BF,8/14/2024,1,1,1880136.71,9,109.35,43.821,22.599,11.68000031,1.113000035,113.8550034,273827.625,0.488000005,250.7669983,66.42
CUST_36125470E796BB0F190CCF8FB4D1B317,PART_49BC3AEB5BC7A4B6AAB9074E61E8B3BF,8/15/2024,1,1,1880936.77,27,327.78,131.463,67.797,11.69999981,1.111999989,113.8130035,273789.9688,0.488000005,250.8679962,199.26
CUST_36125470E796BB0F190CCF8FB4D1B317,PART_49BC3AEB5BC7A4B6AAB9074E61E8B3BF,8/20/2024,1,1,1900131.45,3,36.42,14.607,7.533,11.82999992,1.108999968,113.6029968,273601.75,0.485000014,251.3730011,22.14
CUST_36125470E796BB0F190CCF8FB4D1B317,PART_49BC3AEB5BC7A4B6AAB9074E61E8B3BF,8/22/2024,1,1,1890470.99,24,291.36,116.856,60.264,11.88000011,1.10800004,113.5189972,273526.4375,0.485000014,251.5749969,177.12
CUST_36125470E796BB0F190CCF8FB4D1B317,PART_49BC3AEB5BC7A4B6AAB9074E61E8B3BF,8/27/2024,1,1,1912498.47,7,84.98,34.083,17.577,12.01000023,1.105000019,113.3099976,273338.2188,0.481999993,252.0809937,51.66
CUST_36125470E796BB0F190CCF8FB4D1B317,PART_49BC3AEB5BC7A4B6AAB9074E61E8B3BF,8/28/2024,1,1,1905697.62,24,291.53,116.856,60.264,12.02999973,1.103999972,113.2679977,273300.5938,0.481999993,252.1820068,177.12
CUST_36125470E796BB0F190CCF8FB4D1B317,PART_49BC3AEB5BC7A4B6AAB9074E61E8B3BF,9/3/2024,1,1,1896742.18,4,48.6,19.476,10.044,12.10000038,1.100999951,113.1600037,273348.3438,0.479000002,252.5859985,29.52
CUST_36125470E796BB0F190CCF8FB4D1B317,PART_49BC3AEB5BC7A4B6AAB9074E61E8B3BF,9/5/2024,1,1,1921878.29,31,376.34,150.939,77.841,12.09000015,1.098999977,113.2200012,273546.6563,0.477999985,252.5859985,228.78
CUST_36125470E796BB0F190CCF8FB4D1B317,PART_49BC3AEB5BC7A4B6AAB9074E61E8B3BF,9/10/2024,1,1,1910323.09,4,48.56,19.476,10.044,12.06999969,1.095999956,113.3700027,274042.5,0.474999994,252.5859985,29.52
CUST_36125470E796BB0F190CCF8FB4D1B317,PART_49BC3AEB5BC7A4B6AAB9074E61E8B3BF,9/11/2024,1,1,1907316.83,6,72.9,29.214,15.066,12.06999969,1.095000029,113.4000015,274141.6563,0.474999994,252.5859985,44.28
CUST_36125470E796BB0F190CCF8FB4D1B317,PART_49BC3AEB5BC7A4B6AAB9074E61E8B3BF,9/17/2024,1,1,1895783.12,20,242.8,97.38,50.22,12.03999996,1.090999961,113.5800018,274736.6563,0.470999986,252.5859985,147.6
CUST_36125470E796BB0F190CCF8FB4D1B317,PART_49BC3AEB5BC7A4B6AAB9074E61E8B3BF,9/19/2024,1,1,1894152.96,9,109.26,43.821,22.599,12.02999973,1.088999987,113.6399994,274935,0.469999999,252.5859985,66.42
CUST_36125470E796BB0F190CCF8FB4D1B317,PART_49BC3AEB5BC7A4B6AAB9074E61E8B3BF,9/26/2024,1,1,1894810.1,8,97.12,38.952,20.088,12.01000023,1.085000038,113.8499985,275629.1563,0.467000008,252.5859985,59.04
CUST_36125470E796BB0F190CCF8FB4D1B317,PART_49BC3AEB5BC7A4B6AAB9074E61E8B3BF,10/2/2024,1,1,1893548.6,18,218.52,87.642,45.198,12.13000011,1.08099997,113.9680023,276069.9063,0.465000004,252.5870056,132.84
CUST_36125470E796BB0F190CCF8FB4D1B317,PART_49BC3AEB5BC7A4B6AAB9074E61E8B3BF,10/3/2024,1,1,1892292.26,18,218.52,87.642,45.198,12.19999981,1.08099997,113.9349976,276014.8125,0.465999991,252.5890045,132.84
CUST_36125470E796BB0F190CCF8FB4D1B317,PART_49BC3AEB5BC7A4B6AAB9074E61E8B3BF,10/7/2024,1,1,1890935.86,8,97.12,38.952,20.088,12.47999954,1.082000017,113.8059998,275794.4063,0.469000012,252.5939941,59.04
CUST_36125470E796BB0F190CCF8FB4D1B317,PART_49BC3AEB5BC7A4B6AAB9074E61E8B3BF,10/8/2024,1,1,1902165.55,1,12.14,4.869,2.511,12.55000019,1.082000017,113.7740021,275739.3125,0.469999999,252.5950012,7.38
CUST_36125470E796BB0F190CCF8FB4D1B317,PART_49BC3AEB5BC7A4B6AAB9074E61E8B3BF,10/9/2024,1,1,1896782.63,6,72.9,29.214,15.066,12.61999989,1.082000017,113.7419968,275684.2188,0.470999986,252.595993,44.28
CUST_36125470E796BB0F190CCF8FB4D1B317,PART_49BC3AEB5BC7A4B6AAB9074E61E8B3BF,10/15/2024,1,1,1904629.59,5,60.75,24.345,12.555,13.03999996,1.082999945,113.5479965,275353.6563,0.476000011,252.6040039,36.9
CUST_36125470E796BB0F190CCF8FB4D1B317,PART_49BC3AEB5BC7A4B6AAB9074E61E8B3BF,10/16/2024,1,1,1903665.72,5,60.75,24.345,12.555,13.10999966,1.082999945,113.5159988,275298.5625,0.476999998,252.6049957,36.9
CUST_36125470E796BB0F190CCF8FB4D1B317,PART_49BC3AEB5BC7A4B6AAB9074E61E8B3BF,10/22/2024,1,1,1901942.02,10,121.4,48.69,25.11,13.52999973,1.083999991,113.322998,274967.9688,0.481999993,252.6130066,73.8
CUST_36125470E796BB0F190CCF8FB4D1B317,PART_49BC3AEB5BC7A4B6AAB9074E61E8B3BF,10/23/2024,1,1,1904698.48,5,60.75,24.345,12.555,13.60000038,1.085000038,113.2900009,274912.875,0.48300001,252.6139984,36.9
CUST_36125470E796BB0F190CCF8FB4D1B317,PART_49BC3AEB5BC7A4B6AAB9074E61E8B3BF,10/24/2024,1,1,1904707.16,9,109.26,43.821,22.599,13.67000008,1.085000038,113.2580032,274857.7813,0.483999997,252.6159973,66.42
CUST_36125470E796BB0F190CCF8FB4D1B317,PART_49BC3AEB5BC7A4B6AAB9074E61E8B3BF,10/28/2024,1,1,1904937.6,4,48.56,19.476,10.044,13.94999981,1.085000038,113.1289978,274637.375,0.488000005,252.6210022,29.52
CUST_36125470E796BB0F190CCF8FB4D1B317,PART_49BC3AEB5BC7A4B6AAB9074E61E8B3BF,10/31/2024,1,1,1912564.7,9,109.26,43.821,22.599,14.15999985,1.085999966,113.0319977,274472.0938,0.49000001,252.625,66.42
CUST_36125470E796BB0F190CCF8FB4D1B317,PART_49BC3AEB5BC7A4B6AAB9074E61E8B3BF,11/4/2024,1,1,1887088.55,23,279.27,111.987,57.753,13.93000031,1.077999949,112.9599991,274587.4063,0.488000005,252.6399994,169.74
CUST_36125470E796BB0F190CCF8FB4D1B317,PART_49BC3AEB5BC7A4B6AAB9074E61E8B3BF,11/7/2024,1,1,1907369.2,18,218.52,87.642,45.198,13.76000023,1.070000052,112.9199982,274757.8125,0.485000014,252.6529999,132.84
CUST_36125470E796BB0F190CCF8FB4D1B317,PART_49BC3AEB5BC7A4B6AAB9074E61E8B3BF,11/11/2024,1,1,1907243.6,4,48.56,19.476,10.044,13.52999973,1.059999943,112.8669968,274985,0.481000006,252.6710052,29.52
CUST_36125470E796BB0F190CCF8FB4D1B317,PART_49BC3AEB5BC7A4B6AAB9074E61E8B3BF,11/13/2024,1,1,1918476.45,12,145.68,58.428,30.132,13.42000008,1.05400002,112.8399963,275098.5938,0.479000002,252.6799927,88.56
CUST_36125470E796BB0F190CCF8FB4D1B317,PART_49BC3AEB5BC7A4B6AAB9074E61E8B3BF,11/18/2024,1,1,1910324.21,10,121.4,48.69,25.11,13.13000011,1.041000009,112.7730026,275382.5938,0.474000007,252.7030029,73.8
CUST_36125470E796BB0F190CCF8FB4D1B317,PART_49BC3AEB5BC7A4B6AAB9074E61E8B3BF,11/25/2024,1,1,1928072.97,5,60.7,24.345,12.555,12.73999977,1.023000002,112.6800003,275780.1875,0.467000008,252.7350006,36.9
CUST_36125470E796BB0F190CCF8FB4D1B317,PART_49BC3AEB5BC7A4B6AAB9074E61E8B3BF,12/5/2024,1,1,1946929.4,3,36.42,14.607,7.533,13.02999973,1,112.5350037,276109.25,0.463,252.7610016,22.14
CUST_36125470E796BB0F190CCF8FB4D1B317,PART_49BC3AEB5BC7A4B6AAB9074E61E8B3BF,12/6/2024,1,1,1950523.86,1,12.14,4.869,2.511,13.14999962,0.998000026,112.5189972,276106.3125,0.463,252.7610016,7.38
CUST_36125470E796BB0F190CCF8FB4D1B317,PART_49BC3AEB5BC7A4B6AAB9074E61E8B3BF,12/10/2024,1,1,1957611.52,1,12.14,4.869,2.511,13.60999966,0.991999984,112.4550018,276094.5938,0.465000004,252.7590027,7.38
CUST_36125470E796BB0F190CCF8FB4D1B317,PART_49BC3AEB5BC7A4B6AAB9074E61E8B3BF,12/11/2024,1,1,1951201.96,5,60.75,24.345,12.555,13.72999954,0.99000001,112.439003,276091.6563,0.465000004,252.7590027,36.9
CUST_36125470E796BB0F190CCF8FB4D1B317,PART_49BC3AEB5BC7A4B6AAB9074E61E8B3BF,12/16/2024,1,1,1949911.39,17,206.38,82.773,42.687,14.31000042,0.981000006,112.3580017,276076.9688,0.467000008,252.7579956,125.46
CUST_36125470E796BB0F190CCF8FB4D1B317,PART_49BC3AEB5BC7A4B6AAB9074E61E8B3BF,12/17/2024,1,1,1957296.69,9,109.26,43.821,22.599,14.42000008,0.980000019,112.3420029,276074.0313,0.467999995,252.7570038,66.42
CUST_36125470E796BB0F190CCF8FB4D1B317,PART_49BC3AEB5BC7A4B6AAB9074E61E8B3BF,1/2/2025,1,1,1948230.81,0,0,0,0,15.75,0.957000017,112.1579971,275979.9375,0.47299999,252.7749939,0
CUST_36125470E796BB0F190CCF8FB4D1B317,PART_49BC3AEB5BC7A4B6AAB9074E61E8B3BF,1/8/2025,1,1,1945701.32,8,97.2,38.952,20.088,14.85999966,0.976999998,112.5059967,275679.5625,0.467999995,252.904007,59.04
CUST_36125470E796BB0F190CCF8FB4D1B317,PART_49BC3AEB5BC7A4B6AAB9074E61E8B3BF,1/9/2025,1,1,1947044.79,13,157.82,63.297,32.643,14.71000004,0.980000019,112.5650024,275629.4688,0.467000008,252.9259949,95.94
CUST_36125470E796BB0F190CCF8FB4D1B317,PART_49BC3AEB5BC7A4B6AAB9074E61E8B3BF,1/13/2025,1,1,1939194.06,9,109.26,43.821,22.599,14.11999989,0.992999971,112.7969971,275429.2188,0.463,253.0119934,66.42
CUST_36125470E796BB0F190CCF8FB4D1B317,PART_49BC3AEB5BC7A4B6AAB9074E61E8B3BF,1/14/2025,1,1,1948254.44,2,24.28,9.738,5.022,13.97000027,0.995999992,112.8550034,275379.1563,0.462000012,253.0339966,14.76
CUST_36125470E796BB0F190CCF8FB4D1B317,PART_49BC3AEB5BC7A4B6AAB9074E61E8B3BF,1/15/2025,1,1,1948671.48,4,48.56,19.476,10.044,13.81999969,0.999000013,112.913002,275329.0938,0.460999995,253.0559998,29.52
CUST_36125470E796BB0F190CCF8FB4D1B317,PART_49BC3AEB5BC7A4B6AAB9074E61E8B3BF,1/21/2025,1,1,1940569.56,1,12.14,4.869,2.511,12.93000031,1.019000053,113.2610016,275028.7188,0.456,253.1849976,7.38
CUST_36125470E796BB0F190CCF8FB4D1B317,PART_49BC3AEB5BC7A4B6AAB9074E61E8B3BF,1/22/2025,1,1,1936453.92,13,157.95,63.297,32.643,12.78999996,1.021999955,113.3190002,274978.6563,0.455000013,253.2070007,95.94
CUST_36125470E796BB0F190CCF8FB4D1B317,PART_49BC3AEB5BC7A4B6AAB9074E61E8B3BF,1/29/2025,1,1,1935069.17,11,133.54,53.559,27.621,11.75,1.04400003,113.7259979,274628.1875,0.449000001,253.3580017,81.18
CUST_36125470E796BB0F190CCF8FB4D1B317,PART_49BC3AEB5BC7A4B6AAB9074E61E8B3BF,2/5/2025,1,1,1932975.5,12,145.68,58.428,30.132,12.03999996,1.05400002,113.8570023,274873.8438,0.448000014,253.5350037,88.56
CUST_36125470E796BB0F190CCF8FB4D1B317,PART_49BC3AEB5BC7A4B6AAB9074E61E8B3BF,2/10/2025,1,1,1928659.95,7,84.98,34.083,17.577,12.63000011,1.05400002,113.8040009,275368.6875,0.449999988,253.673996,51.66
CUST_36125470E796BB0F190CCF8FB4D1B317,PART_49BC3AEB5BC7A4B6AAB9074E61E8B3BF,2/11/2025,1,1,1940213.67,8,97.12,38.952,20.088,12.75,1.05400002,113.7929993,275467.6563,0.449999988,253.7019958,59.04
CUST_36125470E796BB0F190CCF8FB4D1B317,PART_49BC3AEB5BC7A4B6AAB9074E61E8B3BF,2/13/2025,1,1,1939322.74,11,134.09,53.559,27.621,12.97999954,1.05400002,113.7710037,275665.5625,0.451000005,253.7579956,81.18
CUST_36125470E796BB0F190CCF8FB4D1B317,PART_49BC3AEB5BC7A4B6AAB9074E61E8B3BF,2/17/2025,1,1,1931157.08,10,121.9,48.69,25.11,13.44999981,1.05400002,113.7289963,276061.4375,0.453000009,253.8699951,73.8
CUST_36125470E796BB0F190CCF8FB4D1B317,PART_49BC3AEB5BC7A4B6AAB9074E61E8B3BF,2/19/2025,1,1,1931840.15,5,60.95,24.345,12.555,13.68999958,1.05400002,113.7070007,276259.3438,0.453999996,253.9259949,36.9
CUST_36125470E796BB0F190CCF8FB4D1B317,PART_49BC3AEB5BC7A4B6AAB9074E61E8B3BF,3/3/2025,1,1,1887205.34,10,121.9,48.69,25.11,14.60000038,1.05400002,113.612999,277302.1563,0.458000004,254.2089996,73.8
CUST_36125470E796BB0F190CCF8FB4D1B317,PART_49BC3AEB5BC7A4B6AAB9074E61E8B3BF,3/5/2025,1,1,1903146.27,12,146.28,58.428,30.132,14.5,1.054999948,113.6259995,277355.3125,0.456999987,254.2140045,88.56
CUST_36125470E796BB0F190CCF8FB4D1B317,PART_49BC3AEB5BC7A4B6AAB9074E61E8B3BF,3/6/2025,1,1,1911444.32,8,97.52,38.952,20.088,14.44999981,1.054999948,113.6320038,277381.9063,0.456999987,254.2160034,59.04
CUST_36125470E796BB0F190CCF8FB4D1B317,PART_49BC3AEB5BC7A4B6AAB9074E61E8B3BF,3/10/2025,1,1,1907372.28,10,121.9,48.69,25.11,14.23999977,1.054999948,113.6579971,277488.2188,0.456,254.2250061,73.8
CUST_36125470E796BB0F190CCF8FB4D1B317,PART_49BC3AEB5BC7A4B6AAB9074E61E8B3BF,3/13/2025,1,1,1908639.04,18,219.42,87.642,45.198,14.09000015,1.055999994,113.677002,277567.9688,0.455000013,254.2310028,132.84
CUST_36125470E796BB0F190CCF8FB4D1B317,PART_49BC3AEB5BC7A4B6AAB9074E61E8B3BF,3/18/2025,1,1,1906455.14,6,73.14,29.214,15.066,13.84000015,1.055999994,113.7099991,277700.875,0.453999996,254.2420044,44.28
CUST_36125470E796BB0F190CCF8FB4D1B317,PART_49BC3AEB5BC7A4B6AAB9074E61E8B3BF,3/25/2025,1,1,1903275.919,13,158.47,63.297,32.643,13.47999954,1.057000041,113.7549973,277886.9375,0.453000009,254.2579956,95.94
CUST_36125470E796BB0F190CCF8FB4D1B317,PART_49BC3AEB5BC7A4B6AAB9074E61E8B3BF,3/26/2025,1,1,1904161.089,26,316.94,126.594,65.286,13.43000031,1.057000041,113.7610016,277913.5313,0.451999992,254.2599945,191.88
CUST_36125470E796BB0F190CCF8FB4D1B317,PART_49BC3AEB5BC7A4B6AAB9074E61E8B3BF,3/27/2025,1,1,1903955.999,11,134.09,53.559,27.621,13.38000011,1.057000041,113.7679977,277940.0938,0.451999992,254.2619934,81.18
CUST_36125470E796BB0F190CCF8FB4D1B317,PART_49BC3AEB5BC7A4B6AAB9074E61E8B3BF,4/1/2025,1,1,1909853.769,8,97.52,38.952,20.088,13.23999977,1.057999969,113.8000031,278073,0.451000005,254.272995,59.04
CUST_36125470E796BB0F190CCF8FB4D1B317,PART_49BC3AEB5BC7A4B6AAB9074E61E8B3BF,4/8/2025,1,1,1893076.979,8,97.52,38.952,20.088,13.67000008,1.057000041,113.7529984,277724.4063,0.451999992,254.2810059,59.04
CUST_36125470E796BB0F190CCF8FB4D1B317,PART_49BC3AEB5BC7A4B6AAB9074E61E8B3BF,4/10/2025,1,1,1892918.464,8,97.52,38.952,20.088,13.78999996,1.057000041,113.7399979,277624.8125,0.451999992,254.2839966,59.04
CUST_36125470E796BB0F190CCF8FB4D1B317,PART_49BC3AEB5BC7A4B6AAB9074E61E8B3BF,4/16/2025,1,1,1891319.154,6,73.14,29.214,15.066,14.15999985,1.055999994,113.6999969,277326,0.453000009,254.2910004,44.28
CUST_36125470E796BB0F190CCF8FB4D1B317,PART_49BC3AEB5BC7A4B6AAB9074E61E8B3BF,4/21/2025,1,1,1886672.304,15,182.85,73.035,37.665,14.46000004,1.054999948,113.6669998,277077,0.453000009,254.2960052,110.7
CUST_36125470E796BB0F190CCF8FB4D1B317,PART_49BC3AEB5BC7A4B6AAB9074E61E8B3BF,4/22/2025,1,1,1895355.474,6,73.14,29.214,15.066,14.52000046,1.054999948,113.6600037,277027.1875,0.453000009,254.2980042,44.28
CUST_36125470E796BB0F190CCF8FB4D1B317,PART_49BC3AEB5BC7A4B6AAB9074E61E8B3BF,4/23/2025,1,1,1901444.324,5,60.95,24.345,12.555,14.57999992,1.054999948,113.6529999,276977.4063,0.453000009,254.298996,36.9
CUST_36125470E796BB0F190CCF8FB4D1B317,PART_49BC3AEB5BC7A4B6AAB9074E61E8B3BF,5/1/2025,1,1,1905030.804,15,182.85,73.035,37.665,14.89999962,1.05400002,113.5999985,276579,0.453999996,254.3079987,110.7
CUST_36125470E796BB0F190CCF8FB4D1B317,PART_49BC3AEB5BC7A4B6AAB9074E61E8B3BF,5/7/2025,1,1,1919413.434,6,73.14,29.214,15.066,14.26000023,1.05400002,113.5419998,276534.875,0.453999996,254.3130035,44.28
CUST_36125470E796BB0F190CCF8FB4D1B317,PART_49BC3AEB5BC7A4B6AAB9074E61E8B3BF,5/12/2025,1,1,1906045.404,10,121.9,48.69,25.11,13.72000027,1.052999973,113.4940033,276498.0938,0.453999996,254.3170013,73.8
CUST_36125470E796BB0F190CCF8FB4D1B317,PART_49BC3AEB5BC7A4B6AAB9074E61E8B3BF,5/13/2025,1,1,1914881.004,3,36.57,14.607,7.533,13.60999966,1.052999973,113.4840012,276490.75,0.453999996,254.3170013,22.14
CUST_36125470E796BB0F190CCF8FB4D1B317,PART_49BC3AEB5BC7A4B6AAB9074E61E8B3BF,5/19/2025,1,1,1901691.194,4,48.76,19.476,10.044,12.96000004,1.052999973,113.4260025,276446.625,0.453000009,254.3220062,29.52
CUST_36125470E796BB0F190CCF8FB4D1B317,PART_49BC3AEB5BC7A4B6AAB9074E61E8B3BF,5/20/2025,1,1,1913039.354,9,109.71,43.821,22.599,12.85999966,1.052999973,113.4160004,276439.25,0.453000009,254.322998,66.42
CUST_36125470E796BB0F190CCF8FB4D1B317,PART_49BC3AEB5BC7A4B6AAB9074E61E8B3BF,5/22/2025,1,1,1906312.444,10,121.9,48.69,25.11,12.64000034,1.052999973,113.3970032,276424.5625,0.453000009,254.3240051,73.8
CUST_36125470E796BB0F190CCF8FB4D1B317,PART_49BC3AEB5BC7A4B6AAB9074E61E8B3BF,5/29/2025,1,1,1911278.144,18,284.22,87.642,45.198,11.89000034,1.052000046,113.3290024,276373.0625,0.453000009,254.3300018,132.84
CUST_36125470E796BB0F190CCF8FB4D1B317,PART_49BC3AEB5BC7A4B6AAB9074E61E8B3BF,6/6/2025,1,1,1907675.314,4,63.16,19.476,10.044,12.15999985,1.049000025,113.4329987,276586.3438,0.448000014,254.3320007,29.52
CUST_36125470E796BB0F190CCF8FB4D1B317,PART_49BC3AEB5BC7A4B6AAB9074E61E8B3BF,6/9/2025,1,1,1901576.544,6,94.74,29.214,15.066,12.39999962,1.047000051,113.5130005,276727.5313,0.444999993,254.3320007,44.28
CUST_36125470E796BB0F190CCF8FB4D1B317,PART_49BC3AEB5BC7A4B6AAB9074E61E8B3BF,6/11/2025,1,1,1905015.514,24,378.96,116.856,60.264,12.56000042,1.046000004,113.5670013,276821.6563,0.442999989,254.3320007,177.12
CUST_36125470E796BB0F190CCF8FB4D1B317,PART_49BC3AEB5BC7A4B6AAB9074E61E8B3BF,6/12/2025,1,1,1905448.164,0,0,0,0,12.64999962,1.044999957,113.5930023,276868.7188,0.442000002,254.3320007,0
CUST_36125470E796BB0F190CCF8FB4D1B317,PART_49BC3AEB5BC7A4B6AAB9074E61E8B3BF,6/16/2025,1,1,1886256.764,18,284.22,87.642,45.198,12.97000027,1.042999983,113.6999969,277057,0.437999994,254.3320007,132.84
CUST_36125470E796BB0F190CCF8FB4D1B317,PART_49BC3AEB5BC7A4B6AAB9074E61E8B3BF,6/17/2025,1,1,1896495.484,7,110.53,34.083,17.577,13.05000019,1.042000055,113.7269974,277104.0625,0.43599999,254.3320007,51.66
CUST_36125470E796BB0F190CCF8FB4D1B317,PART_49BC3AEB5BC7A4B6AAB9074E61E8B3BF,6/18/2025,1,1,1890065.744,6,94.74,29.214,15.066,13.13000011,1.041000009,113.7529984,277151.125,0.435000002,254.3320007,44.28
CUST_36125470E796BB0F190CCF8FB4D1B317,PART_49BC3AEB5BC7A4B6AAB9074E61E8B3BF,6/30/2025,1,1,1887771.594,4,63.16,19.476,10.044,14.10999966,1.034000039,114.072998,277715.9375,0.423000008,254.3320007,29.52
CUST_36125470E796BB0F190CCF8FB4D1B317,PART_49BC3AEB5BC7A4B6AAB9074E61E8B3BF,7/3/2025,1,1,1895993.394,5,78.95,24.345,12.555,14.10999966,1.031999946,114.1520004,277753,0.421000004,254.3699951,36.9
CUST_36125470E796BB0F190CCF8FB4D1B317,PART_49BC3AEB5BC7A4B6AAB9074E61E8B3BF,7/15/2025,1,1,1888345.354,7,110.53,34.741,16.919,14.13000011,1.026000023,114.4609985,277693,0.412,254.598999,51.66
CUST_36125470E796BB0F190CCF8FB4D1B317,PART_49BC3AEB5BC7A4B6AAB9074E61E8B3BF,7/17/2025,1,1,1885516.944,8,126.32,39.704,19.336,14.13000011,1.024999976,114.5130005,277683,0.411000013,254.6369934,59.04
CUST_36125470E796BB0F190CCF8FB4D1B317,PART_49BC3AEB5BC7A4B6AAB9074E61E8B3BF,7/21/2025,1,1,1873537.134,6,94.74,29.778,14.502,14.14000034,1.023000002,114.6159973,277663,0.407999992,254.7129974,44.28
CUST_36125470E796BB0F190CCF8FB4D1B317,PART_49BC3AEB5BC7A4B6AAB9074E61E8B3BF,7/23/2025,1,1,1873726.454,10,157.9,49.63,24.17,14.14000034,1.021999955,114.6679993,277653,0.405999988,254.7510071,73.8
CUST_36125470E796BB0F190CCF8FB4D1B317,PART_49BC3AEB5BC7A4B6AAB9074E61E8B3BF,7/24/2025,1,1,1870427.154,10,157.9,49.63,24.17,14.14000034,1.021000028,114.6940002,277648,0.405999988,254.7700043,73.8
CUST_36125470E796BB0F190CCF8FB4D1B317,PART_49BC3AEB5BC7A4B6AAB9074E61E8B3BF,7/28/2025,1,1,1856006.804,11,173.69,54.593,26.587,14.14999962,1.019000053,114.7969971,277628,0.402999997,254.8470001,81.18
CUST_36125470E796BB0F190CCF8FB4D1B317,PART_49BC3AEB5BC7A4B6AAB9074E61E8B3BF,7/29/2025,1,1,1862505.234,0,0,0,0,14.14999962,1.019000053,114.822998,277623,0.40200001,254.8659973,0
CUST_36125470E796BB0F190CCF8FB4D1B317,PART_49BC3AEB5BC7A4B6AAB9074E61E8B3BF,8/1/2025,1,1,1858126.834,15,245.25,74.445,36.255,14.23999977,1.01699996,114.9000015,277608,0.400000006,254.9230042,110.7
CUST_36125470E796BB0F190CCF8FB4D1B317,PART_49BC3AEB5BC7A4B6AAB9074E61E8B3BF,8/8/2025,1,1,1848179.514,20,327.8,99.26,48.34,14.84000015,1.023000002,114.6520004,277729.4688,0.395999998,255.2120056,147.6
CUST_36125470E796BB0F190CCF8FB4D1B317,PART_49BC3AEB5BC7A4B6AAB9074E61E8B3BF,8/12/2025,1,1,1842360.844,2,32.78,9.926,4.834,15.18000031,1.026000023,114.5100021,277798.9063,0.393999994,255.378006,14.76
CUST_36125470E796BB0F190CCF8FB4D1B317,PART_49BC3AEB5BC7A4B6AAB9074E61E8B3BF,8/14/2025,1,1,1838099.554,4,65.56,19.852,9.668,15.35000038,1.02699995,114.439003,277833.625,0.393000007,255.4609985,29.52
CUST_36125470E796BB0F190CCF8FB4D1B317,PART_49BC3AEB5BC7A4B6AAB9074E61E8B3BF,8/19/2025,1,1,1820102.704,7,114.73,34.741,16.919,15.77999973,1.031999946,114.2610016,277920.375,0.389999986,255.6670074,51.66
CUST_36125470E796BB0F190CCF8FB4D1B317,PART_49BC3AEB5BC7A4B6AAB9074E61E8B3BF,8/20/2025,1,1,1817968.664,6,98.34,29.778,14.502,15.86999989,1.031999946,114.2259979,277937.75,0.389999986,255.7089996,44.28
CUST_36125470E796BB0F190CCF8FB4D1B317,PART_49BC3AEB5BC7A4B6AAB9074E61E8B3BF,8/25/2025,1,1,1810428.324,11,180.29,54.593,26.587,16.29999924,1.036000013,114.0479965,278024.5313,0.386999995,255.9160004,81.18
CUST_36125470E796BB0F190CCF8FB4D1B317,PART_49BC3AEB5BC7A4B6AAB9074E61E8B3BF,8/26/2025,1,1,1817872.774,5,81.95,24.815,12.085,16.37999916,1.036999941,114.0130005,278041.875,0.386000007,255.9570007,36.9
CUST_36125470E796BB0F190CCF8FB4D1B317,PART_49BC3AEB5BC7A4B6AAB9074E61E8B3BF,8/27/2025,1,1,1813948.124,8,131.12,39.704,19.336,16.46999931,1.037999988,113.9769974,278059.2188,0.386000007,255.9980011,59.04
CUST_36125470E796BB0F190CCF8FB4D1B317,PART_49BC3AEB5BC7A4B6AAB9074E61E8B3BF,8/28/2025,1,1,1816877.554,4,65.56,19.852,9.668,16.54999924,1.039000034,113.9420013,278076.5938,0.38499999,256.0400085,29.52
CUST_36125470E796BB0F190CCF8FB4D1B317,PART_49BC3AEB5BC7A4B6AAB9074E61E8B3BF,9/3/2025,1,1,1824626.884,19,311.41,94.297,45.923,16.63999939,1.039000034,113.6930008,278112.5938,0.379999995,256.2049866,140.22
CUST_36125470E796BB0F190CCF8FB4D1B317,PART_49BC3AEB5BC7A4B6AAB9074E61E8B3BF,9/4/2025,1,1,1818904.184,26,426.14,129.038,62.842,16.57999992,1.037999988,113.6399994,278095.9063,0.379000008,256.2049866,191.88
CUST_36125470E796BB0F190CCF8FB4D1B317,PART_49BC3AEB5BC7A4B6AAB9074E61E8B3BF,9/8/2025,1,1,1807637.794,5,81.95,24.815,12.085,16.36000061,1.031999946,113.427002,278029.0938,0.372999996,256.2049866,36.9
CUST_36125470E796BB0F190CCF8FB4D1B317,PART_49BC3AEB5BC7A4B6AAB9074E61E8B3BF,9/10/2025,1,1,1818995.354,4,65.56,19.852,9.668,16.23999977,1.029000044,113.3199997,277995.6875,0.370000005,256.2049866,29.52
CUST_36125470E796BB0F190CCF8FB4D1B317,PART_49BC3AEB5BC7A4B6AAB9074E61E8B3BF,9/16/2025,1,1,1819596.094,1,16.39,4.963,2.417,15.89999962,1.019999981,113,277895.5,0.361000001,256.2049866,7.38
CUST_36125470E796BB0F190CCF8FB4D1B317,PART_49BC3AEB5BC7A4B6AAB9074E61E8B3BF,9/17/2025,1,1,1822251.124,21,344.19,104.223,50.757,15.85000038,1.018000007,112.9469986,277878.8125,0.360000014,256.2049866,154.98
CUST_36125470E796BB0F190CCF8FB4D1B317,PART_49BC3AEB5BC7A4B6AAB9074E61E8B3BF,9/23/2025,1,1,1812680.464,12,196.68,59.556,29.004,15.51000023,1.008999944,112.6269989,277778.5938,0.351000011,256.2049866,88.56
CUST_36125470E796BB0F190CCF8FB4D1B317,PART_49BC3AEB5BC7A4B6AAB9074E61E8B3BF,9/29/2025,1,1,1814788.024,4,65.56,19.852,9.668,15.17000008,1,112.3069992,277678.4063,0.342000008,256.2049866,29.52
CUST_36125470E796BB0F190CCF8FB4D1B317,PART_49BC3AEB5BC7A4B6AAB9074E61E8B3BF,9/30/2025,1,1,1824590.014,10,163.9,49.63,24.17,15.10999966,0.999000013,112.2529984,277661.6875,0.340000004,256.2049866,73.8
CUST_36125470E796BB0F190CCF8FB4D1B317,PART_F8400FE193854A06AA58390118BCF325,1/3/2024,1,1,1691833.3,0,0,0,0,21.64999962,1.04400003,111.7549973,273029.375,0.493000001,249.8769989,0
CUST_36125470E796BB0F190CCF8FB4D1B317,PART_F8400FE193854A06AA58390118BCF325,1/15/2024,1,1,1680941.07,2,57.36,29.448,27.912,20.92000008,1.072999954,112.6839981,274903.7188,0.493999988,249.8840027,57.36
CUST_36125470E796BB0F190CCF8FB4D1B317,PART_25F3874B96DA8E29F040CD54AC9B9893,3/1/2024,1,0,1750695.92,10,188.7,72.17,116.53,0,1.113000035,113.0999985,273437,0.481999993,249.9279938,188.7
CUST_36125470E796BB0F190CCF8FB4D1B317,PART_25F3874B96DA8E29F040CD54AC9B9893,9/10/2024,1,0,1910323.09,3,56.49,21.651,34.839,0,1.095999956,113.3700027,274042.5,0.474999994,252.5859985,56.49
CUST_36125470E796BB0F190CCF8FB4D1B317,PART_25F3874B96DA8E29F040CD54AC9B9893,9/11/2024,1,0,1907316.83,12,225.96,86.604,139.356,0,1.095000029,113.4000015,274141.6563,0.474999994,252.5859985,225.96
CUST_7791249F0071ECFEC06D6CA8A7AAA75E,PART_F846361051783347FEEA0BB027E5289C,11/21/2023,1,1,4530476.4,5,94.55,44.035,37.315,21,1.082999945,115.2330017,270533,0.48300001,248.3699951,81.35
CUST_7791249F0071ECFEC06D6CA8A7AAA75E,PART_F846361051783347FEEA0BB027E5289C,1/29/2024,1,1,5238188.48,2,37.82,17.614,14.926,25.65999985,1.10800004,113.7679977,277090.4063,0.495999992,249.8919983,32.54
CUST_7791249F0071ECFEC06D6CA8A7AAA75E,PART_49BC3AEB5BC7A4B6AAB9074E61E8B3BF,7/10/2024,1,1,5747984.46,5,60.75,24.345,36.405,11.43999958,1.113000035,113.8320007,273650.625,0.495000005,249.4450073,60.75
CUST_7791249F0071ECFEC06D6CA8A7AAA75E,PART_F8400FE193854A06AA58390118BCF325,1/16/2023,1,1,103907.75,5,160.95,69.435,19.215,0,1.144999981,116.8479996,273424.8438,0.512000024,244.8359985,88.65
CUST_7791249F0071ECFEC06D6CA8A7AAA75E,PART_F8400FE193854A06AA58390118BCF325,2/6/2023,1,1,349980.57,1,32.19,13.887,3.843,19.64999962,1.164999962,116.4889984,270491.2188,0.515999973,245.548996,17.73
CUST_7791249F0071ECFEC06D6CA8A7AAA75E,PART_F8400FE193854A06AA58390118BCF325,2/13/2023,1,1,406400.95,1,32.19,13.887,3.843,19.79999924,1.161999941,115.9140015,269893.7188,0.509000003,245.5509949,17.73
CUST_7791249F0071ECFEC06D6CA8A7AAA75E,PART_F8400FE193854A06AA58390118BCF325,2/16/2023,1,1,447943.33,2,64.38,27.774,7.686,19.86000061,1.161000013,115.6679993,269637.6563,0.505999982,245.552002,35.46
CUST_7791249F0071ECFEC06D6CA8A7AAA75E,PART_F8400FE193854A06AA58390118BCF325,2/22/2023,1,1,485787.96,2,64.38,27.774,7.686,19.98999977,1.157999992,115.1750031,269125.5,0.5,245.5549927,35.46
CUST_7791249F0071ECFEC06D6CA8A7AAA75E,PART_F8400FE193854A06AA58390118BCF325,2/23/2023,1,1,494404.69,5,160.95,69.435,19.215,20.01000023,1.157999992,115.0930023,269040.1563,0.499000013,245.5549927,88.65
CUST_7791249F0071ECFEC06D6CA8A7AAA75E,PART_F8400FE193854A06AA58390118BCF325,3/3/2023,1,1,590951.67,2,53.08,27.774,9.286,20.09000015,1.154000044,114.560997,268675.4688,0.497000009,245.5690002,37.06
CUST_7791249F0071ECFEC06D6CA8A7AAA75E,PART_F8400FE193854A06AA58390118BCF325,3/16/2023,1,1,749996.27,15,398.1,208.305,69.645,19.94000053,1.149999976,114.3099976,269634.125,0.521000028,245.6470032,277.95
CUST_7791249F0071ECFEC06D6CA8A7AAA75E,PART_F8400FE193854A06AA58390118BCF325,3/29/2023,1,1,911525.05,2,53.08,27.774,9.286,19.79999924,1.144999981,114.0579987,270592.7813,0.545000017,245.7259979,37.06
CUST_7791249F0071ECFEC06D6CA8A7AAA75E,PART_F8400FE193854A06AA58390118BCF325,4/5/2023,1,1,1000827.65,1,26.54,13.887,4.643,20.07999992,1.146999955,113.9599991,270778.5313,0.550000012,245.7870026,18.53
CUST_7791249F0071ECFEC06D6CA8A7AAA75E,PART_F8400FE193854A06AA58390118BCF325,4/6/2023,1,1,1026102.21,1,26.54,13.887,4.643,20.12999916,1.148000002,113.9499969,270769.6563,0.549000025,245.7969971,18.53
CUST_7791249F0071ECFEC06D6CA8A7AAA75E,PART_F8400FE193854A06AA58390118BCF325,4/7/2023,1,1,1049902.8,2,53.08,27.774,9.286,20.19000053,1.148000002,113.9400024,270760.8125,0.549000025,245.8079987,37.06
CUST_7791249F0071ECFEC06D6CA8A7AAA75E,PART_F8400FE193854A06AA58390118BCF325,4/12/2023,1,1,1103312.16,1,27.2,13.887,4.643,20.48999977,1.15199995,113.8899994,270716.4688,0.546999991,245.8609924,18.53
CUST_7791249F0071ECFEC06D6CA8A7AAA75E,PART_F8400FE193854A06AA58390118BCF325,4/14/2023,1,1,1149161.19,0,0,0,0,20.61000061,1.154000044,113.8700027,270698.7188,0.546999991,245.8820038,0
CUST_7791249F0071ECFEC06D6CA8A7AAA75E,PART_F8400FE193854A06AA58390118BCF325,4/17/2023,1,1,1167996.8,3,81.6,43.104,12.486,20.78000069,1.156000018,113.8399963,270672.125,0.546000004,245.9140015,55.59
CUST_7791249F0071ECFEC06D6CA8A7AAA75E,PART_F8400FE193854A06AA58390118BCF325,4/19/2023,1,1,1204858.88,3,81.6,43.104,12.486,20.89999962,1.156999946,113.8199997,270654.4063,0.545000017,245.9349976,55.59
CUST_7791249F0071ECFEC06D6CA8A7AAA75E,PART_F8400FE193854A06AA58390118BCF325,5/1/2023,1,1,1361075.6,1,27.2,14.368,4.162,21.5,1.166000009,113.6999969,270548,0.541000009,246.0630035,18.53
CUST_7791249F0071ECFEC06D6CA8A7AAA75E,PART_F8400FE193854A06AA58390118BCF325,5/8/2023,1,1,1458862.86,1,27.2,14.368,4.162,21.12999916,1.161999941,113.8130035,270492.2188,0.540000021,246.2310028,18.53
CUST_7791249F0071ECFEC06D6CA8A7AAA75E,PART_F8400FE193854A06AA58390118BCF325,6/9/2023,1,1,1981491.96,1,27.2,14.368,4.162,20.12999916,1.139999986,114.4400024,270450.875,0.528999984,247.0370026,18.53
CUST_7791249F0071ECFEC06D6CA8A7AAA75E,PART_F8400FE193854A06AA58390118BCF325,6/12/2023,1,1,2007546.01,4,108.8,57.472,16.648,20.20000076,1.138000011,114.5299988,270507.0625,0.526000023,247.1239929,74.12
CUST_7791249F0071ECFEC06D6CA8A7AAA75E,PART_F8400FE193854A06AA58390118BCF325,6/13/2023,1,1,2021677.2,10,272,143.68,41.62,20.21999931,1.136999965,114.5599976,270525.8125,0.524999976,247.1529999,185.3
CUST_7791249F0071ECFEC06D6CA8A7AAA75E,PART_F8400FE193854A06AA58390118BCF325,6/14/2023,1,1,2041320.52,2,54.4,28.736,8.324,20.23999977,1.136000037,114.5899963,270544.5313,0.524999976,247.1820068,37.06
CUST_7791249F0071ECFEC06D6CA8A7AAA75E,PART_F8400FE193854A06AA58390118BCF325,6/19/2023,1,1,2107130.78,1,27.2,14.368,4.162,20.35000038,1.131999969,114.7399979,270638.1875,0.521000028,247.326004,18.53
CUST_7791249F0071ECFEC06D6CA8A7AAA75E,PART_F8400FE193854A06AA58390118BCF325,6/21/2023,1,1,2153393.27,1,27.2,14.368,4.162,20.38999939,1.129999995,114.8000031,270675.6563,0.518999994,247.3840027,18.53
CUST_7791249F0071ECFEC06D6CA8A7AAA75E,PART_F8400FE193854A06AA58390118BCF325,6/22/2023,1,1,2167672.5,2,54.4,28.736,8.324,20.40999985,1.129999995,114.8300018,270694.4063,0.518000007,247.4129944,37.06
CUST_7791249F0071ECFEC06D6CA8A7AAA75E,PART_F8400FE193854A06AA58390118BCF325,6/23/2023,1,1,2189699.01,1,27.2,14.368,4.162,20.43000031,1.128999949,114.8600006,270713.125,0.51700002,247.4420013,18.53
CUST_7791249F0071ECFEC06D6CA8A7AAA75E,PART_F8400FE193854A06AA58390118BCF325,6/26/2023,1,1,2237662.6,0,0,0,0,20.48999977,1.126000047,114.9499969,270769.3438,0.514999986,247.529007,0
CUST_7791249F0071ECFEC06D6CA8A7AAA75E,PART_F8400FE193854A06AA58390118BCF325,6/28/2023,1,1,2282877.55,1,27.2,14.368,4.622,20.54000092,1.125,115.0100021,270806.8125,0.513000011,247.5870056,18.99
CUST_7791249F0071ECFEC06D6CA8A7AAA75E,PART_F8400FE193854A06AA58390118BCF325,7/3/2023,1,1,2342535.49,1,27.2,14.368,4.622,20.84000015,1.123000026,115.0289993,270887.9063,0.510999978,247.6750031,18.99
CUST_7791249F0071ECFEC06D6CA8A7AAA75E,PART_F8400FE193854A06AA58390118BCF325,7/24/2023,1,1,2740123.83,9,244.8,129.312,41.598,22.64999962,1.138000011,114.2839966,271149.375,0.513000011,247.6809998,170.91
CUST_7791249F0071ECFEC06D6CA8A7AAA75E,PART_F8400FE193854A06AA58390118BCF325,8/9/2023,1,1,3066971.71,8,217.6,114.944,36.976,22.62000084,1.148000002,114.026001,270867.5938,0.512000024,247.7969971,151.92
CUST_7791249F0071ECFEC06D6CA8A7AAA75E,PART_F8400FE193854A06AA58390118BCF325,8/25/2023,1,1,3322575.77,1,27.2,14.368,4.622,21.48999977,1.157999992,114.0770035,270104.75,0.509000003,248.0220032,18.99
CUST_7791249F0071ECFEC06D6CA8A7AAA75E,PART_F8400FE193854A06AA58390118BCF325,9/5/2023,1,1,3481361.34,2,54.4,28.736,9.244,21.38999939,1.156000018,114.1269989,269639.2813,0.501999974,248.128006,37.98
CUST_7791249F0071ECFEC06D6CA8A7AAA75E,PART_F8400FE193854A06AA58390118BCF325,9/6/2023,1,1,3505142.24,1,27.2,14.368,4.622,21.45999908,1.154000044,114.1330032,269606.3438,0.500999987,248.1300049,18.99
CUST_7791249F0071ECFEC06D6CA8A7AAA75E,PART_F8400FE193854A06AA58390118BCF325,9/7/2023,1,1,3517098.41,1,27.2,14.368,4.622,21.52000046,1.15199995,114.1399994,269573.4063,0.499000013,248.1320038,18.99
CUST_7791249F0071ECFEC06D6CA8A7AAA75E,PART_F8400FE193854A06AA58390118BCF325,9/8/2023,1,1,3527266.65,2,54.4,28.736,9.244,21.59000015,1.149999976,114.1470032,269540.4688,0.497999996,248.1340027,37.98
CUST_7791249F0071ECFEC06D6CA8A7AAA75E,PART_F8400FE193854A06AA58390118BCF325,9/14/2023,1,1,3610932.09,4,108.8,57.472,18.488,21.97999954,1.139000058,114.1869965,269342.875,0.490999997,248.1450043,75.96
CUST_7791249F0071ECFEC06D6CA8A7AAA75E,PART_F8400FE193854A06AA58390118BCF325,9/15/2023,1,1,3629663.75,3,81.6,43.104,13.866,22.04000092,1.136999965,114.1930008,269309.9375,0.488999993,248.1470032,56.97
CUST_7791249F0071ECFEC06D6CA8A7AAA75E,PART_F8400FE193854A06AA58390118BCF325,9/18/2023,1,1,3641468.59,3,81.6,43.104,13.866,22.22999954,1.131999969,114.2129974,269211.125,0.485000014,248.1529999,56.97
CUST_7791249F0071ECFEC06D6CA8A7AAA75E,PART_F8400FE193854A06AA58390118BCF325,9/19/2023,1,1,3660086.95,4,108.8,57.472,18.488,22.29999924,1.129999995,114.2200012,269178.1875,0.483999997,248.1549988,75.96
CUST_7791249F0071ECFEC06D6CA8A7AAA75E,PART_F8400FE193854A06AA58390118BCF325,9/20/2023,1,1,3677153.84,2,54.4,28.736,9.244,22.36000061,1.128000021,114.2269974,269145.2813,0.48300001,248.1569977,37.98
CUST_7791249F0071ECFEC06D6CA8A7AAA75E,PART_F8400FE193854A06AA58390118BCF325,9/27/2023,1,1,3788157.29,18,489.6,258.624,83.196,22.81999969,1.11500001,114.2730026,268914.7188,0.474000007,248.1699982,341.82
CUST_7791249F0071ECFEC06D6CA8A7AAA75E,PART_F8400FE193854A06AA58390118BCF325,9/28/2023,1,1,3792512.9,2,54.4,28.736,9.244,22.87999916,1.113999963,114.2799988,268881.8125,0.47299999,248.1719971,37.98
CUST_7791249F0071ECFEC06D6CA8A7AAA75E,PART_F8400FE193854A06AA58390118BCF325,10/2/2023,1,1,3816703.78,4,108.8,57.472,18.488,22.95000076,1.10800004,114.2809982,268843.4375,0.469000012,248.1809998,75.96
CUST_7791249F0071ECFEC06D6CA8A7AAA75E,PART_F8400FE193854A06AA58390118BCF325,10/3/2023,1,1,3838550.02,1,27.2,14.368,4.622,22.92000008,1.106999993,114.2610016,268903.9063,0.469000012,248.1849976,18.99
CUST_7791249F0071ECFEC06D6CA8A7AAA75E,PART_F8400FE193854A06AA58390118BCF325,10/4/2023,1,1,3850889.5,7,190.4,100.576,32.354,22.88999939,1.106999993,114.2419968,268964.3438,0.469000012,248.1880035,132.93
CUST_7791249F0071ECFEC06D6CA8A7AAA75E,PART_F8400FE193854A06AA58390118BCF325,10/5/2023,1,1,3872022.31,2,54.4,28.736,9.244,22.86000061,1.105999947,114.2229996,269024.8125,0.469999999,248.1920013,37.98
CUST_7791249F0071ECFEC06D6CA8A7AAA75E,PART_F8400FE193854A06AA58390118BCF325,10/6/2023,1,1,3896770.71,4,108.8,57.472,18.488,22.82999992,1.105999947,114.2030029,269085.25,0.469999999,248.1950073,75.96
CUST_7791249F0071ECFEC06D6CA8A7AAA75E,PART_F8400FE193854A06AA58390118BCF325,10/9/2023,1,1,3916633.95,1,27.2,14.368,4.622,22.73999977,1.103999972,114.1449966,269266.625,0.469999999,248.2050018,18.99
CUST_7791249F0071ECFEC06D6CA8A7AAA75E,PART_F8400FE193854A06AA58390118BCF325,10/10/2023,1,1,3949012.76,2,54.4,28.736,9.244,22.70999908,1.103999972,114.1259995,269327.0625,0.469999999,248.2079926,37.98
CUST_7791249F0071ECFEC06D6CA8A7AAA75E,PART_F8400FE193854A06AA58390118BCF325,10/13/2023,1,1,3999688.2,1,27.2,14.368,4.622,22.62000084,1.103000045,114.0680008,269508.4063,0.470999986,248.2189941,18.99
CUST_7791249F0071ECFEC06D6CA8A7AAA75E,PART_F8400FE193854A06AA58390118BCF325,10/16/2023,1,1,4042013.18,3,81.6,43.104,13.866,22.53000069,1.100999951,114.0100021,269689.7813,0.470999986,248.2290039,56.97
CUST_7791249F0071ECFEC06D6CA8A7AAA75E,PART_F8400FE193854A06AA58390118BCF325,10/17/2023,1,1,4066483.26,1,27.2,14.368,4.622,22.5,1.100999951,113.9899979,269750.2188,0.472000003,248.2319946,18.99
CUST_7791249F0071ECFEC06D6CA8A7AAA75E,PART_F8400FE193854A06AA58390118BCF325,10/24/2023,1,1,4122630.31,1,27.2,14.368,4.622,22.29000092,1.09800005,113.8550034,270173.375,0.47299999,248.2559967,18.99
CUST_7791249F0071ECFEC06D6CA8A7AAA75E,PART_F8400FE193854A06AA58390118BCF325,11/6/2023,1,1,4333372.76,5,136,71.84,23.11,22.29000092,1.090999961,114.0830002,270626,0.476000011,248.3049927,94.95
CUST_7791249F0071ECFEC06D6CA8A7AAA75E,PART_F8400FE193854A06AA58390118BCF325,11/8/2023,1,1,4380395.62,1,27.2,14.368,4.622,22.36000061,1.090000033,114.2369995,270613.5938,0.476999998,248.3130035,18.99
CUST_7791249F0071ECFEC06D6CA8A7AAA75E,PART_F8400FE193854A06AA58390118BCF325,11/20/2023,1,1,4503332.46,2,54.4,28.736,9.244,22.78000069,1.082999945,115.1569977,270539.1875,0.481999993,248.3650055,37.98
CUST_7791249F0071ECFEC06D6CA8A7AAA75E,PART_F8400FE193854A06AA58390118BCF325,11/21/2023,1,1,4530476.4,1,27.2,14.368,4.622,22.81999969,1.082999945,115.2330017,270533,0.48300001,248.3699951,18.99
CUST_7791249F0071ECFEC06D6CA8A7AAA75E,PART_F8400FE193854A06AA58390118BCF325,11/22/2023,1,1,4546305.62,2,54.4,28.736,9.244,22.85000038,1.082000017,115.3099976,270526.8125,0.48300001,248.3739929,37.98
CUST_7791249F0071ECFEC06D6CA8A7AAA75E,PART_F8400FE193854A06AA58390118BCF325,12/1/2023,1,1,4670598.9,1,27.2,14.368,4.622,23.09000015,1.077000022,116,270471,0.486999989,248.4129944,18.99
CUST_7791249F0071ECFEC06D6CA8A7AAA75E,PART_F8400FE193854A06AA58390118BCF325,12/9/2023,1,1,4888625.99,4,108.8,57.472,18.488,22.75,1.067000031,114.8649979,271050.625,0.488999993,248.7910004,75.96
CUST_7791249F0071ECFEC06D6CA8A7AAA75E,PART_F8400FE193854A06AA58390118BCF325,12/15/2023,1,1,4968480.85,1,27.2,14.368,4.622,22.5,1.059999943,114.0130005,271485.3125,0.49000001,249.0740051,18.99
CUST_7791249F0071ECFEC06D6CA8A7AAA75E,PART_F8400FE193854A06AA58390118BCF325,12/18/2023,1,1,4996184.54,1,27.2,14.368,4.622,22.37999916,1.055999994,113.586998,271702.6875,0.49000001,249.2149963,18.99
CUST_7791249F0071ECFEC06D6CA8A7AAA75E,PART_F8400FE193854A06AA58390118BCF325,12/19/2023,1,1,5012566.53,10,272,143.68,46.22,22.32999992,1.054999948,113.4449997,271775.125,0.49000001,249.2619934,189.9
CUST_7791249F0071ECFEC06D6CA8A7AAA75E,PART_F8400FE193854A06AA58390118BCF325,12/20/2023,1,1,5033572.29,1,27.2,14.368,4.622,22.29000092,1.05400002,113.3030014,271847.5938,0.490999997,249.3099976,18.99
CUST_7791249F0071ECFEC06D6CA8A7AAA75E,PART_F8400FE193854A06AA58390118BCF325,12/26/2023,1,1,5079038.29,1,27.2,14.368,4.622,22.04000092,1.046000004,112.4520035,272282.2813,0.492000014,249.5930023,18.99
CUST_7791249F0071ECFEC06D6CA8A7AAA75E,PART_F8400FE193854A06AA58390118BCF325,12/27/2023,1,1,5101372.65,2,54.4,28.736,9.244,22,1.044999957,112.3099976,272354.75,0.492000014,249.6399994,37.98
CUST_7791249F0071ECFEC06D6CA8A7AAA75E,PART_F8400FE193854A06AA58390118BCF325,12/29/2023,1,1,5128316.31,3,81.6,43.104,13.866,21.90999985,1.042999983,112.026001,272499.6563,0.492000014,249.7339935,56.97
CUST_7791249F0071ECFEC06D6CA8A7AAA75E,PART_F8400FE193854A06AA58390118BCF325,1/8/2024,1,1,5178697.37,2,55.74,29.448,8.532,21.34000015,1.055999994,112.1419983,273810.3438,0.493999988,249.8800049,37.98
CUST_7791249F0071ECFEC06D6CA8A7AAA75E,PART_F8400FE193854A06AA58390118BCF325,1/9/2024,1,1,5202868.38,1,28.62,14.724,4.266,21.28000069,1.059000015,112.2190018,273966.5625,0.493999988,249.8809967,18.99
CUST_7791249F0071ECFEC06D6CA8A7AAA75E,PART_F8400FE193854A06AA58390118BCF325,1/11/2024,1,1,5223455.33,1,27.94,14.724,4.266,21.15999985,1.06400001,112.3740005,274278.9375,0.493999988,249.8820038,18.99
CUST_7791249F0071ECFEC06D6CA8A7AAA75E,PART_F8400FE193854A06AA58390118BCF325,1/12/2024,1,1,5220049.77,1,27.94,14.724,4.266,21.10000038,1.065999985,112.4520035,274435.125,0.493999988,249.8820038,18.99
CUST_7791249F0071ECFEC06D6CA8A7AAA75E,PART_F8400FE193854A06AA58390118BCF325,1/13/2024,1,1,5233799.88,2,55.88,29.448,8.532,21.04000092,1.067999959,112.5289993,274591.3125,0.493999988,249.8829956,37.98
CUST_7791249F0071ECFEC06D6CA8A7AAA75E,PART_F8400FE193854A06AA58390118BCF325,1/19/2024,1,1,5195407.93,10,279.4,147.24,42.66,20.67000008,1.082999945,112.9940033,275528.4688,0.495000005,249.8860016,189.9
CUST_7791249F0071ECFEC06D6CA8A7AAA75E,PART_F8400FE193854A06AA58390118BCF325,1/22/2024,1,1,5189302.36,2,55.88,29.448,8.532,20.48999977,1.090000033,113.2259979,275997.0625,0.495000005,249.8880005,37.98
CUST_7791249F0071ECFEC06D6CA8A7AAA75E,PART_F8400FE193854A06AA58390118BCF325,1/23/2024,1,1,5213268.83,1,27.94,14.724,4.266,20.43000031,1.093000054,113.3030014,276153.25,0.495000005,249.8890076,18.99
CUST_7791249F0071ECFEC06D6CA8A7AAA75E,PART_F8400FE193854A06AA58390118BCF325,1/24/2024,1,1,5219871.7,2,55.88,29.448,8.532,20.37000084,1.095000029,113.3809967,276309.4375,0.495000005,249.8890076,37.98
CUST_7791249F0071ECFEC06D6CA8A7AAA75E,PART_F8400FE193854A06AA58390118BCF325,1/29/2024,1,1,5238188.48,1,27.94,14.724,4.266,20.05999947,1.10800004,113.7679977,277090.4063,0.495999992,249.8919983,18.99
CUST_7791249F0071ECFEC06D6CA8A7AAA75E,PART_F8400FE193854A06AA58390118BCF325,2/9/2024,1,1,5354347.15,1,27.94,14.724,4.266,27.13999939,1.113999963,113.7519989,276421.9063,0.492000014,249.9029999,18.99
CUST_7791249F0071ECFEC06D6CA8A7AAA75E,PART_F8400FE193854A06AA58390118BCF325,2/12/2024,1,1,5353210.56,3,83.82,44.172,12.798,29.54000092,1.113999963,113.6589966,275995.4688,0.490999997,249.9069977,56.97
CUST_7791249F0071ECFEC06D6CA8A7AAA75E,PART_F8400FE193854A06AA58390118BCF325,2/15/2024,1,1,5379502.11,4,111.76,58.896,17.064,31.95000076,1.113999963,113.5660019,275569.0625,0.488999993,249.9100037,75.96
CUST_7791249F0071ECFEC06D6CA8A7AAA75E,PART_F8400FE193854A06AA58390118BCF325,2/16/2024,1,1,5379854,2,55.88,29.448,8.532,32.75,1.113999963,113.5339966,275426.9375,0.488999993,249.9120026,37.98
CUST_7791249F0071ECFEC06D6CA8A7AAA75E,PART_F8400FE193854A06AA58390118BCF325,2/17/2024,1,1,5398387.66,1,27.94,14.724,4.266,33.54999924,1.113999963,113.5029984,275284.7813,0.488000005,249.9129944,18.99
CUST_7791249F0071ECFEC06D6CA8A7AAA75E,PART_F8400FE193854A06AA58390118BCF325,2/19/2024,1,1,5395462.73,1,27.94,14.724,4.266,35.15000153,1.113999963,113.4410019,275000.5313,0.486999989,249.9149933,18.99
CUST_7791249F0071ECFEC06D6CA8A7AAA75E,PART_F8400FE193854A06AA58390118BCF325,2/20/2024,1,1,5412366.78,5,139.7,73.62,21.33,35.95000076,1.113999963,113.4100037,274858.375,0.486999989,249.9160004,94.95
CUST_7791249F0071ECFEC06D6CA8A7AAA75E,PART_F8400FE193854A06AA58390118BCF325,2/22/2024,1,1,5444330.69,5,139.7,73.62,21.33,37.54999924,1.113999963,113.3479996,274574.0938,0.486000001,249.9190063,94.95
CUST_7791249F0071ECFEC06D6CA8A7AAA75E,PART_F8400FE193854A06AA58390118BCF325,2/23/2024,1,1,5453049.29,8,223.52,117.792,34.128,38.34999847,1.113000035,113.3170013,274431.9688,0.485000014,249.9199982,151.92
CUST_7791249F0071ECFEC06D6CA8A7AAA75E,PART_F8400FE193854A06AA58390118BCF325,2/24/2024,1,1,5460241.55,1,27.94,14.724,4.266,39.15000153,1.113000035,113.2860031,274289.8125,0.485000014,249.9210052,18.99
CUST_7791249F0071ECFEC06D6CA8A7AAA75E,PART_F8400FE193854A06AA58390118BCF325,2/26/2024,1,1,5449888.57,1,27.94,14.724,4.266,40.75,1.113000035,113.223999,274005.5625,0.483999997,249.9230042,18.99
CUST_7791249F0071ECFEC06D6CA8A7AAA75E,PART_F8400FE193854A06AA58390118BCF325,2/27/2024,1,1,5469829.83,1,29.79,14.724,4.266,41.54999924,1.113000035,113.1930008,273863.4063,0.48300001,249.923996,18.99
CUST_7791249F0071ECFEC06D6CA8A7AAA75E,PART_F8400FE193854A06AA58390118BCF325,2/28/2024,1,1,5460478,7,208.53,103.068,29.862,42.34999847,1.113000035,113.1620026,273721.2813,0.48300001,249.9259949,132.93
CUST_7791249F0071ECFEC06D6CA8A7AAA75E,PART_F8400FE193854A06AA58390118BCF325,2/29/2024,1,1,5473109.72,2,59.58,29.448,8.532,43.15000153,1.113000035,113.1309967,273579.125,0.481999993,249.927002,37.98
CUST_7791249F0071ECFEC06D6CA8A7AAA75E,PART_F8400FE193854A06AA58390118BCF325,3/1/2024,1,1,5470734.92,4,119.16,58.896,17.064,42.97999954,1.113000035,113.0999985,273437,0.481999993,249.9279938,75.96
CUST_7791249F0071ECFEC06D6CA8A7AAA75E,PART_F8400FE193854A06AA58390118BCF325,3/2/2024,1,1,5485307.41,7,208.53,103.068,29.862,42.81999969,1.113000035,113.0999985,273469.2813,0.481999993,249.9299927,132.93
CUST_7791249F0071ECFEC06D6CA8A7AAA75E,PART_F8400FE193854A06AA58390118BCF325,3/4/2024,1,1,5472753.2,7,208.53,103.068,29.862,42.47999954,1.111999989,113.0999985,273533.875,0.481999993,249.9329987,132.93
CUST_7791249F0071ECFEC06D6CA8A7AAA75E,PART_F8400FE193854A06AA58390118BCF325,3/5/2024,1,1,5524290.53,2,59.58,29.448,9.752,42.31999969,1.110999942,113.0999985,273566.1563,0.481999993,249.9349976,39.2
CUST_7791249F0071ECFEC06D6CA8A7AAA75E,PART_F8400FE193854A06AA58390118BCF325,3/6/2024,1,1,5510475.5,1,29.79,14.724,4.876,42.15000153,1.110999942,113.0999985,273598.4375,0.481999993,249.9360046,19.6
CUST_7791249F0071ECFEC06D6CA8A7AAA75E,PART_F8400FE193854A06AA58390118BCF325,3/7/2024,1,1,5514781,9,268.11,132.516,43.884,41.97999954,1.110000014,113.0999985,273630.75,0.481999993,249.9380035,176.4
CUST_7791249F0071ECFEC06D6CA8A7AAA75E,PART_F8400FE193854A06AA58390118BCF325,3/8/2024,1,1,5532028.84,2,59.58,29.448,9.752,41.81999969,1.110000014,113.0999985,273663.0313,0.481999993,249.9400024,39.2
CUST_7791249F0071ECFEC06D6CA8A7AAA75E,PART_F8400FE193854A06AA58390118BCF325,3/11/2024,1,1,5535977.62,3,89.37,44.172,14.628,41.31999969,1.10800004,113.0999985,273759.9063,0.481000006,249.9450073,58.8
CUST_7791249F0071ECFEC06D6CA8A7AAA75E,PART_F8400FE193854A06AA58390118BCF325,3/14/2024,1,1,5581350.27,2,59.58,29.448,9.752,40.81999969,1.106999993,113.0999985,273856.7813,0.481000006,249.9499969,39.2
CUST_7791249F0071ECFEC06D6CA8A7AAA75E,PART_F8400FE193854A06AA58390118BCF325,3/16/2024,1,1,5593206.56,1,29.79,14.724,4.876,40.49000168,1.105999947,113.0999985,273921.3438,0.481000006,249.9530029,19.6
CUST_7791249F0071ECFEC06D6CA8A7AAA75E,PART_F8400FE193854A06AA58390118BCF325,3/20/2024,1,1,5674825.56,3,89.37,44.172,14.628,39.81999969,1.103999972,113.0999985,274050.5313,0.481000006,249.9600067,58.8
CUST_7791249F0071ECFEC06D6CA8A7AAA75E,PART_F8400FE193854A06AA58390118BCF325,4/5/2024,1,1,5718532.51,2,59.58,29.448,9.752,36.36000061,1.09800005,113.3399963,274447.0625,0.479000002,249.904007,39.2
CUST_7791249F0071ECFEC06D6CA8A7AAA75E,PART_F8400FE193854A06AA58390118BCF325,4/8/2024,1,1,5718601.24,1,29.79,14.724,4.876,35.38000107,1.09800005,113.5199966,274453.875,0.477999985,249.8470001,19.6
CUST_7791249F0071ECFEC06D6CA8A7AAA75E,PART_F8400FE193854A06AA58390118BCF325,4/15/2024,1,1,5741171.84,1,29.79,14.724,4.876,33.09000015,1.09800005,113.9400024,274469.7188,0.476999998,249.7149963,19.6
CUST_7791249F0071ECFEC06D6CA8A7AAA75E,PART_F8400FE193854A06AA58390118BCF325,4/17/2024,1,1,5793625.93,4,119.16,58.896,19.504,32.43999863,1.09800005,114.0599976,274474.2813,0.476000011,249.677002,78.4
CUST_7791249F0071ECFEC06D6CA8A7AAA75E,PART_F8400FE193854A06AA58390118BCF325,4/22/2024,1,1,5805708.44,2,59.58,29.448,9.472,30.79999924,1.09800005,114.3600006,274485.5938,0.474999994,249.5820007,38.92
CUST_7791249F0071ECFEC06D6CA8A7AAA75E,PART_F8400FE193854A06AA58390118BCF325,4/26/2024,1,1,5844351.7,8,238.32,117.792,37.888,29.5,1.09800005,114.5999985,274494.6563,0.474000007,249.5070038,155.68
CUST_7791249F0071ECFEC06D6CA8A7AAA75E,PART_F8400FE193854A06AA58390118BCF325,4/29/2024,1,1,5846646.26,1,29.79,14.724,4.736,28.52000046,1.09800005,114.7799988,274501.4688,0.47299999,249.4499969,19.46
CUST_7791249F0071ECFEC06D6CA8A7AAA75E,PART_F8400FE193854A06AA58390118BCF325,4/30/2024,1,1,5873020.63,1,29.79,14.724,4.736,28.19000053,1.09800005,114.8399963,274503.7188,0.47299999,249.4309998,19.46
CUST_7791249F0071ECFEC06D6CA8A7AAA75E,PART_F8400FE193854A06AA58390118BCF325,5/3/2024,1,1,5885965.81,1,29.79,14.724,4.736,28.36000061,1.097000003,114.8349991,274490.25,0.47299999,249.4129944,19.46
CUST_7791249F0071ECFEC06D6CA8A7AAA75E,PART_F8400FE193854A06AA58390118BCF325,5/6/2024,1,1,5875644.23,2,59.58,29.448,9.472,28.54000092,1.095000029,114.7389984,274466.6563,0.472000003,249.4140015,38.92
CUST_7791249F0071ECFEC06D6CA8A7AAA75E,PART_F8400FE193854A06AA58390118BCF325,5/7/2024,1,1,5896466.43,11,327.69,161.964,52.096,28.60000038,1.093999982,114.7060013,274458.7813,0.472000003,249.4149933,214.06
CUST_7791249F0071ECFEC06D6CA8A7AAA75E,PART_F8400FE193854A06AA58390118BCF325,5/13/2024,1,1,5844607.35,7,208.53,103.068,33.152,28.94000053,1.090000033,114.5130005,274411.5625,0.469999999,249.4170074,136.22
CUST_7791249F0071ECFEC06D6CA8A7AAA75E,PART_F8400FE193854A06AA58390118BCF325,5/16/2024,1,1,5857793.08,1,29.79,14.724,4.736,29.12000084,1.088000059,114.4160004,274387.9375,0.469999999,249.4190063,19.46
CUST_7791249F0071ECFEC06D6CA8A7AAA75E,PART_F8400FE193854A06AA58390118BCF325,5/20/2024,1,1,5813190.4,4,119.16,58.896,18.944,29.35000038,1.085999966,114.2870026,274356.4375,0.469000012,249.4210052,77.84
CUST_7791249F0071ECFEC06D6CA8A7AAA75E,PART_F8400FE193854A06AA58390118BCF325,5/22/2024,1,1,5809384.77,2,59.58,29.448,9.472,29.46999931,1.083999991,114.2229996,274340.7188,0.467999995,249.4210052,38.92
CUST_7791249F0071ECFEC06D6CA8A7AAA75E,PART_F8400FE193854A06AA58390118BCF325,5/23/2024,1,1,5811856.16,6,178.74,88.344,28.416,29.53000069,1.083999991,114.1900024,274332.8438,0.467999995,249.4219971,116.76
CUST_7791249F0071ECFEC06D6CA8A7AAA75E,PART_F8400FE193854A06AA58390118BCF325,5/28/2024,1,1,5802987.43,1,29.79,14.724,4.736,29.81999969,1.08099997,114.0289993,274293.4688,0.467000008,249.423996,19.46
CUST_7791249F0071ECFEC06D6CA8A7AAA75E,PART_F8400FE193854A06AA58390118BCF325,5/29/2024,1,1,5830302.46,2,59.58,29.448,9.472,29.87000084,1.080000043,113.9970016,274285.625,0.467000008,249.4250031,38.92
CUST_7791249F0071ECFEC06D6CA8A7AAA75E,PART_F8400FE193854A06AA58390118BCF325,5/30/2024,1,1,5822593.4,4,119.16,58.896,18.944,29.93000031,1.078999996,113.9649963,274277.75,0.465999991,249.4250031,77.84
CUST_7791249F0071ECFEC06D6CA8A7AAA75E,PART_F8400FE193854A06AA58390118BCF325,5/31/2024,1,1,5823413.91,1,29.79,14.724,4.736,29.98999977,1.078999996,113.9319992,274269.875,0.465999991,249.4259949,19.46
CUST_7791249F0071ECFEC06D6CA8A7AAA75E,PART_F8400FE193854A06AA58390118BCF325,6/3/2024,1,1,5817998.1,2,59.58,29.448,9.472,29.87000084,1.080000043,113.8799973,274203.0625,0.467999995,249.427002,38.92
CUST_7791249F0071ECFEC06D6CA8A7AAA75E,PART_F8400FE193854A06AA58390118BCF325,6/6/2024,1,1,5855470.06,1,29.79,14.724,4.736,29.73999977,1.082999945,113.8499985,274114.6563,0.470999986,249.4290009,19.46
CUST_7791249F0071ECFEC06D6CA8A7AAA75E,PART_F8400FE193854A06AA58390118BCF325,6/7/2024,1,1,5856170.55,4,119.16,58.896,18.944,29.70000076,1.083999991,113.8399963,274085.1875,0.472000003,249.4290009,77.84
CUST_7791249F0071ECFEC06D6CA8A7AAA75E,PART_F8400FE193854A06AA58390118BCF325,6/11/2024,1,1,5863557.36,7,208.53,103.068,33.152,29.54000092,1.088999987,113.8000031,273967.3438,0.476000011,249.4309998,136.22
CUST_7791249F0071ECFEC06D6CA8A7AAA75E,PART_F8400FE193854A06AA58390118BCF325,6/12/2024,1,1,5871102.6,2,59.58,29.448,9.472,29.5,1.090000033,113.7900009,273937.875,0.476999998,249.4320068,38.92
CUST_7791249F0071ECFEC06D6CA8A7AAA75E,PART_F8400FE193854A06AA58390118BCF325,6/20/2024,1,1,5843744.26,2,59.58,29.448,9.472,29.17000008,1.09800005,113.7099991,273702.125,0.483999997,249.4360046,38.92
CUST_7791249F0071ECFEC06D6CA8A7AAA75E,PART_F8400FE193854A06AA58390118BCF325,6/21/2024,1,1,5845498.68,1,29.79,14.724,4.736,29.12999916,1.098999977,113.6999969,273672.6563,0.485000014,249.4369965,19.46
CUST_7791249F0071ECFEC06D6CA8A7AAA75E,PART_F8400FE193854A06AA58390118BCF325,6/24/2024,1,1,5792730.2,2,59.58,29.448,9.472,29.01000023,1.103000045,113.6699982,273584.2813,0.488000005,249.4380035,38.92
CUST_7791249F0071ECFEC06D6CA8A7AAA75E,PART_F8400FE193854A06AA58390118BCF325,6/25/2024,1,1,5807470.42,2,59.58,29.448,9.472,28.95999908,1.103999972,113.6600037,273554.8125,0.488999993,249.4389954,38.92
CUST_7791249F0071ECFEC06D6CA8A7AAA75E,PART_F8400FE193854A06AA58390118BCF325,6/28/2024,1,1,5784888.85,2,59.58,29.448,9.472,28.84000015,1.106999993,113.6299973,273466.4063,0.492000014,249.4400024,38.92
CUST_7791249F0071ECFEC06D6CA8A7AAA75E,PART_F8400FE193854A06AA58390118BCF325,7/5/2024,1,1,5768198.7,1,28.97,14.724,4.736,29.45999908,1.110999942,113.7030029,273499.1563,0.495000005,249.4429932,19.46
CUST_7791249F0071ECFEC06D6CA8A7AAA75E,PART_F8400FE193854A06AA58390118BCF325,7/9/2024,1,1,5778129.16,3,86.91,44.172,14.208,30.03000069,1.113000035,113.8059998,273620.3125,0.495000005,249.4450073,58.38
CUST_7791249F0071ECFEC06D6CA8A7AAA75E,PART_F8400FE193854A06AA58390118BCF325,7/17/2024,1,1,5734087.97,3,86.09,44.172,14.208,31.14999962,1.116000056,114.0130005,273862.6563,0.493999988,249.447998,58.38
CUST_7791249F0071ECFEC06D6CA8A7AAA75E,PART_F8400FE193854A06AA58390118BCF325,7/18/2024,1,1,5731906.78,1,28.97,14.724,4.736,31.29000092,1.116000056,114.0390015,273892.9375,0.493999988,249.447998,19.46
CUST_7791249F0071ECFEC06D6CA8A7AAA75E,PART_F8400FE193854A06AA58390118BCF325,7/19/2024,1,1,5740008.59,3,86.91,44.172,14.208,31.43000031,1.116000056,114.0650024,273923.2188,0.493999988,249.447998,58.38
CUST_7791249F0071ECFEC06D6CA8A7AAA75E,PART_F8400FE193854A06AA58390118BCF325,7/22/2024,1,1,5716227.15,2,57.94,29.448,9.472,31.85000038,1.116999984,114.1419983,274014.0938,0.493999988,249.4490051,38.92
CUST_7791249F0071ECFEC06D6CA8A7AAA75E,PART_F8400FE193854A06AA58390118BCF325,7/26/2024,1,1,5750001.33,1,28.97,14.724,4.736,32.41999817,1.118999958,114.2450027,274135.25,0.493999988,249.451004,19.46
CUST_7791249F0071ECFEC06D6CA8A7AAA75E,PART_F8400FE193854A06AA58390118BCF325,7/29/2024,1,1,5711438.03,1,28.97,14.724,4.736,32.84000015,1.120000005,114.322998,274226.125,0.493999988,249.4519958,19.46
CUST_7791249F0071ECFEC06D6CA8A7AAA75E,PART_F8400FE193854A06AA58390118BCF325,8/1/2024,1,1,5705015.34,2,57.94,29.448,9.472,33.13999939,1.121000051,114.4000015,274317,0.493999988,249.4530029,38.92
CUST_7791249F0071ECFEC06D6CA8A7AAA75E,PART_F8400FE193854A06AA58390118BCF325,8/2/2024,1,1,5694185.72,2,57.94,29.448,9.472,33.15999985,1.120000005,114.3580017,274279.3438,0.493999988,249.5540009,38.92
CUST_7791249F0071ECFEC06D6CA8A7AAA75E,PART_F8400FE193854A06AA58390118BCF325,8/5/2024,1,1,5699425.32,4,115.88,58.896,18.944,33.22999954,1.118999958,114.2320023,274166.4063,0.492000014,249.8569946,77.84
CUST_7791249F0071ECFEC06D6CA8A7AAA75E,PART_F8400FE193854A06AA58390118BCF325,8/12/2024,1,1,5636535.51,5,144.85,73.62,23.68,33.38000107,1.113999963,113.939003,273902.9063,0.488999993,250.5650024,97.3
CUST_7791249F0071ECFEC06D6CA8A7AAA75E,PART_F8400FE193854A06AA58390118BCF325,8/13/2024,1,1,5660759.24,2,57.94,29.448,9.472,33.40000153,1.113999963,113.8970032,273865.25,0.488999993,250.6660004,38.92
CUST_7791249F0071ECFEC06D6CA8A7AAA75E,PART_F8400FE193854A06AA58390118BCF325,8/16/2024,1,1,5671491.92,4,115.88,58.896,18.944,33.45999908,1.111999989,113.7710037,273752.3125,0.486999989,250.9689941,77.84
CUST_7791249F0071ECFEC06D6CA8A7AAA75E,PART_F8400FE193854A06AA58390118BCF325,8/19/2024,1,1,5653506.93,1,28.97,14.724,4.736,33.52000046,1.110000014,113.6449966,273639.375,0.486000001,251.2720032,19.46
CUST_7791249F0071ECFEC06D6CA8A7AAA75E,PART_F8400FE193854A06AA58390118BCF325,8/22/2024,1,1,5655954.03,2,57.94,29.448,9.472,33.59000015,1.10800004,113.5189972,273526.4375,0.485000014,251.5749969,38.92
CUST_7791249F0071ECFEC06D6CA8A7AAA75E,PART_F8400FE193854A06AA58390118BCF325,8/26/2024,1,1,5708483.95,4,115.88,58.896,18.944,33.66999817,1.105999947,113.3519974,273375.875,0.48300001,251.9799957,77.84
CUST_7791249F0071ECFEC06D6CA8A7AAA75E,PART_F8400FE193854A06AA58390118BCF325,8/27/2024,1,1,5737531.24,5,144.85,73.62,23.68,33.68999863,1.105000019,113.3099976,273338.2188,0.481999993,252.0809937,97.3
CUST_7791249F0071ECFEC06D6CA8A7AAA75E,PART_F8400FE193854A06AA58390118BCF325,8/29/2024,1,1,5715002.24,1,28.97,14.724,4.736,33.74000168,1.103999972,113.2259979,273262.9375,0.481000006,252.2830048,19.46
CUST_7791249F0071ECFEC06D6CA8A7AAA75E,PART_F8400FE193854A06AA58390118BCF325,9/3/2024,1,1,5693549.54,2,57.94,29.448,9.472,34.02000046,1.100999951,113.1600037,273348.3438,0.479000002,252.5859985,38.92
CUST_7791249F0071ECFEC06D6CA8A7AAA75E,PART_F8400FE193854A06AA58390118BCF325,9/4/2024,1,1,5716426,7,202.79,103.068,33.152,34.09999847,1.100000024,113.1900024,273447.5,0.477999985,252.5859985,136.22
CUST_7791249F0071ECFEC06D6CA8A7AAA75E,PART_F8400FE193854A06AA58390118BCF325,9/5/2024,1,1,5709738.87,6,173.82,88.344,28.416,34.18000031,1.098999977,113.2200012,273546.6563,0.477999985,252.5859985,116.76
CUST_7791249F0071ECFEC06D6CA8A7AAA75E,PART_F8400FE193854A06AA58390118BCF325,9/9/2024,1,1,5690875.9,4,115.88,58.896,18.944,34.5,1.095999956,113.3399963,273943.3438,0.476000011,252.5859985,77.84
CUST_7791249F0071ECFEC06D6CA8A7AAA75E,PART_F8400FE193854A06AA58390118BCF325,9/10/2024,1,1,5717538.57,4,115.88,58.896,18.944,34.58000183,1.095999956,113.3700027,274042.5,0.474999994,252.5859985,77.84
CUST_7791249F0071ECFEC06D6CA8A7AAA75E,PART_F8400FE193854A06AA58390118BCF325,9/11/2024,1,1,5719829.64,1,28.97,14.724,4.736,34.65999985,1.095000029,113.4000015,274141.6563,0.474999994,252.5859985,19.46
CUST_7791249F0071ECFEC06D6CA8A7AAA75E,PART_F8400FE193854A06AA58390118BCF325,9/13/2024,1,1,5727853.14,1,28.97,14.724,4.736,34.81999969,1.093999982,113.4599991,274340,0.474000007,252.5859985,19.46
CUST_7791249F0071ECFEC06D6CA8A7AAA75E,PART_F8400FE193854A06AA58390118BCF325,9/16/2024,1,1,5715789.5,2,57.94,29.448,9.472,35.06999969,1.092000008,113.5500031,274637.5,0.472000003,252.5859985,38.92
CUST_7791249F0071ECFEC06D6CA8A7AAA75E,PART_F8400FE193854A06AA58390118BCF325,9/23/2024,1,1,5740622.72,2,57.94,29.448,9.472,35.63000107,1.087000012,113.7600021,275331.6563,0.467999995,252.5859985,38.92
CUST_7791249F0071ECFEC06D6CA8A7AAA75E,PART_F8400FE193854A06AA58390118BCF325,9/26/2024,1,1,5739789.6,1,28.97,14.724,4.736,35.86999893,1.085000038,113.8499985,275629.1563,0.467000008,252.5859985,19.46
CUST_7791249F0071ECFEC06D6CA8A7AAA75E,PART_F8400FE193854A06AA58390118BCF325,9/27/2024,1,1,5765762.09,1,28.97,14.724,4.736,35.95000076,1.083999991,113.8799973,275728.3438,0.465999991,252.5859985,19.46
CUST_7791249F0071ECFEC06D6CA8A7AAA75E,PART_F8400FE193854A06AA58390118BCF325,10/3/2024,1,1,5803765.01,5,144.85,73.62,23.68,35.09999847,1.08099997,113.9349976,276014.8125,0.465999991,252.5890045,97.3
CUST_7791249F0071ECFEC06D6CA8A7AAA75E,PART_F8400FE193854A06AA58390118BCF325,10/4/2024,1,1,5858273.11,3,86.91,44.172,14.208,34.74000168,1.08099997,113.9029999,275959.7188,0.467000008,252.5899963,58.38
CUST_7791249F0071ECFEC06D6CA8A7AAA75E,PART_F8400FE193854A06AA58390118BCF325,10/8/2024,1,1,5859752.86,1,28.97,14.724,4.736,33.29000092,1.082000017,113.7740021,275739.3125,0.469999999,252.5950012,19.46
CUST_7791249F0071ECFEC06D6CA8A7AAA75E,PART_F8400FE193854A06AA58390118BCF325,10/9/2024,1,1,5841304.78,2,57.94,29.448,9.472,32.93000031,1.082000017,113.7419968,275684.2188,0.470999986,252.595993,38.92
CUST_7791249F0071ECFEC06D6CA8A7AAA75E,PART_F8400FE193854A06AA58390118BCF325,10/14/2024,1,1,5785230.91,6,173.82,88.344,28.416,31.12000084,1.082999945,113.5810013,275408.75,0.474999994,252.6029968,116.76
CUST_7791249F0071ECFEC06D6CA8A7AAA75E,PART_F8400FE193854A06AA58390118BCF325,10/16/2024,1,1,5802461.25,6,173.82,88.344,28.416,30.39999962,1.082999945,113.5159988,275298.5625,0.476999998,252.6049957,116.76
CUST_7791249F0071ECFEC06D6CA8A7AAA75E,PART_F8400FE193854A06AA58390118BCF325,10/22/2024,1,1,5831748.3,1,28.97,14.724,4.736,28.22999954,1.083999991,113.322998,274967.9688,0.481999993,252.6130066,19.46
CUST_7791249F0071ECFEC06D6CA8A7AAA75E,PART_F8400FE193854A06AA58390118BCF325,10/28/2024,1,1,5806628.94,5,144.85,73.62,23.68,26.05999947,1.085000038,113.1289978,274637.375,0.488000005,252.6210022,97.3
CUST_7791249F0071ECFEC06D6CA8A7AAA75E,PART_F8400FE193854A06AA58390118BCF325,11/1/2024,1,1,5772693.64,5,144.85,73.62,23.68,25.46999931,1.085999966,113,274417,0.490999997,252.6260071,97.3
CUST_7791249F0071ECFEC06D6CA8A7AAA75E,PART_F8400FE193854A06AA58390118BCF325,11/7/2024,1,1,5752788.62,1,28.97,14.724,4.736,28.46999931,1.070000052,112.9199982,274757.8125,0.485000014,252.6529999,19.46
CUST_7791249F0071ECFEC06D6CA8A7AAA75E,PART_F8400FE193854A06AA58390118BCF325,11/8/2024,1,1,5765747.39,1,28.97,14.724,4.736,28.97999954,1.067999959,112.9069977,274814.5938,0.483999997,252.6580048,19.46
CUST_7791249F0071ECFEC06D6CA8A7AAA75E,PART_F8400FE193854A06AA58390118BCF325,11/11/2024,1,1,5761965.72,1,28.97,14.724,4.736,30.47999954,1.059999943,112.8669968,274985,0.481000006,252.6710052,19.46
CUST_7791249F0071ECFEC06D6CA8A7AAA75E,PART_F8400FE193854A06AA58390118BCF325,11/13/2024,1,1,5774525.3,4,115.88,58.896,18.944,31.47999954,1.05400002,112.8399963,275098.5938,0.479000002,252.6799927,77.84
CUST_7791249F0071ECFEC06D6CA8A7AAA75E,PART_F8400FE193854A06AA58390118BCF325,11/14/2024,1,1,5777627.15,6,173.82,88.344,28.416,31.97999954,1.052000046,112.8270035,275155.4063,0.477999985,252.6849976,116.76
CUST_7791249F0071ECFEC06D6CA8A7AAA75E,PART_F8400FE193854A06AA58390118BCF325,11/18/2024,1,1,5764460.88,1,28.97,14.724,4.736,33.97999954,1.041000009,112.7730026,275382.5938,0.474000007,252.7030029,19.46
CUST_7791249F0071ECFEC06D6CA8A7AAA75E,PART_F8400FE193854A06AA58390118BCF325,12/2/2024,1,1,5735283.36,2,57.94,29.448,9.472,39.66999817,1.004999995,112.5839996,276118.0625,0.460999995,252.7619934,38.92
CUST_7791249F0071ECFEC06D6CA8A7AAA75E,PART_F8400FE193854A06AA58390118BCF325,12/5/2024,1,1,5692145.13,2,57.94,29.448,9.472,39.18000031,1,112.5350037,276109.25,0.463,252.7610016,38.92
CUST_7791249F0071ECFEC06D6CA8A7AAA75E,PART_F8400FE193854A06AA58390118BCF325,12/6/2024,1,1,5714750.51,3,86.91,44.172,14.208,39.02000046,0.998000026,112.5189972,276106.3125,0.463,252.7610016,58.38
CUST_7791249F0071ECFEC06D6CA8A7AAA75E,PART_F8400FE193854A06AA58390118BCF325,12/16/2024,1,1,5792658.82,1,28.97,14.724,4.736,37.40000153,0.981000006,112.3580017,276076.9688,0.467000008,252.7579956,19.46
CUST_7791249F0071ECFEC06D6CA8A7AAA75E,PART_F8400FE193854A06AA58390118BCF325,12/18/2024,1,1,5813408.86,1,28.97,14.724,4.736,37.08000183,0.977999985,112.3259964,276071.0938,0.467999995,252.7570038,19.46
CUST_7791249F0071ECFEC06D6CA8A7AAA75E,PART_F8400FE193854A06AA58390118BCF325,12/19/2024,1,1,5806247.5,1,28.97,14.724,4.736,36.91999817,0.976000011,112.3099976,276068.1563,0.469000012,252.7570038,19.46
CUST_7791249F0071ECFEC06D6CA8A7AAA75E,PART_F8400FE193854A06AA58390118BCF325,12/26/2024,1,1,5997313.4,2,57.94,29.448,9.472,35.79000092,0.963999987,112.1969986,276047.625,0.470999986,252.7550049,38.92
CUST_7791249F0071ECFEC06D6CA8A7AAA75E,PART_F8400FE193854A06AA58390118BCF325,12/30/2024,1,1,5965428.78,1,28.97,14.724,4.736,35.13999939,0.957000017,112.1320038,276035.875,0.47299999,252.7539978,19.46
CUST_7791249F0071ECFEC06D6CA8A7AAA75E,PART_F8400FE193854A06AA58390118BCF325,1/2/2025,1,1,5964787.58,5,144.85,67.87,29.43,34.79999924,0.957000017,112.1579971,275979.9375,0.47299999,252.7749939,97.3
CUST_7791249F0071ECFEC06D6CA8A7AAA75E,PART_F8400FE193854A06AA58390118BCF325,1/7/2025,1,1,5960340.09,1,28.97,13.574,5.886,34.36999893,0.97299999,112.447998,275729.625,0.469000012,252.8829956,19.46
CUST_7791249F0071ECFEC06D6CA8A7AAA75E,PART_F8400FE193854A06AA58390118BCF325,1/8/2025,1,1,5948631.42,1,28.97,13.574,5.886,34.27999878,0.976999998,112.5059967,275679.5625,0.467999995,252.904007,19.46
CUST_7791249F0071ECFEC06D6CA8A7AAA75E,PART_F8400FE193854A06AA58390118BCF325,1/10/2025,1,1,5938959.14,3,86.91,40.722,17.658,34.09999847,0.98299998,112.6230011,275579.4063,0.465999991,252.947998,58.38
CUST_7791249F0071ECFEC06D6CA8A7AAA75E,PART_F8400FE193854A06AA58390118BCF325,1/20/2025,1,1,5925098.76,1,28.97,13.574,5.886,33.22999954,1.014999986,113.2030029,275078.7813,0.456999987,253.1640015,19.46
CUST_7791249F0071ECFEC06D6CA8A7AAA75E,PART_F8400FE193854A06AA58390118BCF325,1/22/2025,1,1,5955098.83,3,86.91,40.722,17.658,33.04999924,1.021999955,113.3190002,274978.6563,0.455000013,253.2070007,58.38
CUST_7791249F0071ECFEC06D6CA8A7AAA75E,PART_F8400FE193854A06AA58390118BCF325,1/28/2025,1,1,5953059.69,3,86.91,40.722,17.658,32.52000046,1.041000009,113.6679993,274678.25,0.449999988,253.3370056,58.38
CUST_7791249F0071ECFEC06D6CA8A7AAA75E,PART_F8400FE193854A06AA58390118BCF325,1/29/2025,1,1,5942043.54,6,173.82,81.444,35.316,32.43999863,1.04400003,113.7259979,274628.1875,0.449000001,253.3580017,116.76
CUST_7791249F0071ECFEC06D6CA8A7AAA75E,PART_F8400FE193854A06AA58390118BCF325,2/4/2025,1,1,5951664.44,1,28.97,13.574,5.886,31.53000069,1.05400002,113.8679962,274774.9063,0.446999997,253.5070038,19.46
CUST_7791249F0071ECFEC06D6CA8A7AAA75E,PART_F8400FE193854A06AA58390118BCF325,2/5/2025,1,1,5937660.72,1,28.97,13.574,5.886,31.35000038,1.05400002,113.8570023,274873.8438,0.448000014,253.5350037,19.46
CUST_7791249F0071ECFEC06D6CA8A7AAA75E,PART_F8400FE193854A06AA58390118BCF325,2/7/2025,1,1,5930568.83,5,144.85,67.87,29.43,30.97999954,1.05400002,113.8359985,275071.7813,0.449000001,253.5910034,97.3
CUST_7791249F0071ECFEC06D6CA8A7AAA75E,PART_F8400FE193854A06AA58390118BCF325,2/9/2025,1,1,5895545.24,2,57.94,27.148,11.772,30.61000061,1.05400002,113.814003,275269.7188,0.449000001,253.6459961,38.92
CUST_7791249F0071ECFEC06D6CA8A7AAA75E,PART_F8400FE193854A06AA58390118BCF325,2/14/2025,1,1,5890961.35,4,130.76,54.296,23.544,29.70000076,1.05400002,113.7610016,275764.5313,0.451999992,253.7859955,77.84
CUST_7791249F0071ECFEC06D6CA8A7AAA75E,PART_F8400FE193854A06AA58390118BCF325,2/17/2025,1,1,5864157.86,2,65.38,27.148,11.772,29.14999962,1.05400002,113.7289963,276061.4375,0.453000009,253.8699951,38.92
CUST_7791249F0071ECFEC06D6CA8A7AAA75E,PART_F8400FE193854A06AA58390118BCF325,2/18/2025,1,1,5872189.5,1,32.69,13.574,5.886,28.96999931,1.05400002,113.7180023,276160.4063,0.453000009,253.897995,19.46
CUST_7791249F0071ECFEC06D6CA8A7AAA75E,PART_F8400FE193854A06AA58390118BCF325,2/19/2025,1,1,5915589.35,1,32.69,13.574,5.886,28.79000092,1.05400002,113.7070007,276259.3438,0.453999996,253.9259949,19.46
CUST_7791249F0071ECFEC06D6CA8A7AAA75E,PART_F8400FE193854A06AA58390118BCF325,2/20/2025,1,1,5909242.93,1,32.69,13.574,5.886,28.60000038,1.05400002,113.6959991,276358.3125,0.453999996,253.9539948,19.46
CUST_7791249F0071ECFEC06D6CA8A7AAA75E,PART_F8400FE193854A06AA58390118BCF325,2/21/2025,1,1,5881926.44,1,32.69,13.574,5.886,28.42000008,1.05400002,113.685997,276457.2813,0.455000013,253.9819946,19.46
CUST_7791249F0071ECFEC06D6CA8A7AAA75E,PART_F8400FE193854A06AA58390118BCF325,2/24/2025,1,1,5859302.17,1,32.69,13.574,5.886,27.87000084,1.05400002,113.6539993,276754.1875,0.456,254.0650024,19.46
CUST_7791249F0071ECFEC06D6CA8A7AAA75E,PART_F8400FE193854A06AA58390118BCF325,2/28/2025,1,1,5863025.1,2,65.38,27.148,11.772,27.13999939,1.05400002,113.6110001,277150.0313,0.458000004,254.177002,38.92
CUST_7791249F0071ECFEC06D6CA8A7AAA75E,PART_F8400FE193854A06AA58390118BCF325,3/4/2025,1,1,5849381.52,2,65.38,27.148,11.772,26.53000069,1.05400002,113.6190033,277328.75,0.456999987,254.2120056,38.92
CUST_7791249F0071ECFEC06D6CA8A7AAA75E,PART_F8400FE193854A06AA58390118BCF325,3/6/2025,1,1,5806311.57,6,196.14,81.444,35.316,26.21999931,1.054999948,113.6320038,277381.9063,0.456999987,254.2160034,116.76
CUST_7791249F0071ECFEC06D6CA8A7AAA75E,PART_F8400FE193854A06AA58390118BCF325,3/10/2025,1,1,5774996.67,2,65.38,27.148,11.772,25.61000061,1.054999948,113.6579971,277488.2188,0.456,254.2250061,38.92
CUST_7791249F0071ECFEC06D6CA8A7AAA75E,PART_F8400FE193854A06AA58390118BCF325,3/12/2025,1,1,5778079.67,2,65.38,27.148,11.772,25.30999947,1.054999948,113.6709976,277541.375,0.456,254.2290039,38.92
CUST_7791249F0071ECFEC06D6CA8A7AAA75E,PART_F8400FE193854A06AA58390118BCF325,3/13/2025,1,1,5777303.36,1,32.69,13.574,5.886,25.15999985,1.055999994,113.677002,277567.9688,0.455000013,254.2310028,19.46
CUST_7791249F0071ECFEC06D6CA8A7AAA75E,PART_F8400FE193854A06AA58390118BCF325,3/14/2025,1,1,5771921.07,10,326.9,135.74,58.86,25,1.055999994,113.6839981,277594.5625,0.455000013,254.2339935,194.6
CUST_7791249F0071ECFEC06D6CA8A7AAA75E,PART_F8400FE193854A06AA58390118BCF325,3/18/2025,1,1,5801755.01,1,32.69,13.574,5.886,24.38999939,1.055999994,113.7099991,277700.875,0.453999996,254.2420044,19.46
CUST_7791249F0071ECFEC06D6CA8A7AAA75E,PART_F8400FE193854A06AA58390118BCF325,3/20/2025,1,1,5854634.33,4,130.76,54.296,23.544,24.09000015,1.055999994,113.7229996,277754.0313,0.453999996,254.246994,77.84
CUST_7791249F0071ECFEC06D6CA8A7AAA75E,PART_F8400FE193854A06AA58390118BCF325,3/24/2025,1,1,5836034.32,5,163.45,67.87,29.43,23.47999954,1.057000041,113.7480011,277860.3438,0.453000009,254.2550049,97.3
CUST_7791249F0071ECFEC06D6CA8A7AAA75E,PART_F8400FE193854A06AA58390118BCF325,3/26/2025,1,1,5872027.07,1,32.69,13.574,5.886,23.17000008,1.057000041,113.7610016,277913.5313,0.451999992,254.2599945,19.46
CUST_7791249F0071ECFEC06D6CA8A7AAA75E,PART_F8400FE193854A06AA58390118BCF325,3/27/2025,1,1,5870662.42,3,98.07,40.722,17.658,23.02000046,1.057000041,113.7679977,277940.0938,0.451999992,254.2619934,58.38
CUST_7791249F0071ECFEC06D6CA8A7AAA75E,PART_F8400FE193854A06AA58390118BCF325,3/28/2025,1,1,5888020.91,2,65.38,27.148,11.772,22.87000084,1.057000041,113.7740021,277966.6875,0.451999992,254.2640076,38.92
CUST_7791249F0071ECFEC06D6CA8A7AAA75E,PART_F8400FE193854A06AA58390118BCF325,4/1/2025,1,1,5910196.73,2,65.38,27.148,11.772,22.75,1.057999969,113.8000031,278073,0.451000005,254.272995,38.92
CUST_7791249F0071ECFEC06D6CA8A7AAA75E,PART_F8400FE193854A06AA58390118BCF325,4/2/2025,1,1,5904914.85,3,98.07,40.722,17.658,23.09000015,1.057999969,113.7929993,278023.1875,0.451000005,254.2740021,58.38
CUST_7791249F0071ECFEC06D6CA8A7AAA75E,PART_F8400FE193854A06AA58390118BCF325,4/3/2025,1,1,5896036.64,1,32.69,13.574,5.886,23.43000031,1.057999969,113.7870026,277973.4063,0.451000005,254.2749939,19.46
CUST_7791249F0071ECFEC06D6CA8A7AAA75E,PART_F8400FE193854A06AA58390118BCF325,4/7/2025,1,1,5869364.08,3,98.07,40.722,17.658,24.79000092,1.057000041,113.7600021,277774.1875,0.451999992,254.2799988,58.38
CUST_7791249F0071ECFEC06D6CA8A7AAA75E,PART_F8400FE193854A06AA58390118BCF325,4/8/2025,1,1,5887914.26,2,65.38,27.148,11.772,25.12000084,1.057000041,113.7529984,277724.4063,0.451999992,254.2810059,38.92
CUST_7791249F0071ECFEC06D6CA8A7AAA75E,PART_F8400FE193854A06AA58390118BCF325,4/10/2025,1,1,5892974.44,1,32.69,13.919,5.541,25.79999924,1.057000041,113.7399979,277624.8125,0.451999992,254.2839966,19.46
CUST_7791249F0071ECFEC06D6CA8A7AAA75E,PART_F8400FE193854A06AA58390118BCF325,4/11/2025,1,1,5882991.03,10,326.9,139.19,55.41,26.13999939,1.057000041,113.7330017,277575,0.451999992,254.2850037,194.6
CUST_7791249F0071ECFEC06D6CA8A7AAA75E,PART_F8400FE193854A06AA58390118BCF325,4/16/2025,1,1,5876000.42,1,32.69,13.919,5.541,27.84000015,1.055999994,113.6999969,277326,0.453000009,254.2910004,19.46
CUST_7791249F0071ECFEC06D6CA8A7AAA75E,PART_F8400FE193854A06AA58390118BCF325,4/17/2025,1,1,5869617.11,2,65.38,27.838,11.082,28.18000031,1.055999994,113.6930008,277276.1875,0.453000009,254.2920074,38.92
CUST_7791249F0071ECFEC06D6CA8A7AAA75E,PART_F8400FE193854A06AA58390118BCF325,4/21/2025,1,1,5829355.36,6,196.14,83.514,33.246,29.54000092,1.054999948,113.6669998,277077,0.453000009,254.2960052,116.76
CUST_7791249F0071ECFEC06D6CA8A7AAA75E,PART_F8400FE193854A06AA58390118BCF325,4/22/2025,1,1,5849817.47,1,32.69,13.919,5.541,29.87999916,1.054999948,113.6600037,277027.1875,0.453000009,254.2980042,19.46
CUST_7791249F0071ECFEC06D6CA8A7AAA75E,PART_F8400FE193854A06AA58390118BCF325,4/23/2025,1,1,5836206.32,2,65.38,27.838,11.082,30.20999908,1.054999948,113.6529999,276977.4063,0.453000009,254.298996,38.92
CUST_7791249F0071ECFEC06D6CA8A7AAA75E,PART_F8400FE193854A06AA58390118BCF325,4/25/2025,1,1,5833241.45,2,65.38,27.838,11.082,30.88999939,1.054999948,113.6399994,276877.8125,0.453000009,254.3009949,38.92
CUST_7791249F0071ECFEC06D6CA8A7AAA75E,PART_F8400FE193854A06AA58390118BCF325,4/28/2025,1,1,5787971.73,5,163.45,69.595,27.705,31.90999985,1.05400002,113.6200027,276728.4063,0.453999996,254.3049927,97.3
CUST_7791249F0071ECFEC06D6CA8A7AAA75E,PART_F8400FE193854A06AA58390118BCF325,5/7/2025,1,1,5784565.38,5,163.45,69.595,27.705,32.11999893,1.05400002,113.5419998,276534.875,0.453999996,254.3130035,97.3
CUST_7791249F0071ECFEC06D6CA8A7AAA75E,PART_F8400FE193854A06AA58390118BCF325,5/8/2025,1,1,5788591.21,3,98.07,41.757,16.623,32.04999924,1.05400002,113.5319977,276527.5313,0.453999996,254.3130035,58.38
CUST_7791249F0071ECFEC06D6CA8A7AAA75E,PART_F8400FE193854A06AA58390118BCF325,5/9/2025,1,1,5787715.84,3,98.07,41.757,16.623,31.97999954,1.052999973,113.5230026,276520.1563,0.453999996,254.3139954,58.38
CUST_7791249F0071ECFEC06D6CA8A7AAA75E,PART_F8400FE193854A06AA58390118BCF325,5/13/2025,1,1,5780076.75,2,65.38,27.838,11.082,31.70999908,1.052999973,113.4840012,276490.75,0.453999996,254.3170013,38.92
CUST_7791249F0071ECFEC06D6CA8A7AAA75E,PART_F8400FE193854A06AA58390118BCF325,5/16/2025,1,1,5773054.21,2,65.38,27.838,11.082,31.51000023,1.052999973,113.4550018,276468.6875,0.453999996,254.3200073,38.92
CUST_7791249F0071ECFEC06D6CA8A7AAA75E,PART_F8400FE193854A06AA58390118BCF325,5/19/2025,1,1,5746608,7,228.83,97.433,38.787,31.29999924,1.052999973,113.4260025,276446.625,0.453000009,254.3220062,136.22
CUST_7791249F0071ECFEC06D6CA8A7AAA75E,PART_F8400FE193854A06AA58390118BCF325,5/21/2025,1,1,5772224.31,3,106.47,41.757,16.623,31.17000008,1.052999973,113.4059982,276431.9063,0.453000009,254.322998,58.38
CUST_7791249F0071ECFEC06D6CA8A7AAA75E,PART_F8400FE193854A06AA58390118BCF325,5/23/2025,1,1,5816172.26,3,98.07,41.757,16.623,31.03000069,1.052999973,113.387001,276417.1875,0.453000009,254.3249969,58.38
CUST_7791249F0071ECFEC06D6CA8A7AAA75E,PART_F8400FE193854A06AA58390118BCF325,5/27/2025,1,1,5812679.58,1,32.69,13.919,5.541,30.76000023,1.052000046,113.3479996,276387.7813,0.453000009,254.3280029,19.46
CUST_7791249F0071ECFEC06D6CA8A7AAA75E,PART_F8400FE193854A06AA58390118BCF325,5/28/2025,1,1,5845248.6,5,163.45,69.595,27.705,30.69000053,1.052000046,113.3389969,276380.4063,0.453000009,254.3289948,97.3
CUST_7791249F0071ECFEC06D6CA8A7AAA75E,PART_F8400FE193854A06AA58390118BCF325,5/30/2025,1,1,5834960.37,4,130.76,55.676,22.164,30.55999947,1.052000046,113.3190002,276365.7188,0.453000009,254.3300018,77.84
CUST_7791249F0071ECFEC06D6CA8A7AAA75E,PART_F8400FE193854A06AA58390118BCF325,6/5/2025,1,1,5829536.36,4,130.76,55.676,22.164,31.20999908,1.049000025,113.4069977,276539.2813,0.449000001,254.3320007,77.84
CUST_7791249F0071ECFEC06D6CA8A7AAA75E,PART_F8400FE193854A06AA58390118BCF325,6/9/2025,1,1,5832462.37,2,65.38,27.838,11.082,31.79000092,1.047000051,113.5130005,276727.5313,0.444999993,254.3320007,38.92
CUST_7791249F0071ECFEC06D6CA8A7AAA75E,PART_F8400FE193854A06AA58390118BCF325,6/10/2025,1,1,5868350.49,1,32.69,13.919,5.541,31.93000031,1.046000004,113.5400009,276774.5938,0.444000006,254.3320007,19.46
CUST_7791249F0071ECFEC06D6CA8A7AAA75E,PART_F8400FE193854A06AA58390118BCF325,6/11/2025,1,1,5857185.06,1,32.69,13.919,5.541,32.06999969,1.046000004,113.5670013,276821.6563,0.442999989,254.3320007,19.46
CUST_7791249F0071ECFEC06D6CA8A7AAA75E,PART_F8400FE193854A06AA58390118BCF325,6/13/2025,1,1,5869808.09,3,98.07,41.757,16.623,32.36000061,1.04400003,113.6200027,276915.8125,0.441000015,254.3320007,58.38
CUST_7791249F0071ECFEC06D6CA8A7AAA75E,PART_F8400FE193854A06AA58390118BCF325,6/16/2025,1,1,5875497.18,1,32.69,13.919,5.541,32.79000092,1.042999983,113.6999969,277057,0.437999994,254.3320007,19.46
CUST_7791249F0071ECFEC06D6CA8A7AAA75E,PART_F8400FE193854A06AA58390118BCF325,6/18/2025,1,1,5891983.99,2,65.38,27.838,11.082,33.08000183,1.041000009,113.7529984,277151.125,0.435000002,254.3320007,38.92
CUST_7791249F0071ECFEC06D6CA8A7AAA75E,PART_F8400FE193854A06AA58390118BCF325,6/19/2025,1,1,5891543.31,1,32.69,13.919,5.541,33.22999954,1.041000009,113.7799988,277198.1875,0.433999985,254.3320007,19.46
CUST_7791249F0071ECFEC06D6CA8A7AAA75E,PART_F8400FE193854A06AA58390118BCF325,6/23/2025,1,1,5880439.45,2,65.38,27.838,11.082,33.79999924,1.037999988,113.887001,277386.4688,0.430000007,254.3320007,38.92
CUST_7791249F0071ECFEC06D6CA8A7AAA75E,PART_F8400FE193854A06AA58390118BCF325,6/30/2025,1,1,5887275.47,3,98.07,41.787,16.593,34.81000137,1.034000039,114.072998,277715.9375,0.423000008,254.3320007,58.38
CUST_7791249F0071ECFEC06D6CA8A7AAA75E,PART_F8400FE193854A06AA58390118BCF325,7/2/2025,1,1,5904041.85,1,32.69,13.929,5.531,34.68000031,1.031999946,114.1259995,277758,0.421000004,254.3509979,19.46
CUST_7791249F0071ECFEC06D6CA8A7AAA75E,PART_F8400FE193854A06AA58390118BCF325,7/3/2025,1,1,5894316.06,2,65.38,27.858,11.062,34.61000061,1.031999946,114.1520004,277753,0.421000004,254.3699951,38.92
CUST_7791249F0071ECFEC06D6CA8A7AAA75E,PART_F8400FE193854A06AA58390118BCF325,7/8/2025,1,1,5929547.49,2,65.38,27.858,11.062,34.27999878,1.029000044,114.2809982,277728,0.416999996,254.4649963,38.92
CUST_7791249F0071ECFEC06D6CA8A7AAA75E,PART_F8400FE193854A06AA58390118BCF325,7/9/2025,1,1,5912934.11,2,65.38,27.858,11.062,34.20999908,1.029000044,114.3059998,277723,0.416000009,254.4850006,38.92
CUST_7791249F0071ECFEC06D6CA8A7AAA75E,PART_F8400FE193854A06AA58390118BCF325,7/10/2025,1,1,5903086.82,1,32.69,13.929,5.531,34.15000153,1.027999997,114.3320007,277718,0.416000009,254.5039978,19.46
CUST_7791249F0071ECFEC06D6CA8A7AAA75E,PART_F8400FE193854A06AA58390118BCF325,7/14/2025,1,1,5880663.54,1,32.69,13.929,5.531,33.88000107,1.026000023,114.4349976,277698,0.412999988,254.5800018,19.46
CUST_7791249F0071ECFEC06D6CA8A7AAA75E,PART_F8400FE193854A06AA58390118BCF325,7/15/2025,1,1,5900759.85,1,32.69,13.929,5.531,33.81999969,1.026000023,114.4609985,277693,0.412,254.598999,19.46
CUST_7791249F0071ECFEC06D6CA8A7AAA75E,PART_F8400FE193854A06AA58390118BCF325,7/16/2025,1,1,5903281.89,1,32.69,13.929,5.531,33.75,1.024999976,114.4869995,277688,0.411000013,254.6179962,19.46
CUST_7791249F0071ECFEC06D6CA8A7AAA75E,PART_F8400FE193854A06AA58390118BCF325,7/17/2025,1,1,5894493.2,1,32.69,13.929,5.531,33.68999863,1.024999976,114.5130005,277683,0.411000013,254.6369934,19.46
CUST_7791249F0071ECFEC06D6CA8A7AAA75E,PART_F8400FE193854A06AA58390118BCF325,7/21/2025,1,1,5863311.07,3,98.07,41.787,16.593,33.41999817,1.023000002,114.6159973,277663,0.407999992,254.7129974,58.38
CUST_7791249F0071ECFEC06D6CA8A7AAA75E,PART_F8400FE193854A06AA58390118BCF325,7/22/2025,1,1,5884083.03,1,32.69,13.929,5.531,33.36000061,1.021999955,114.6419983,277658,0.407000005,254.7319946,19.46
CUST_7791249F0071ECFEC06D6CA8A7AAA75E,PART_F8400FE193854A06AA58390118BCF325,7/25/2025,1,1,5843549.33,3,98.07,41.787,16.593,33.15999985,1.021000028,114.7190018,277643,0.405000001,254.7899933,58.38
CUST_7791249F0071ECFEC06D6CA8A7AAA75E,PART_F8400FE193854A06AA58390118BCF325,7/28/2025,1,1,5844760.28,2,65.38,27.858,11.062,32.95999908,1.019000053,114.7969971,277628,0.402999997,254.8470001,38.92
CUST_7791249F0071ECFEC06D6CA8A7AAA75E,PART_F8400FE193854A06AA58390118BCF325,7/29/2025,1,1,5876580.71,4,130.76,55.716,22.124,32.88999939,1.019000053,114.822998,277623,0.40200001,254.8659973,77.84
CUST_7791249F0071ECFEC06D6CA8A7AAA75E,PART_F8400FE193854A06AA58390118BCF325,7/30/2025,1,1,5869233.74,3,98.07,41.787,16.593,32.83000183,1.018000007,114.8479996,277618,0.400999993,254.8849945,58.38
CUST_7791249F0071ECFEC06D6CA8A7AAA75E,PART_F8400FE193854A06AA58390118BCF325,7/31/2025,1,1,5869228.97,1,32.69,13.929,5.531,32.75999832,1.018000007,114.8740005,277613,0.400999993,254.904007,19.46
CUST_7791249F0071ECFEC06D6CA8A7AAA75E,PART_F8400FE193854A06AA58390118BCF325,8/7/2025,1,1,5885676.56,2,62.58,27.858,11.062,33.97000122,1.021999955,114.6869965,277712.125,0.397000015,255.1710052,38.92
CUST_7791249F0071ECFEC06D6CA8A7AAA75E,PART_F8400FE193854A06AA58390118BCF325,8/9/2025,1,1,5877481.59,2,62.58,27.858,11.062,34.31000137,1.023000002,114.6159973,277746.8438,0.395999998,255.2539978,38.92
CUST_7791249F0071ECFEC06D6CA8A7AAA75E,PART_F8400FE193854A06AA58390118BCF325,8/11/2025,1,1,5867959.36,1,31.29,13.929,5.531,34.65999985,1.024999976,114.5449982,277781.5625,0.395000011,255.3370056,19.46
CUST_7791249F0071ECFEC06D6CA8A7AAA75E,PART_F8400FE193854A06AA58390118BCF325,8/13/2025,1,1,5885120.84,2,62.58,27.858,11.062,35,1.02699995,114.473999,277816.25,0.393000007,255.4190063,38.92
CUST_7791249F0071ECFEC06D6CA8A7AAA75E,PART_F8400FE193854A06AA58390118BCF325,8/14/2025,1,1,5876233.27,3,93.87,41.787,16.593,35.18000031,1.02699995,114.439003,277833.625,0.393000007,255.4609985,58.38
CUST_7791249F0071ECFEC06D6CA8A7AAA75E,PART_F8400FE193854A06AA58390118BCF325,8/15/2025,1,1,5879298.83,1,31.29,13.929,5.531,35.34999847,1.027999997,114.4029999,277850.9688,0.39199999,255.5019989,19.46
CUST_7791249F0071ECFEC06D6CA8A7AAA75E,PART_F8400FE193854A06AA58390118BCF325,8/16/2025,1,1,5865277.36,1,31.29,13.929,5.531,35.52000046,1.029000044,114.3679962,277868.3125,0.39199999,255.5429993,19.46
CUST_7791249F0071ECFEC06D6CA8A7AAA75E,PART_F8400FE193854A06AA58390118BCF325,8/18/2025,1,1,5842365.68,1,31.29,13.929,5.531,35.86999893,1.031000018,114.2969971,277903.0313,0.391000003,255.6260071,19.46
CUST_7791249F0071ECFEC06D6CA8A7AAA75E,PART_F8400FE193854A06AA58390118BCF325,8/25/2025,1,1,5777710.83,3,93.87,41.787,16.593,37.06999969,1.036000013,114.0479965,278024.5313,0.386999995,255.9160004,58.38
CUST_7791249F0071ECFEC06D6CA8A7AAA75E,PART_F8400FE193854A06AA58390118BCF325,8/26/2025,1,1,5814130.91,1,31.29,13.929,5.531,37.25,1.036999941,114.0130005,278041.875,0.386000007,255.9570007,19.46
CUST_7791249F0071ECFEC06D6CA8A7AAA75E,PART_F8400FE193854A06AA58390118BCF325,8/27/2025,1,1,5801053.24,1,31.29,13.929,5.531,37.41999817,1.037999988,113.9769974,278059.2188,0.386000007,255.9980011,19.46
CUST_7791249F0071ECFEC06D6CA8A7AAA75E,PART_F8400FE193854A06AA58390118BCF325,8/28/2025,1,1,5793068.92,2,62.58,27.858,11.062,37.59000015,1.039000034,113.9420013,278076.5938,0.38499999,256.0400085,38.92
CUST_7791249F0071ECFEC06D6CA8A7AAA75E,PART_F8400FE193854A06AA58390118BCF325,8/29/2025,1,1,5794679.53,5,156.45,69.645,27.655,37.75999832,1.039999962,113.9059982,278093.9375,0.38499999,256.0809937,97.3
CUST_7791249F0071ECFEC06D6CA8A7AAA75E,PART_F8400FE193854A06AA58390118BCF325,9/8/2025,1,1,5796943.95,3,93.87,41.787,16.593,37.04999924,1.031999946,113.427002,278029.0938,0.372999996,256.2049866,58.38
CUST_7791249F0071ECFEC06D6CA8A7AAA75E,PART_F8400FE193854A06AA58390118BCF325,9/11/2025,1,1,5814464.55,1,31.29,13.929,5.531,36.65999985,1.02699995,113.2669983,277979,0.368000001,256.2049866,19.46
CUST_7791249F0071ECFEC06D6CA8A7AAA75E,PART_F8400FE193854A06AA58390118BCF325,9/12/2025,1,1,5784374.68,3,93.87,41.787,16.593,36.52999878,1.026000023,113.2129974,277962.3125,0.367000014,256.2049866,58.38
CUST_7791249F0071ECFEC06D6CA8A7AAA75E,PART_F8400FE193854A06AA58390118BCF325,9/15/2025,1,1,5776339.18,2,62.58,27.858,11.062,36.13000107,1.021000028,113.0530014,277912.1875,0.361999989,256.2049866,38.92
CUST_7791249F0071ECFEC06D6CA8A7AAA75E,PART_F8400FE193854A06AA58390118BCF325,9/16/2025,1,1,5793250.48,1,31.29,13.929,5.531,36,1.019999981,113,277895.5,0.361000001,256.2049866,19.46
CUST_7791249F0071ECFEC06D6CA8A7AAA75E,PART_F8400FE193854A06AA58390118BCF325,9/17/2025,1,1,5772853.42,1,31.29,13.929,5.531,35.86999893,1.018000007,112.9469986,277878.8125,0.360000014,256.2049866,19.46
CUST_7791249F0071ECFEC06D6CA8A7AAA75E,PART_F8400FE193854A06AA58390118BCF325,9/19/2025,1,1,5757541.94,2,62.58,27.858,11.062,35.59999847,1.014999986,112.8399963,277845.4063,0.356999993,256.2049866,38.92
CUST_7791249F0071ECFEC06D6CA8A7AAA75E,PART_F8400FE193854A06AA58390118BCF325,9/20/2025,1,1,5761344.17,1,31.29,13.929,5.531,35.47000122,1.014000058,112.7870026,277828.6875,0.354999989,256.2049866,19.46
CUST_7791249F0071ECFEC06D6CA8A7AAA75E,PART_F8400FE193854A06AA58390118BCF325,9/22/2025,1,1,5727059.85,2,62.58,27.858,11.062,35.20999908,1.011000037,112.6800003,277795.3125,0.351999998,256.2049866,38.92
CUST_7791249F0071ECFEC06D6CA8A7AAA75E,PART_F8400FE193854A06AA58390118BCF325,9/23/2025,1,1,5751160.29,1,31.29,13.929,5.531,35.06999969,1.008999944,112.6269989,277778.5938,0.351000011,256.2049866,19.46
CUST_7791249F0071ECFEC06D6CA8A7AAA75E,PART_F8400FE193854A06AA58390118BCF325,9/25/2025,1,1,5756716.41,1,31.29,13.929,5.531,34.81000137,1.006000042,112.5199966,277745.1875,0.34799999,256.2049866,19.46
CUST_7791249F0071ECFEC06D6CA8A7AAA75E,PART_F8400FE193854A06AA58390118BCF325,9/30/2025,1,1,5748260.04,4,125.16,55.716,22.124,34.15000153,0.999000013,112.2529984,277661.6875,0.340000004,256.2049866,77.84
CUST_7791249F0071ECFEC06D6CA8A7AAA75E,PART_012C41EC3774276BB02E78F7C0D99F43,12/21/2023,1,1,5039926.96,7,75.46,37.527,37.933,16.17000008,1.052000046,113.1610031,271920.0313,0.490999997,249.3569946,75.46
CUST_7791249F0071ECFEC06D6CA8A7AAA75E,PART_012C41EC3774276BB02E78F7C0D99F43,1/17/2024,1,1,5193708.07,1,10.78,4.905,5.875,15.84000015,1.077999949,112.8389969,275216.0938,0.495000005,249.8849945,10.78
CUST_7791249F0071ECFEC06D6CA8A7AAA75E,PART_012C41EC3774276BB02E78F7C0D99F43,1/30/2024,1,1,5264761.29,4,43.08,19.62,23.5,15.14999962,1.110000014,113.8450012,277246.625,0.495999992,249.8930054,43.12
CUST_7791249F0071ECFEC06D6CA8A7AAA75E,PART_012C41EC3774276BB02E78F7C0D99F43,3/20/2024,1,1,5674825.56,5,53.85,24.525,29.375,14.31999969,1.103999972,113.0999985,274050.5313,0.481000006,249.9600067,53.9
CUST_7791249F0071ECFEC06D6CA8A7AAA75E,PART_012C41EC3774276BB02E78F7C0D99F43,4/5/2024,1,1,5718532.51,5,53.85,24.525,29.375,12.22999954,1.09800005,113.3399963,274447.0625,0.479000002,249.904007,53.9
CUST_7791249F0071ECFEC06D6CA8A7AAA75E,PART_012C41EC3774276BB02E78F7C0D99F43,5/24/2024,1,1,5815656.28,4,43.08,19.62,23.5,12.78999996,1.082999945,114.1579971,274324.9688,0.467999995,249.4219971,43.12
CUST_7791249F0071ECFEC06D6CA8A7AAA75E,PART_012C41EC3774276BB02E78F7C0D99F43,7/1/2024,1,1,5762038,2,21.56,9.81,11.75,15.05000019,1.110000014,113.5999985,273378,0.495000005,249.4420013,21.56
CUST_7791249F0071ECFEC06D6CA8A7AAA75E,PART_012C41EC3774276BB02E78F7C0D99F43,7/29/2024,1,1,5711438.03,4,43.12,19.62,23.5,12.31999969,1.120000005,114.322998,274226.125,0.493999988,249.4519958,43.12
CUST_7791249F0071ECFEC06D6CA8A7AAA75E,PART_012C41EC3774276BB02E78F7C0D99F43,8/1/2024,1,1,5705015.34,2,21.56,9.81,11.75,12.19999981,1.121000051,114.4000015,274317,0.493999988,249.4530029,21.56
CUST_7791249F0071ECFEC06D6CA8A7AAA75E,PART_012C41EC3774276BB02E78F7C0D99F43,8/6/2024,1,1,5726982.9,1,10.78,4.905,5.875,12.53999996,1.118000031,114.1900024,274128.7813,0.492000014,249.9579926,10.78
CUST_7791249F0071ECFEC06D6CA8A7AAA75E,PART_012C41EC3774276BB02E78F7C0D99F43,8/16/2024,1,1,5671491.92,3,32.34,14.715,17.625,13.22000027,1.111999989,113.7710037,273752.3125,0.486999989,250.9689941,32.34
CUST_7791249F0071ECFEC06D6CA8A7AAA75E,PART_012C41EC3774276BB02E78F7C0D99F43,8/28/2024,1,1,5738616.96,2,21.56,9.81,11.75,14.03999996,1.103999972,113.2679977,273300.5938,0.481999993,252.1820068,21.56
CUST_7791249F0071ECFEC06D6CA8A7AAA75E,PART_012C41EC3774276BB02E78F7C0D99F43,10/2/2024,1,1,5794940.66,3,32.34,14.715,17.625,16.76000023,1.08099997,113.9680023,276069.9063,0.465000004,252.5870056,32.34
CUST_7791249F0071ECFEC06D6CA8A7AAA75E,PART_012C41EC3774276BB02E78F7C0D99F43,11/27/2024,1,1,5780177.45,3,32.34,14.715,17.625,17,1.018000007,112.6529999,275893.8125,0.465000004,252.7440033,32.34
CUST_7791249F0071ECFEC06D6CA8A7AAA75E,PART_012C41EC3774276BB02E78F7C0D99F43,12/31/2024,1,1,5975007.45,5,53.9,24.525,29.375,14.76000023,0.95599997,112.1159973,276032.9375,0.474000007,252.753006,53.9
CUST_7791249F0071ECFEC06D6CA8A7AAA75E,PART_012C41EC3774276BB02E78F7C0D99F43,1/16/2025,1,1,5944380.88,3,32.34,14.715,17.625,15.97000027,1.001999974,112.9710007,275279.0313,0.460000008,253.0769958,32.34
CUST_7791249F0071ECFEC06D6CA8A7AAA75E,PART_012C41EC3774276BB02E78F7C0D99F43,3/20/2025,1,1,5854634.33,4,51.96,19.62,32.34,16.03000069,1.055999994,113.7229996,277754.0313,0.453999996,254.246994,51.96
CUST_7791249F0071ECFEC06D6CA8A7AAA75E,PART_012C41EC3774276BB02E78F7C0D99F43,5/9/2025,1,1,5787715.84,5,64.95,29.435,35.515,21.28000069,1.052999973,113.5230026,276520.1563,0.453999996,254.3139954,64.95
CUST_7791249F0071ECFEC06D6CA8A7AAA75E,PART_012C41EC3774276BB02E78F7C0D99F43,6/17/2025,1,1,5897380.21,3,38.97,17.661,21.309,19.71999931,1.042000055,113.7269974,277104.0625,0.43599999,254.3320007,38.97
CUST_7791249F0071ECFEC06D6CA8A7AAA75E,PART_012C41EC3774276BB02E78F7C0D99F43,7/22/2025,1,1,5884083.03,4,51.96,28.728,23.232,21.06999969,1.021999955,114.6419983,277658,0.407000005,254.7319946,51.96
CUST_7791249F0071ECFEC06D6CA8A7AAA75E,PART_012C41EC3774276BB02E78F7C0D99F43,8/27/2025,1,1,5801053.24,1,14.39,7.182,7.208,19.12000084,1.037999988,113.9769974,278059.2188,0.386000007,255.9980011,14.39
CUST_7791249F0071ECFEC06D6CA8A7AAA75E,PART_012C41EC3774276BB02E78F7C0D99F43,9/2/2025,1,1,5772365.09,3,39.57,21.546,18.024,18.87999916,1.041000009,113.7470016,278129.3125,0.381999999,256.2049866,39.57
CUST_7791249F0071ECFEC06D6CA8A7AAA75E,PART_012C41EC3774276BB02E78F7C0D99F43,9/19/2025,1,1,5757541.94,5,65.95,35.91,30.04,20.85000038,1.014999986,112.8399963,277845.4063,0.356999993,256.2049866,65.95
CUST_7791249F0071ECFEC06D6CA8A7AAA75E,PART_E9B6842E1322877CB977F4F41C542C85,1/12/2024,1,0,5220049.77,5,56.15,27.89,28.26,0,1.065999985,112.4520035,274435.125,0.493999988,249.8820038,56.15
CUST_7791249F0071ECFEC06D6CA8A7AAA75E,PART_E9B6842E1322877CB977F4F41C542C85,1/31/2024,1,0,5255900.26,-5,-56.3,-27.58,-28.72,0,1.113000035,113.9229965,277402.8125,0.495999992,249.8930054,-56.3
CUST_7791249F0071ECFEC06D6CA8A7AAA75E,PART_25F3874B96DA8E29F040CD54AC9B9893,7/23/2024,1,0,5757575.38,1,18.82,7.217,3.563,0,1.118000031,114.1679993,274044.375,0.493999988,249.4499969,10.78
CUST_7791249F0071ECFEC06D6CA8A7AAA75E,PART_25F3874B96DA8E29F040CD54AC9B9893,8/20/2024,1,0,5668009.88,5,94.1,36.085,17.815,0,1.108999968,113.6029968,273601.75,0.485000014,251.3730011,53.9
CUST_7791249F0071ECFEC06D6CA8A7AAA75E,PART_25F3874B96DA8E29F040CD54AC9B9893,8/21/2024,1,0,5663419.09,0,0,0,0,0,1.108999968,113.560997,273564.0938,0.485000014,251.473999,0
CUST_7791249F0071ECFEC06D6CA8A7AAA75E,PART_25F3874B96DA8E29F040CD54AC9B9893,2/6/2025,1,0,5939520.25,-1,-18.83,-7.217,-3.563,0,1.05400002,113.8460007,274972.8125,0.448000014,253.5630035,-10.78
CUST_7791249F0071ECFEC06D6CA8A7AAA75E,PART_25F3874B96DA8E29F040CD54AC9B9893,5/8/2025,1,0,5788591.21,5,94.45,41.575,12.325,0,1.05400002,113.5319977,276527.5313,0.453999996,254.3130035,53.9
CUST_606222CFA471831EA79242666C219E47,PART_F846361051783347FEEA0BB027E5289C,1/18/2023,1,1,48583.06,20,402.4,176.14,170.86,0,1.148000002,116.8550034,273111.4688,0.513000011,244.9250031,347
CUST_606222CFA471831EA79242666C219E47,PART_F846361051783347FEEA0BB027E5289C,2/16/2023,1,1,131654.9,10,201.2,88.07,85.43,18.98999977,1.161000013,115.6679993,269637.6563,0.505999982,245.552002,173.5
CUST_606222CFA471831EA79242666C219E47,PART_F846361051783347FEEA0BB027E5289C,3/7/2023,1,1,172082.55,6,100.98,52.842,48.138,19.06999969,1.152999997,114.4840012,268970.4375,0.504000008,245.5930023,100.98
CUST_606222CFA471831EA79242666C219E47,PART_F846361051783347FEEA0BB027E5289C,3/16/2023,1,1,199978.39,4,67.32,35.228,32.092,18.96999931,1.149999976,114.3099976,269634.125,0.521000028,245.6470032,67.32
CUST_606222CFA471831EA79242666C219E47,PART_F846361051783347FEEA0BB027E5289C,4/7/2023,1,1,303176.76,20,336.6,176.14,160.46,19.11000061,1.148000002,113.9400024,270760.8125,0.549000025,245.8079987,336.6
CUST_606222CFA471831EA79242666C219E47,PART_F846361051783347FEEA0BB027E5289C,4/26/2023,1,1,349763.29,5,86.25,45.56,40.69,19.94000053,1.161999941,113.75,270592.3438,0.542999983,246.0099945,86.25
CUST_606222CFA471831EA79242666C219E47,PART_F846361051783347FEEA0BB027E5289C,5/12/2023,1,1,402721.82,26,448.5,228.982,219.518,20.05999947,1.159000039,113.8769989,270460.3438,0.538999975,246.326004,448.5
CUST_606222CFA471831EA79242666C219E47,PART_F846361051783347FEEA0BB027E5289C,5/18/2023,1,1,422508.37,0,0,0,0,20.04000092,1.156000018,113.973999,270412.5625,0.537999988,246.4700012,0
CUST_606222CFA471831EA79242666C219E47,PART_F846361051783347FEEA0BB027E5289C,5/30/2023,1,1,443999.57,2,34.5,17.614,16.886,19.98999977,1.148000002,114.1679993,270316.9375,0.535000026,246.7570038,34.5
CUST_606222CFA471831EA79242666C219E47,PART_F846361051783347FEEA0BB027E5289C,6/7/2023,1,1,465281.46,4,69,35.228,33.772,20.40999985,1.14199996,114.3799973,270413.4063,0.529999971,246.9790039,69
CUST_606222CFA471831EA79242666C219E47,PART_F846361051783347FEEA0BB027E5289C,6/8/2023,1,1,468790.93,16,276,140.912,135.088,20.46999931,1.141000032,114.4100037,270432.125,0.528999984,247.0079956,276
CUST_606222CFA471831EA79242666C219E47,PART_F846361051783347FEEA0BB027E5289C,6/9/2023,1,1,470457.82,25,431.25,220.175,211.075,20.53000069,1.139999986,114.4400024,270450.875,0.528999984,247.0370026,431.25
CUST_606222CFA471831EA79242666C219E47,PART_F846361051783347FEEA0BB027E5289C,6/27/2023,1,1,513306.17,20,345,176.14,168.86,21.61000061,1.125,114.9800034,270788.0625,0.513999999,247.5579987,345
CUST_606222CFA471831EA79242666C219E47,PART_F846361051783347FEEA0BB027E5289C,7/5/2023,1,1,533088.11,2,34.5,17.614,16.886,21.48999977,1.125,114.9580002,270912.8125,0.510999978,247.6750031,34.5
CUST_606222CFA471831EA79242666C219E47,PART_F846361051783347FEEA0BB027E5289C,8/2/2023,1,1,592701.27,8,151.28,70.456,69.704,19.94000053,1.144000053,114.0029984,271201.3125,0.513999999,247.697998,140.16
CUST_606222CFA471831EA79242666C219E47,PART_F846361051783347FEEA0BB027E5289C,8/10/2023,1,1,614740.19,20,378.2,176.14,174.26,19.98999977,1.149000049,114.0289993,270819.9063,0.512000024,247.8110046,350.4
CUST_606222CFA471831EA79242666C219E47,PART_F846361051783347FEEA0BB027E5289C,8/15/2023,1,1,630173.44,5,94.55,44.035,43.565,20.02000046,1.15199995,114.0449982,270581.5313,0.510999978,247.8809967,87.6
CUST_606222CFA471831EA79242666C219E47,PART_F846361051783347FEEA0BB027E5289C,8/16/2023,1,1,634760.3,6,113.46,52.842,52.278,20.02000046,1.152999997,114.0479965,270533.8438,0.510999978,247.8950043,105.12
CUST_606222CFA471831EA79242666C219E47,PART_F846361051783347FEEA0BB027E5289C,11/6/2023,1,1,851367.11,25,472.75,220.175,211.075,21.02000046,1.090999961,114.0830002,270626,0.476000011,248.3049927,431.25
CUST_606222CFA471831EA79242666C219E47,PART_F846361051783347FEEA0BB027E5289C,11/21/2023,1,1,891301.68,7,132.37,61.649,59.101,21,1.082999945,115.2330017,270533,0.48300001,248.3699951,120.75
CUST_606222CFA471831EA79242666C219E47,PART_F846361051783347FEEA0BB027E5289C,5/3/2024,1,1,959027.53,6,94.68,52.842,41.838,23.55999947,1.097000003,114.8349991,274490.25,0.47299999,249.4129944,94.68
CUST_606222CFA471831EA79242666C219E47,PART_F846361051783347FEEA0BB027E5289C,7/15/2024,1,1,970126.3,5,77.35,43.175,34.175,20.57999992,1.11500001,113.9609985,273802.0625,0.495000005,249.4470062,77.35
CUST_606222CFA471831EA79242666C219E47,PART_F846361051783347FEEA0BB027E5289C,2/18/2025,1,1,1037006.29,5,112.45,43.175,34.175,22.88999939,1.05400002,113.7180023,276160.4063,0.453000009,253.897995,77.35
CUST_606222CFA471831EA79242666C219E47,PART_F846361051783347FEEA0BB027E5289C,2/21/2025,1,1,1037857.12,5,112.45,43.175,34.175,22.88999939,1.05400002,113.685997,276457.2813,0.455000013,253.9819946,77.35
CUST_606222CFA471831EA79242666C219E47,PART_F846361051783347FEEA0BB027E5289C,3/3/2025,1,1,1021219.01,4,89.96,34.54,27.34,22.90999985,1.05400002,113.612999,277302.1563,0.458000004,254.2089996,61.88
CUST_606222CFA471831EA79242666C219E47,PART_F846361051783347FEEA0BB027E5289C,6/9/2025,1,1,1051342.16,4,89.96,41.812,48.148,37.06999969,1.047000051,113.5130005,276727.5313,0.444999993,254.3320007,89.96
CUST_606222CFA471831EA79242666C219E47,PART_F846361051783347FEEA0BB027E5289C,8/13/2025,1,1,1066784,6,134.34,59.082,44.658,24.22999954,1.02699995,114.473999,277816.25,0.393000007,255.4190063,103.74
CUST_606222CFA471831EA79242666C219E47,PART_F846361051783347FEEA0BB027E5289C,8/27/2025,1,1,1083783.76,6,134.34,59.082,44.658,24.31999969,1.037999988,113.9769974,278059.2188,0.386000007,255.9980011,103.74
CUST_606222CFA471831EA79242666C219E47,PART_F846361051783347FEEA0BB027E5289C,9/18/2025,1,1,1101291.77,6,134.34,59.082,44.658,24.43000031,1.01699996,112.8929977,277862.0938,0.35800001,256.2049866,103.74
CUST_606222CFA471831EA79242666C219E47,PART_A275DACB776C28E5F2260A3C3583F6B1,9/10/2024,1,0,981639.35,5,24.5,9.625,14.875,0,1.095999956,113.3700027,274042.5,0.474999994,252.5859985,24.5
CUST_606222CFA471831EA79242666C219E47,PART_26833137ECA6E727C0ED32EFAEC82997,1/5/2023,1,0,11436.21,34,223.04,82.178,61.642,0,1.129999995,116.8130035,275148.2813,0.505999982,244.3480072,143.82
CUST_606222CFA471831EA79242666C219E47,PART_26833137ECA6E727C0ED32EFAEC82997,1/6/2023,1,0,14898.62,6,39.36,14.502,10.878,0,1.131000042,116.8160019,274991.625,0.507000029,244.3919983,25.38
CUST_606222CFA471831EA79242666C219E47,PART_26833137ECA6E727C0ED32EFAEC82997,1/12/2023,1,0,27708.91,6,39.36,14.502,10.878,0,1.139000058,116.8349991,274051.5625,0.50999999,244.6589966,25.38
CUST_606222CFA471831EA79242666C219E47,PART_26833137ECA6E727C0ED32EFAEC82997,1/27/2023,1,0,78766.01,12,63.24,29.004,21.756,0,1.159999967,116.8840027,271701.375,0.518000007,245.3249969,50.76
CUST_606222CFA471831EA79242666C219E47,PART_26833137ECA6E727C0ED32EFAEC82997,2/3/2023,1,0,88106.08,40,210.8,96.68,72.52,0,1.166000009,116.7360001,270747.2813,0.518999994,245.5480042,169.2
CUST_606222CFA471831EA79242666C219E47,PART_26833137ECA6E727C0ED32EFAEC82997,2/13/2023,1,0,115962.95,20,105.4,48.34,36.26,0,1.161999941,115.9140015,269893.7188,0.509000003,245.5509949,84.6
CUST_606222CFA471831EA79242666C219E47,PART_26833137ECA6E727C0ED32EFAEC82997,2/21/2023,1,0,138645.71,40,210.8,96.68,72.52,0,1.157999992,115.2570038,269210.8438,0.500999987,245.5540009,169.2
CUST_606222CFA471831EA79242666C219E47,PART_26833137ECA6E727C0ED32EFAEC82997,2/22/2023,1,0,141303.87,10,52.7,24.17,18.13,0,1.157999992,115.1750031,269125.5,0.5,245.5549927,42.3
CUST_606222CFA471831EA79242666C219E47,PART_26833137ECA6E727C0ED32EFAEC82997,3/2/2023,1,0,162581.71,20,105.4,48.34,37.86,0,1.154999971,114.5810013,268601.75,0.495000005,245.5630035,86.2
CUST_606222CFA471831EA79242666C219E47,PART_26833137ECA6E727C0ED32EFAEC82997,3/7/2023,1,0,172082.55,24,126.48,58.008,45.432,0,1.152999997,114.4840012,268970.4375,0.504000008,245.5930023,103.44
CUST_606222CFA471831EA79242666C219E47,PART_26833137ECA6E727C0ED32EFAEC82997,3/10/2023,1,0,185484.7,30,158.1,72.51,56.79,0,1.15199995,114.4260025,269191.6875,0.50999999,245.6109924,129.3
CUST_606222CFA471831EA79242666C219E47,PART_26833137ECA6E727C0ED32EFAEC82997,3/14/2023,1,0,190374.06,20,105.4,48.34,37.86,0,1.149999976,114.3479996,269486.6563,0.51700002,245.6349945,86.2
CUST_606222CFA471831EA79242666C219E47,PART_26833137ECA6E727C0ED32EFAEC82997,4/3/2023,1,0,288651.76,35,184.45,84.595,66.255,0,1.144999981,113.9800034,270796.2813,0.550000012,245.7649994,150.85
CUST_606222CFA471831EA79242666C219E47,PART_26833137ECA6E727C0ED32EFAEC82997,4/11/2023,1,0,314623.95,18,100.08,43.506,34.074,0,1.151000023,113.9000015,270725.3438,0.547999978,245.8500061,77.58
CUST_606222CFA471831EA79242666C219E47,PART_26833137ECA6E727C0ED32EFAEC82997,4/12/2023,1,0,317724.18,30,166.8,72.51,56.79,0,1.15199995,113.8899994,270716.4688,0.546999991,245.8609924,129.3
CUST_606222CFA471831EA79242666C219E47,PART_26833137ECA6E727C0ED32EFAEC82997,4/25/2023,1,0,348582.86,20,100.8,51.42,34.78,0,1.161999941,113.7600021,270601.1875,0.542999983,245.9989929,86.2
CUST_606222CFA471831EA79242666C219E47,PART_26833137ECA6E727C0ED32EFAEC82997,4/26/2023,1,0,349763.29,10,50.4,25.71,17.39,0,1.161999941,113.75,270592.3438,0.542999983,246.0099945,43.1
CUST_606222CFA471831EA79242666C219E47,PART_26833137ECA6E727C0ED32EFAEC82997,4/28/2023,1,0,355473.73,10,50.4,25.71,17.39,0,1.164000034,113.7300034,270574.5938,0.541999996,246.0310059,43.1
CUST_606222CFA471831EA79242666C219E47,PART_26833137ECA6E727C0ED32EFAEC82997,5/2/2023,1,0,368807.39,4,20.16,10.284,6.956,0,1.164999962,113.7160034,270540.0313,0.541000009,246.0870056,17.24
CUST_606222CFA471831EA79242666C219E47,PART_26833137ECA6E727C0ED32EFAEC82997,5/4/2023,1,0,377153.33,40,201.6,102.84,69.56,0,1.164000034,113.7480011,270524.0938,0.540000021,246.1349945,172.4
CUST_606222CFA471831EA79242666C219E47,PART_26833137ECA6E727C0ED32EFAEC82997,5/10/2023,1,0,394099.49,20,100.8,51.42,34.78,0,1.159999967,113.8450012,270476.2813,0.538999975,246.2779999,86.2
CUST_606222CFA471831EA79242666C219E47,PART_26833137ECA6E727C0ED32EFAEC82997,5/11/2023,1,0,400387.01,29,146.16,74.559,50.431,0,1.159999967,113.8610001,270468.3125,0.538999975,246.302002,124.99
CUST_606222CFA471831EA79242666C219E47,PART_26833137ECA6E727C0ED32EFAEC82997,5/12/2023,1,0,402721.82,54,272.16,138.834,93.906,0,1.159000039,113.8769989,270460.3438,0.538999975,246.326004,232.74
CUST_606222CFA471831EA79242666C219E47,PART_26833137ECA6E727C0ED32EFAEC82997,5/18/2023,1,0,422508.37,0,0,0,0,0,1.156000018,113.973999,270412.5625,0.537999988,246.4700012,0
CUST_606222CFA471831EA79242666C219E47,PART_26833137ECA6E727C0ED32EFAEC82997,5/25/2023,1,0,437457.89,20,100.8,51.42,34.78,0,1.151000023,114.086998,270356.7813,0.536000013,246.6369934,86.2
CUST_606222CFA471831EA79242666C219E47,PART_26833137ECA6E727C0ED32EFAEC82997,6/2/2023,1,0,455041.81,30,151.2,77.13,52.17,0,1.146000028,114.2300034,270319.7188,0.533999979,246.8339996,129.3
CUST_606222CFA471831EA79242666C219E47,PART_26833137ECA6E727C0ED32EFAEC82997,6/8/2023,1,0,468790.93,10,50.4,25.71,17.39,0,1.141000032,114.4100037,270432.125,0.528999984,247.0079956,43.1
CUST_606222CFA471831EA79242666C219E47,PART_26833137ECA6E727C0ED32EFAEC82997,6/9/2023,1,0,470457.82,20,100.8,51.42,34.78,0,1.139999986,114.4400024,270450.875,0.528999984,247.0370026,86.2
CUST_606222CFA471831EA79242666C219E47,PART_26833137ECA6E727C0ED32EFAEC82997,6/12/2023,1,0,476647.81,40,201.6,102.84,69.56,0,1.138000011,114.5299988,270507.0625,0.526000023,247.1239929,172.4
CUST_606222CFA471831EA79242666C219E47,PART_26833137ECA6E727C0ED32EFAEC82997,6/22/2023,1,0,503818.87,30,151.2,77.13,52.17,0,1.129999995,114.8300018,270694.4063,0.518000007,247.4129944,129.3
CUST_606222CFA471831EA79242666C219E47,PART_26833137ECA6E727C0ED32EFAEC82997,6/27/2023,1,0,513306.17,30,151.2,77.13,52.17,0,1.125,114.9800034,270788.0625,0.513999999,247.5579987,129.3
CUST_606222CFA471831EA79242666C219E47,PART_26833137ECA6E727C0ED32EFAEC82997,7/11/2023,1,0,541748.5,42,211.68,107.982,73.038,0,1.128999949,114.7450027,270987.5313,0.512000024,247.677002,181.02
CUST_606222CFA471831EA79242666C219E47,PART_26833137ECA6E727C0ED32EFAEC82997,7/13/2023,1,0,549004.4,10,50.4,25.71,17.39,0,1.129999995,114.6740036,271012.4063,0.512000024,247.6779938,43.1
CUST_606222CFA471831EA79242666C219E47,PART_26833137ECA6E727C0ED32EFAEC82997,7/20/2023,1,0,564848.01,10,50.4,25.71,17.39,0,1.13499999,114.4260025,271099.5938,0.513000011,247.6799927,43.1
CUST_606222CFA471831EA79242666C219E47,PART_26833137ECA6E727C0ED32EFAEC82997,7/27/2023,1,0,582752.08,30,151.2,77.13,52.17,0,1.139999986,114.177002,271186.75,0.513999999,247.6820068,129.3
CUST_606222CFA471831EA79242666C219E47,PART_26833137ECA6E727C0ED32EFAEC82997,8/1/2023,1,0,590264.59,30,151.2,77.13,52.17,0,1.143000007,114,271249,0.513999999,247.6840057,129.3
CUST_606222CFA471831EA79242666C219E47,PART_26833137ECA6E727C0ED32EFAEC82997,8/11/2023,1,0,616525.18,40,201.6,102.84,69.56,0,1.149000049,114.0319977,270772.2188,0.512000024,247.8249969,172.4
CUST_606222CFA471831EA79242666C219E47,PART_26833137ECA6E727C0ED32EFAEC82997,8/16/2023,1,0,634760.3,24,120.96,61.704,41.736,0,1.152999997,114.0479965,270533.8438,0.510999978,247.8950043,103.44
CUST_606222CFA471831EA79242666C219E47,PART_26833137ECA6E727C0ED32EFAEC82997,8/18/2023,1,0,646677.64,20,100.8,51.42,34.78,0,1.154000044,114.0550003,270438.4688,0.50999999,247.9230042,86.2
CUST_606222CFA471831EA79242666C219E47,PART_26833137ECA6E727C0ED32EFAEC82997,8/21/2023,1,0,652750.92,-22,-110.88,-56.562,-38.258,0,1.156000018,114.0650024,270295.4375,0.509000003,247.9649963,-94.82
CUST_606222CFA471831EA79242666C219E47,PART_26833137ECA6E727C0ED32EFAEC82997,8/23/2023,1,0,660012.4,4,20.16,10.284,6.956,0,1.156999946,114.0709991,270200.0938,0.509000003,247.9929962,17.24
CUST_606222CFA471831EA79242666C219E47,PART_26833137ECA6E727C0ED32EFAEC82997,9/5/2023,1,0,688039.66,0,0,0,0,0,1.156000018,114.1269989,269639.2813,0.501999974,248.128006,0
CUST_606222CFA471831EA79242666C219E47,PART_26833137ECA6E727C0ED32EFAEC82997,9/6/2023,1,0,690343.37,20,100.8,51.42,40.38,0,1.154000044,114.1330032,269606.3438,0.500999987,248.1300049,91.8
CUST_606222CFA471831EA79242666C219E47,PART_26833137ECA6E727C0ED32EFAEC82997,9/7/2023,1,0,692496.84,10,50.4,25.71,20.19,0,1.15199995,114.1399994,269573.4063,0.499000013,248.1320038,45.9
CUST_606222CFA471831EA79242666C219E47,PART_26833137ECA6E727C0ED32EFAEC82997,9/11/2023,1,0,694699.66,20,100.8,51.42,40.38,0,1.144999981,114.1669998,269441.6563,0.493999988,248.1390076,91.8
CUST_606222CFA471831EA79242666C219E47,PART_26833137ECA6E727C0ED32EFAEC82997,9/23/2023,1,0,736663.92,10,50.4,25.71,20.19,0,1.123000026,114.2470016,269046.4688,0.479000002,248.1629944,45.9
CUST_606222CFA471831EA79242666C219E47,PART_26833137ECA6E727C0ED32EFAEC82997,9/28/2023,1,0,746525.1,24,120.96,61.704,48.456,0,1.113999963,114.2799988,268881.8125,0.47299999,248.1719971,110.16
CUST_606222CFA471831EA79242666C219E47,PART_26833137ECA6E727C0ED32EFAEC82997,9/29/2023,1,0,753581.55,4,20.16,10.284,8.076,0,1.111999989,114.2870026,268848.875,0.472000003,248.173996,18.36
CUST_606222CFA471831EA79242666C219E47,PART_26833137ECA6E727C0ED32EFAEC82997,10/9/2023,1,0,784712.7,20,100.8,51.42,40.38,0,1.103999972,114.1449966,269266.625,0.469999999,248.2050018,91.8
CUST_606222CFA471831EA79242666C219E47,PART_26833137ECA6E727C0ED32EFAEC82997,10/11/2023,1,0,792723.66,6,30.24,15.426,12.114,0,1.103000045,114.1060028,269387.5313,0.470999986,248.2120056,27.54
CUST_606222CFA471831EA79242666C219E47,PART_26833137ECA6E727C0ED32EFAEC82997,10/17/2023,1,0,806275.41,5,25.2,12.855,10.095,0,1.100999951,113.9899979,269750.2188,0.472000003,248.2319946,22.95
CUST_606222CFA471831EA79242666C219E47,PART_26833137ECA6E727C0ED32EFAEC82997,11/1/2023,1,0,838606.8,10,50.4,25.71,20.19,0,1.093999982,113.6999969,270657,0.474000007,248.2830048,45.9
CUST_606222CFA471831EA79242666C219E47,PART_26833137ECA6E727C0ED32EFAEC82997,11/6/2023,1,0,851367.11,20,100.8,51.42,40.38,0,1.090999961,114.0830002,270626,0.476000011,248.3049927,91.8
CUST_606222CFA471831EA79242666C219E47,PART_26833137ECA6E727C0ED32EFAEC82997,11/7/2023,1,0,858444.9,17,85.68,43.707,34.323,0,1.090999961,114.1600037,270619.8125,0.476999998,248.3090057,78.03
CUST_606222CFA471831EA79242666C219E47,PART_26833137ECA6E727C0ED32EFAEC82997,11/8/2023,1,0,861695.42,30,151.2,77.13,60.57,0,1.090000033,114.2369995,270613.5938,0.476999998,248.3130035,137.7
CUST_606222CFA471831EA79242666C219E47,PART_26833137ECA6E727C0ED32EFAEC82997,11/14/2023,1,0,874648.35,10,50.4,25.71,20.19,0,1.087000012,114.6969986,270576.4063,0.479999989,248.3390045,45.9
CUST_606222CFA471831EA79242666C219E47,PART_26833137ECA6E727C0ED32EFAEC82997,11/16/2023,1,0,881546.36,20,100.8,51.42,40.38,0,1.085999966,114.8499985,270564,0.481000006,248.3480072,91.8
CUST_606222CFA471831EA79242666C219E47,PART_26833137ECA6E727C0ED32EFAEC82997,11/20/2023,1,0,889136.89,10,50.4,25.71,20.19,0,1.082999945,115.1569977,270539.1875,0.481999993,248.3650055,45.9
CUST_606222CFA471831EA79242666C219E47,PART_26833137ECA6E727C0ED32EFAEC82997,11/27/2023,1,0,906064.25,30,151.2,77.13,60.57,0,1.078999996,115.6930008,270495.8125,0.485000014,248.3959961,137.7
CUST_606222CFA471831EA79242666C219E47,PART_26833137ECA6E727C0ED32EFAEC82997,11/28/2023,1,0,910260.61,10,50.4,20.81,25.09,0,1.078999996,115.7699966,270489.5938,0.486000001,248.3999939,45.9
CUST_606222CFA471831EA79242666C219E47,PART_26833137ECA6E727C0ED32EFAEC82997,12/11/2023,1,0,943044.4,10,50.4,20.81,25.09,0,1.065000057,114.5810013,271195.5313,0.488999993,248.8849945,45.9
CUST_606222CFA471831EA79242666C219E47,PART_26833137ECA6E727C0ED32EFAEC82997,12/22/2023,1,0,976591.12,10,50.4,20.81,25.09,0,1.050999999,113.0189972,271992.4688,0.490999997,249.404007,45.9
CUST_606222CFA471831EA79242666C219E47,PART_26833137ECA6E727C0ED32EFAEC82997,12/28/2023,1,0,983746.74,10,50.4,20.81,25.09,0,1.04400003,112.1679993,272427.1875,0.492000014,249.6869965,45.9
CUST_606222CFA471831EA79242666C219E47,PART_26833137ECA6E727C0ED32EFAEC82997,1/3/2024,1,0,994166.75,20,78.4,48.6,43.2,0,1.04400003,111.7549973,273029.375,0.493000001,249.8769989,91.8
CUST_606222CFA471831EA79242666C219E47,PART_26833137ECA6E727C0ED32EFAEC82997,1/11/2024,1,0,991796.73,32,156.8,77.76,69.12,0,1.06400001,112.3740005,274278.9375,0.493999988,249.8820038,146.88
CUST_606222CFA471831EA79242666C219E47,PART_26833137ECA6E727C0ED32EFAEC82997,1/18/2024,1,0,996717.91,50,245,121.5,108,0,1.08099997,112.9160004,275372.2813,0.495000005,249.8860016,229.5
CUST_606222CFA471831EA79242666C219E47,PART_26833137ECA6E727C0ED32EFAEC82997,1/22/2024,1,0,987517.72,8,39.2,19.44,17.28,0,1.090000033,113.2259979,275997.0625,0.495000005,249.8880005,36.72
CUST_606222CFA471831EA79242666C219E47,PART_26833137ECA6E727C0ED32EFAEC82997,1/24/2024,1,0,998776.99,20,98,48.6,43.2,0,1.095000029,113.3809967,276309.4375,0.495000005,249.8890076,91.8
CUST_606222CFA471831EA79242666C219E47,PART_26833137ECA6E727C0ED32EFAEC82997,1/25/2024,1,0,995657.13,2,9.8,4.86,4.32,0,1.09800005,113.4580002,276465.6563,0.495000005,249.8899994,9.18
CUST_606222CFA471831EA79242666C219E47,PART_26833137ECA6E727C0ED32EFAEC82997,2/1/2024,1,0,999292.34,20,98,48.6,43.2,0,1.11500001,114,277559,0.495999992,249.8939972,91.8
CUST_606222CFA471831EA79242666C219E47,PART_26833137ECA6E727C0ED32EFAEC82997,2/6/2024,1,0,1002256.75,10,49,24.3,21.6,0,1.11500001,113.8450012,276848.3125,0.493999988,249.8999939,45.9
CUST_606222CFA471831EA79242666C219E47,PART_26833137ECA6E727C0ED32EFAEC82997,2/7/2024,1,0,995710.76,20,98,48.6,43.2,0,1.11500001,113.814003,276706.1875,0.493000001,249.901001,91.8
CUST_606222CFA471831EA79242666C219E47,PART_26833137ECA6E727C0ED32EFAEC82997,2/8/2024,1,0,992839.62,30,147,72.9,64.8,0,1.11500001,113.7829971,276564.0313,0.493000001,249.9019928,137.7
CUST_606222CFA471831EA79242666C219E47,PART_26833137ECA6E727C0ED32EFAEC82997,2/12/2024,1,0,996704.72,20,98,48.6,43.2,0,1.113999963,113.6589966,275995.4688,0.490999997,249.9069977,91.8
CUST_606222CFA471831EA79242666C219E47,PART_26833137ECA6E727C0ED32EFAEC82997,2/13/2024,1,0,1001140.49,10,49,24.3,21.6,0,1.113999963,113.6279984,275853.3438,0.49000001,249.9080048,45.9
CUST_606222CFA471831EA79242666C219E47,PART_26833137ECA6E727C0ED32EFAEC82997,2/21/2024,1,0,1004404.09,10,49,24.3,14.9,0,1.113999963,113.3789978,274716.25,0.486000001,249.9170074,39.2
CUST_606222CFA471831EA79242666C219E47,PART_26833137ECA6E727C0ED32EFAEC82997,2/28/2024,1,0,1017737.74,4,19.6,9.72,5.96,0,1.113000035,113.1620026,273721.2813,0.48300001,249.9259949,15.68
CUST_606222CFA471831EA79242666C219E47,PART_26833137ECA6E727C0ED32EFAEC82997,3/21/2024,1,0,1017463.53,12,58.8,29.16,17.88,0,1.103000045,113.0999985,274082.8125,0.481000006,249.9620056,47.04
CUST_606222CFA471831EA79242666C219E47,PART_26833137ECA6E727C0ED32EFAEC82997,3/27/2024,1,0,1018243.72,24,117.6,58.32,35.76,0,1.100000024,113.0999985,274276.5625,0.479999989,249.9720001,94.08
CUST_606222CFA471831EA79242666C219E47,PART_26833137ECA6E727C0ED32EFAEC82997,3/28/2024,1,0,975288.05,30,147,72.9,44.7,0,1.100000024,113.0999985,274308.8438,0.479999989,249.9730072,117.6
CUST_606222CFA471831EA79242666C219E47,PART_26833137ECA6E727C0ED32EFAEC82997,3/29/2024,1,0,977683.22,16,78.4,38.88,23.84,0,1.098999977,113.0999985,274341.125,0.479999989,249.9750061,62.72
CUST_606222CFA471831EA79242666C219E47,PART_26833137ECA6E727C0ED32EFAEC82997,4/3/2024,1,0,977477.44,20,98,48.6,29.8,0,1.09800005,113.2200012,274442.5313,0.479999989,249.9420013,78.4
CUST_606222CFA471831EA79242666C219E47,PART_26833137ECA6E727C0ED32EFAEC82997,4/6/2024,1,0,976603.93,10,49,24.3,14.9,0,1.09800005,113.4000015,274449.3438,0.479000002,249.8849945,39.2
CUST_606222CFA471831EA79242666C219E47,PART_26833137ECA6E727C0ED32EFAEC82997,5/1/2024,1,0,960284.59,30,147,72.9,44.7,0,1.09800005,114.9000015,274506,0.47299999,249.4120026,117.6
CUST_606222CFA471831EA79242666C219E47,PART_26833137ECA6E727C0ED32EFAEC82997,5/7/2024,1,0,957187.83,45,220.5,109.35,67.05,0,1.093999982,114.7060013,274458.7813,0.472000003,249.4149933,176.4
CUST_606222CFA471831EA79242666C219E47,PART_26833137ECA6E727C0ED32EFAEC82997,5/9/2024,1,0,952741.55,10,49,24.3,14.9,0,1.093000054,114.6419983,274443.0313,0.470999986,249.4160004,39.2
CUST_606222CFA471831EA79242666C219E47,PART_26833137ECA6E727C0ED32EFAEC82997,5/13/2024,1,0,943839.91,10,49,24.3,14.9,0,1.090000033,114.5130005,274411.5625,0.469999999,249.4170074,39.2
CUST_606222CFA471831EA79242666C219E47,PART_26833137ECA6E727C0ED32EFAEC82997,5/20/2024,1,0,944124.83,10,49,24.3,14.9,0,1.085999966,114.2870026,274356.4375,0.469000012,249.4210052,39.2
CUST_606222CFA471831EA79242666C219E47,PART_26833137ECA6E727C0ED32EFAEC82997,5/28/2024,1,0,936832.31,30,147,72.9,44.7,0,1.08099997,114.0289993,274293.4688,0.467000008,249.423996,117.6
CUST_606222CFA471831EA79242666C219E47,PART_26833137ECA6E727C0ED32EFAEC82997,5/29/2024,1,0,942836.08,10,49,24.3,14.9,0,1.080000043,113.9970016,274285.625,0.467000008,249.4250031,39.2
CUST_606222CFA471831EA79242666C219E47,PART_26833137ECA6E727C0ED32EFAEC82997,6/4/2024,1,0,947883.56,20,98,48.6,29.8,0,1.08099997,113.8700027,274173.5938,0.469000012,249.4279938,78.4
CUST_606222CFA471831EA79242666C219E47,PART_26833137ECA6E727C0ED32EFAEC82997,6/6/2024,1,0,952568.91,30,147,72.9,44.7,0,1.082999945,113.8499985,274114.6563,0.470999986,249.4290009,117.6
CUST_606222CFA471831EA79242666C219E47,PART_26833137ECA6E727C0ED32EFAEC82997,6/24/2024,1,0,953236.48,10,49,24.3,14.9,0,1.103000045,113.6699982,273584.2813,0.488000005,249.4380035,39.2
CUST_606222CFA471831EA79242666C219E47,PART_26833137ECA6E727C0ED32EFAEC82997,6/28/2024,1,0,968111.69,35,171.5,85.05,52.15,0,1.106999993,113.6299973,273466.4063,0.492000014,249.4400024,137.2
CUST_606222CFA471831EA79242666C219E47,PART_26833137ECA6E727C0ED32EFAEC82997,7/1/2024,1,0,965568.05,40,196,97.2,59.6,0,1.110000014,113.5999985,273378,0.495000005,249.4420013,156.8
CUST_606222CFA471831EA79242666C219E47,PART_26833137ECA6E727C0ED32EFAEC82997,7/2/2024,1,0,970213.16,20,98,48.6,29.8,0,1.110000014,113.6259995,273408.2813,0.495000005,249.4420013,78.4
CUST_606222CFA471831EA79242666C219E47,PART_26833137ECA6E727C0ED32EFAEC82997,7/10/2024,1,0,977730.91,10,49,24.3,14.9,0,1.113000035,113.8320007,273650.625,0.495000005,249.4450073,39.2
CUST_606222CFA471831EA79242666C219E47,PART_26833137ECA6E727C0ED32EFAEC82997,7/12/2024,1,0,975073.99,7,34.3,17.01,10.43,0,1.113999963,113.8840027,273711.1875,0.495000005,249.4459991,27.44
CUST_606222CFA471831EA79242666C219E47,PART_26833137ECA6E727C0ED32EFAEC82997,7/15/2024,1,0,970126.3,20,98,48.6,29.8,0,1.11500001,113.9609985,273802.0625,0.495000005,249.4470062,78.4
CUST_606222CFA471831EA79242666C219E47,PART_26833137ECA6E727C0ED32EFAEC82997,7/17/2024,1,0,977152.4,10,49,24.3,14.9,0,1.116000056,114.0130005,273862.6563,0.493999988,249.447998,39.2
CUST_606222CFA471831EA79242666C219E47,PART_26833137ECA6E727C0ED32EFAEC82997,7/22/2024,1,0,971651.61,10,49,24.3,14.9,0,1.116999984,114.1419983,274014.0938,0.493999988,249.4490051,39.2
CUST_606222CFA471831EA79242666C219E47,PART_26833137ECA6E727C0ED32EFAEC82997,7/25/2024,1,0,976627.71,40,196,97.2,59.6,0,1.118999958,114.2190018,274104.9688,0.493999988,249.451004,156.8
CUST_606222CFA471831EA79242666C219E47,PART_26833137ECA6E727C0ED32EFAEC82997,7/31/2024,1,0,978769.53,18,88.2,43.74,26.82,0,1.121000051,114.3740005,274286.7188,0.493999988,249.4530029,70.56
CUST_606222CFA471831EA79242666C219E47,PART_26833137ECA6E727C0ED32EFAEC82997,8/2/2024,1,0,987504.48,44,215.6,106.92,65.56,0,1.120000005,114.3580017,274279.3438,0.493999988,249.5540009,172.48
CUST_606222CFA471831EA79242666C219E47,PART_26833137ECA6E727C0ED32EFAEC82997,8/5/2024,1,0,982108.26,20,98,48.6,29.8,0,1.118999958,114.2320023,274166.4063,0.492000014,249.8569946,78.4
CUST_606222CFA471831EA79242666C219E47,PART_26833137ECA6E727C0ED32EFAEC82997,8/15/2024,1,0,979902.31,4,19.6,9.72,5.96,0,1.111999989,113.8130035,273789.9688,0.488000005,250.8679962,15.68
CUST_606222CFA471831EA79242666C219E47,PART_26833137ECA6E727C0ED32EFAEC82997,8/16/2024,1,0,972321.91,24,117.6,58.32,35.76,0,1.111999989,113.7710037,273752.3125,0.486999989,250.9689941,94.08
CUST_606222CFA471831EA79242666C219E47,PART_26833137ECA6E727C0ED32EFAEC82997,8/19/2024,1,0,971200.2,19,93.1,46.17,28.31,0,1.110000014,113.6449966,273639.375,0.486000001,251.2720032,74.48
CUST_606222CFA471831EA79242666C219E47,PART_26833137ECA6E727C0ED32EFAEC82997,8/21/2024,1,0,969627.74,20,98,48.6,29.8,0,1.108999968,113.560997,273564.0938,0.485000014,251.473999,78.4
CUST_606222CFA471831EA79242666C219E47,PART_26833137ECA6E727C0ED32EFAEC82997,8/22/2024,1,0,969738.05,10,49,24.3,14.9,0,1.10800004,113.5189972,273526.4375,0.485000014,251.5749969,39.2
CUST_606222CFA471831EA79242666C219E47,PART_26833137ECA6E727C0ED32EFAEC82997,8/23/2024,1,0,968770.67,30,147,72.9,44.7,0,1.10800004,113.4769974,273488.8125,0.483999997,251.6759949,117.6
CUST_606222CFA471831EA79242666C219E47,PART_26833137ECA6E727C0ED32EFAEC82997,8/26/2024,1,0,966999.09,20,98,48.6,29.8,0,1.105999947,113.3519974,273375.875,0.48300001,251.9799957,78.4
CUST_606222CFA471831EA79242666C219E47,PART_26833137ECA6E727C0ED32EFAEC82997,9/6/2024,1,0,976653.45,20,98,48.6,29.8,0,1.098999977,113.25,273645.8438,0.476999998,252.5859985,78.4
CUST_606222CFA471831EA79242666C219E47,PART_26833137ECA6E727C0ED32EFAEC82997,9/11/2024,1,0,978085.23,25,122.5,60.75,37.25,0,1.095000029,113.4000015,274141.6563,0.474999994,252.5859985,98
CUST_606222CFA471831EA79242666C219E47,PART_26833137ECA6E727C0ED32EFAEC82997,9/12/2024,1,0,979370.71,30,147,72.9,44.7,0,1.093999982,113.4300003,274240.8438,0.474000007,252.5859985,117.6
CUST_606222CFA471831EA79242666C219E47,PART_26833137ECA6E727C0ED32EFAEC82997,9/17/2024,1,0,975290.99,16,97.44,38.88,23.84,0,1.090999961,113.5800018,274736.6563,0.470999986,252.5859985,62.72
CUST_606222CFA471831EA79242666C219E47,PART_26833137ECA6E727C0ED32EFAEC82997,9/19/2024,1,0,971327.51,24,122.36,58.32,35.76,0,1.088999987,113.6399994,274935,0.469999999,252.5859985,94.08
CUST_606222CFA471831EA79242666C219E47,PART_26833137ECA6E727C0ED32EFAEC82997,10/9/2024,1,0,977985.02,10,49,24.3,14.9,0,1.082000017,113.7419968,275684.2188,0.470999986,252.595993,39.2
CUST_606222CFA471831EA79242666C219E47,PART_26833137ECA6E727C0ED32EFAEC82997,10/11/2024,1,0,982491.91,10,49,24.3,14.9,0,1.082999945,113.677002,275574.0313,0.47299999,252.598999,39.2
CUST_606222CFA471831EA79242666C219E47,PART_26833137ECA6E727C0ED32EFAEC82997,10/14/2024,1,0,978339.56,10,49,24.3,14.9,0,1.082999945,113.5810013,275408.75,0.474999994,252.6029968,39.2
CUST_606222CFA471831EA79242666C219E47,PART_26833137ECA6E727C0ED32EFAEC82997,10/19/2024,1,0,995936.35,20,98.018,48.6,29.8,0,1.083999991,113.4189987,275133.25,0.479999989,252.6089935,78.4
CUST_606222CFA471831EA79242666C219E47,PART_26833137ECA6E727C0ED32EFAEC82997,10/23/2024,1,0,999090.71,20,98,48.6,29.8,0,1.085000038,113.2900009,274912.875,0.48300001,252.6139984,78.4
CUST_606222CFA471831EA79242666C219E47,PART_26833137ECA6E727C0ED32EFAEC82997,10/28/2024,1,0,998178.97,5,24.5,12.15,7.45,0,1.085000038,113.1289978,274637.375,0.488000005,252.6210022,19.6
CUST_606222CFA471831EA79242666C219E47,PART_26833137ECA6E727C0ED32EFAEC82997,11/4/2024,1,0,989190.65,15,73.53,36.45,22.35,0,1.077999949,112.9599991,274587.4063,0.488000005,252.6399994,58.8
CUST_606222CFA471831EA79242666C219E47,PART_26833137ECA6E727C0ED32EFAEC82997,11/5/2024,1,0,998481.25,20,98,48.6,29.8,0,1.075000048,112.9469986,274644.1875,0.486999989,252.6439972,78.4
CUST_606222CFA471831EA79242666C219E47,PART_26833137ECA6E727C0ED32EFAEC82997,11/11/2024,1,0,994665.86,40,196,97.2,59.6,0,1.059999943,112.8669968,274985,0.481000006,252.6710052,156.8
CUST_606222CFA471831EA79242666C219E47,PART_26833137ECA6E727C0ED32EFAEC82997,11/14/2024,1,0,998592.57,30,147,72.9,44.7,0,1.052000046,112.8270035,275155.4063,0.477999985,252.6849976,117.6
CUST_606222CFA471831EA79242666C219E47,PART_26833137ECA6E727C0ED32EFAEC82997,11/15/2024,1,0,999212.28,20,98,48.6,29.8,0,1.049000025,112.8130035,275212.1875,0.476999998,252.6889954,78.4
CUST_606222CFA471831EA79242666C219E47,PART_26833137ECA6E727C0ED32EFAEC82997,11/20/2024,1,0,1000008.02,56,274.4,136.08,83.44,0,1.036000013,112.7470016,275496.1875,0.472000003,252.7120056,219.52
CUST_606222CFA471831EA79242666C219E47,PART_26833137ECA6E727C0ED32EFAEC82997,11/25/2024,1,0,1002596,10,49,24.3,14.9,0,1.023000002,112.6800003,275780.1875,0.467000008,252.7350006,39.2
CUST_606222CFA471831EA79242666C219E47,PART_26833137ECA6E727C0ED32EFAEC82997,12/3/2024,1,0,1009304.32,10,49,24.3,14.9,0,1.003999949,112.5680008,276115.125,0.462000012,252.7610016,39.2
CUST_606222CFA471831EA79242666C219E47,PART_26833137ECA6E727C0ED32EFAEC82997,12/4/2024,1,0,1011102.12,10,49,24.3,14.9,0,1.001999974,112.552002,276112.1875,0.462000012,252.7610016,39.2
CUST_606222CFA471831EA79242666C219E47,PART_26833137ECA6E727C0ED32EFAEC82997,12/5/2024,1,0,1014487.17,10,49,24.3,14.9,0,1,112.5350037,276109.25,0.463,252.7610016,39.2
CUST_606222CFA471831EA79242666C219E47,PART_26833137ECA6E727C0ED32EFAEC82997,12/10/2024,1,0,1015829.72,20,98,48.6,29.8,0,0.991999984,112.4550018,276094.5938,0.465000004,252.7590027,78.4
CUST_606222CFA471831EA79242666C219E47,PART_26833137ECA6E727C0ED32EFAEC82997,12/11/2024,1,0,1015171.11,30,147,72.9,44.7,0,0.99000001,112.439003,276091.6563,0.465000004,252.7590027,117.6
CUST_606222CFA471831EA79242666C219E47,PART_26833137ECA6E727C0ED32EFAEC82997,12/12/2024,1,0,1020750.76,30,147,72.9,44.7,0,0.987999976,112.4229965,276088.7188,0.465999991,252.7590027,117.6
CUST_606222CFA471831EA79242666C219E47,PART_26833137ECA6E727C0ED32EFAEC82997,12/20/2024,1,0,1028475.37,15,73.5,36.45,22.35,0,0.975000024,112.2939987,276065.2188,0.469000012,252.7559967,58.8
CUST_606222CFA471831EA79242666C219E47,PART_26833137ECA6E727C0ED32EFAEC82997,12/23/2024,1,0,1025066.71,10,49,24.3,14.9,0,0.968999982,112.2450027,276056.4063,0.469999999,252.7559967,39.2
CUST_606222CFA471831EA79242666C219E47,PART_26833137ECA6E727C0ED32EFAEC82997,12/30/2024,1,0,1028708.64,0,0,0,0,0,0.957000017,112.1320038,276035.875,0.47299999,252.7539978,0
CUST_606222CFA471831EA79242666C219E47,PART_26833137ECA6E727C0ED32EFAEC82997,1/2/2025,1,0,1032374.65,20,98,48.6,29.8,0,0.957000017,112.1579971,275979.9375,0.47299999,252.7749939,78.4
CUST_606222CFA471831EA79242666C219E47,PART_26833137ECA6E727C0ED32EFAEC82997,1/6/2025,1,0,1031005.68,32,156.8,79.808,45.632,0,0.970000029,112.3899994,275779.6875,0.469000012,252.8609924,125.44
CUST_606222CFA471831EA79242666C219E47,PART_26833137ECA6E727C0ED32EFAEC82997,1/16/2025,1,0,1031190.47,40,196,99.76,57.04,0,1.001999974,112.9710007,275279.0313,0.460000008,253.0769958,156.8
CUST_606222CFA471831EA79242666C219E47,PART_26833137ECA6E727C0ED32EFAEC82997,1/21/2025,1,0,1028026.16,20,98,49.88,28.52,0,1.019000053,113.2610016,275028.7188,0.456,253.1849976,78.4
CUST_606222CFA471831EA79242666C219E47,PART_26833137ECA6E727C0ED32EFAEC82997,1/22/2025,1,0,1033785.8,20,98,49.88,28.52,0,1.021999955,113.3190002,274978.6563,0.455000013,253.2070007,78.4
CUST_606222CFA471831EA79242666C219E47,PART_26833137ECA6E727C0ED32EFAEC82997,1/27/2025,1,0,1028295.02,20,98,49.88,28.52,0,1.037999988,113.6100006,274728.3125,0.451000005,253.3150024,78.4
CUST_606222CFA471831EA79242666C219E47,PART_26833137ECA6E727C0ED32EFAEC82997,1/31/2025,1,0,1041281.37,12,58.8,29.928,17.112,0,1.050999999,113.8420029,274528.0625,0.446999997,253.401001,47.04
CUST_606222CFA471831EA79242666C219E47,PART_26833137ECA6E727C0ED32EFAEC82997,2/3/2025,1,0,1039013.01,10,49,24.94,14.26,0,1.05400002,113.8789978,274675.9375,0.446999997,253.4790039,39.2
CUST_606222CFA471831EA79242666C219E47,PART_26833137ECA6E727C0ED32EFAEC82997,2/4/2025,1,0,1043940.64,20,98,49.88,28.52,0,1.05400002,113.8679962,274774.9063,0.446999997,253.5070038,78.4
CUST_606222CFA471831EA79242666C219E47,PART_26833137ECA6E727C0ED32EFAEC82997,2/11/2025,1,0,1040467.49,40,196,99.76,40.24,0,1.05400002,113.7929993,275467.6563,0.449999988,253.7019958,140
CUST_606222CFA471831EA79242666C219E47,PART_26833137ECA6E727C0ED32EFAEC82997,2/17/2025,1,0,1033720.69,12,94.68,31.872,15.168,0,1.05400002,113.7289963,276061.4375,0.453000009,253.8699951,47.04
CUST_606222CFA471831EA79242666C219E47,PART_26833137ECA6E727C0ED32EFAEC82997,2/25/2025,1,0,1035218.52,10,78.9,26.56,12.64,0,1.05400002,113.6429977,276853.1563,0.456,254.0930023,39.2
CUST_606222CFA471831EA79242666C219E47,PART_26833137ECA6E727C0ED32EFAEC82997,2/26/2025,1,0,1027247.53,40,315.6,106.24,50.56,0,1.05400002,113.6320038,276952.0938,0.456999987,254.1210022,156.8
CUST_606222CFA471831EA79242666C219E47,PART_26833137ECA6E727C0ED32EFAEC82997,3/4/2025,1,0,1024515.39,6,47.34,10.056,13.464,0,1.05400002,113.6190033,277328.75,0.456999987,254.2120056,23.52
CUST_606222CFA471831EA79242666C219E47,PART_26833137ECA6E727C0ED32EFAEC82997,3/5/2025,1,0,1021060.57,30,236.7,50.28,58.92,0,1.054999948,113.6259995,277355.3125,0.456999987,254.2140045,109.2
CUST_606222CFA471831EA79242666C219E47,PART_26833137ECA6E727C0ED32EFAEC82997,3/10/2025,1,0,1025912.8,10,78.9,16.76,22.44,0,1.054999948,113.6579971,277488.2188,0.456,254.2250061,39.2
CUST_606222CFA471831EA79242666C219E47,PART_26833137ECA6E727C0ED32EFAEC82997,3/11/2025,1,0,1028767.05,45,355.05,75.42,100.98,0,1.054999948,113.6650009,277514.8125,0.456,254.227005,176.4
CUST_606222CFA471831EA79242666C219E47,PART_26833137ECA6E727C0ED32EFAEC82997,3/14/2025,1,0,1034158.25,20,157.8,33.52,44.88,0,1.055999994,113.6839981,277594.5625,0.455000013,254.2339935,78.4
CUST_606222CFA471831EA79242666C219E47,PART_26833137ECA6E727C0ED32EFAEC82997,3/18/2025,1,0,1036133.59,20,157.8,33.52,44.88,0,1.055999994,113.7099991,277700.875,0.453999996,254.2420044,78.4
CUST_606222CFA471831EA79242666C219E47,PART_26833137ECA6E727C0ED32EFAEC82997,4/3/2025,1,0,1032717.01,10,78.9,16.76,24.04,0,1.057999969,113.7870026,277973.4063,0.451000005,254.2749939,40.8
CUST_606222CFA471831EA79242666C219E47,PART_26833137ECA6E727C0ED32EFAEC82997,4/8/2025,1,0,1040308.47,30,236.7,50.28,67.32,0,1.057000041,113.7529984,277724.4063,0.451999992,254.2810059,117.6
CUST_606222CFA471831EA79242666C219E47,PART_26833137ECA6E727C0ED32EFAEC82997,4/10/2025,1,0,1040284.06,2,15.78,3.352,4.808,0,1.057000041,113.7399979,277624.8125,0.451999992,254.2839966,8.16
CUST_606222CFA471831EA79242666C219E47,PART_26833137ECA6E727C0ED32EFAEC82997,4/17/2025,1,0,1047859.44,16,126.24,26.816,38.464,0,1.055999994,113.6930008,277276.1875,0.453000009,254.2920074,65.28
CUST_606222CFA471831EA79242666C219E47,PART_26833137ECA6E727C0ED32EFAEC82997,4/23/2025,1,0,1052846.23,25,197.25,41.9,60.1,0,1.054999948,113.6529999,276977.4063,0.453000009,254.298996,102
CUST_606222CFA471831EA79242666C219E47,PART_26833137ECA6E727C0ED32EFAEC82997,5/1/2025,1,0,1056320.86,30,236.7,50.28,54.72,0,1.05400002,113.5999985,276579,0.453999996,254.3079987,105
CUST_606222CFA471831EA79242666C219E47,PART_26833137ECA6E727C0ED32EFAEC82997,5/5/2025,1,0,1052325.65,20,157.8,49.08,32.52,0,1.05400002,113.560997,276549.5938,0.453999996,254.3110046,81.6
CUST_606222CFA471831EA79242666C219E47,PART_26833137ECA6E727C0ED32EFAEC82997,5/8/2025,1,0,1057608.45,50,394.5,122.7,81.3,0,1.05400002,113.5319977,276527.5313,0.453999996,254.3130035,204
CUST_606222CFA471831EA79242666C219E47,PART_26833137ECA6E727C0ED32EFAEC82997,5/9/2025,1,0,1058361.71,2,15.78,4.908,3.252,0,1.052999973,113.5230026,276520.1563,0.453999996,254.3139954,8.16
CUST_606222CFA471831EA79242666C219E47,PART_26833137ECA6E727C0ED32EFAEC82997,5/28/2025,1,0,1070443.51,10,78.9,24.54,16.26,0,1.052000046,113.3389969,276380.4063,0.453000009,254.3289948,40.8
CUST_606222CFA471831EA79242666C219E47,PART_26833137ECA6E727C0ED32EFAEC82997,5/29/2025,1,0,1070207.39,12,94.68,29.448,19.512,0,1.052000046,113.3290024,276373.0625,0.453000009,254.3300018,48.96
CUST_606222CFA471831EA79242666C219E47,PART_26833137ECA6E727C0ED32EFAEC82997,6/4/2025,1,0,1059923.37,30,236.7,73.62,31.38,0,1.049999952,113.3799973,276492.1875,0.449999988,254.3320007,105
CUST_606222CFA471831EA79242666C219E47,PART_26833137ECA6E727C0ED32EFAEC82997,6/10/2025,1,0,1053766.45,10,93.9,30.69,15.41,0,1.046000004,113.5400009,276774.5938,0.444000006,254.3320007,46.1
CUST_606222CFA471831EA79242666C219E47,PART_26833137ECA6E727C0ED32EFAEC82997,6/16/2025,1,0,1059971.99,20,157.8,61.38,30.82,0,1.042999983,113.6999969,277057,0.437999994,254.3320007,92.2
CUST_606222CFA471831EA79242666C219E47,PART_26833137ECA6E727C0ED32EFAEC82997,7/1/2025,1,0,1043266.01,10,78.9,30.69,15.41,0,1.032999992,114.0999985,277763,0.421999991,254.3320007,46.1
CUST_606222CFA471831EA79242666C219E47,PART_26833137ECA6E727C0ED32EFAEC82997,7/2/2025,1,0,1041679.48,10,78.9,30.69,15.41,0,1.031999946,114.1259995,277758,0.421000004,254.3509979,46.1
CUST_606222CFA471831EA79242666C219E47,PART_26833137ECA6E727C0ED32EFAEC82997,7/7/2025,1,0,1037889.51,20,172.8,61.38,30.82,0,1.029999971,114.2549973,277733,0.418000013,254.4459991,92.2
CUST_606222CFA471831EA79242666C219E47,PART_26833137ECA6E727C0ED32EFAEC82997,7/8/2025,1,0,1041691.73,30,236.7,92.07,12.93,0,1.029000044,114.2809982,277728,0.416999996,254.4649963,105
CUST_606222CFA471831EA79242666C219E47,PART_26833137ECA6E727C0ED32EFAEC82997,7/9/2025,1,0,1039861.04,10,78.9,30.69,15.41,0,1.029000044,114.3059998,277723,0.416000009,254.4850006,46.1
CUST_606222CFA471831EA79242666C219E47,PART_26833137ECA6E727C0ED32EFAEC82997,7/10/2025,1,0,1040580.55,40,315.6,122.76,61.64,0,1.027999997,114.3320007,277718,0.416000009,254.5039978,184.4
CUST_606222CFA471831EA79242666C219E47,PART_26833137ECA6E727C0ED32EFAEC82997,7/21/2025,1,0,1041111.72,40,315.6,122.76,61.64,0,1.023000002,114.6159973,277663,0.407999992,254.7129974,184.4
CUST_606222CFA471831EA79242666C219E47,PART_26833137ECA6E727C0ED32EFAEC82997,7/24/2025,1,0,1044012.06,4,31.56,12.276,6.164,0,1.021000028,114.6940002,277648,0.405999988,254.7700043,18.44
CUST_606222CFA471831EA79242666C219E47,PART_26833137ECA6E727C0ED32EFAEC82997,7/25/2025,1,0,1042475.93,20,187.8,61.38,30.82,0,1.021000028,114.7190018,277643,0.405000001,254.7899933,92.2
CUST_606222CFA471831EA79242666C219E47,PART_26833137ECA6E727C0ED32EFAEC82997,7/30/2025,1,0,1046973.43,20,157.8,61.38,30.82,0,1.018000007,114.8479996,277618,0.400999993,254.8849945,92.2
CUST_606222CFA471831EA79242666C219E47,PART_26833137ECA6E727C0ED32EFAEC82997,8/5/2025,1,0,1058936.92,30,236.7,92.07,44.73,0,1.019999981,114.7580032,277677.4063,0.398000002,255.0879974,136.8
CUST_606222CFA471831EA79242666C219E47,PART_26833137ECA6E727C0ED32EFAEC82997,8/6/2025,1,0,1058891.59,18,154.02,55.242,26.838,0,1.021000028,114.7229996,277694.7813,0.397000015,255.1300049,82.08
CUST_606222CFA471831EA79242666C219E47,PART_26833137ECA6E727C0ED32EFAEC82997,8/11/2025,1,0,1063118.67,10,93.9,30.69,14.91,0,1.024999976,114.5449982,277781.5625,0.395000011,255.3370056,45.6
CUST_606222CFA471831EA79242666C219E47,PART_26833137ECA6E727C0ED32EFAEC82997,8/13/2025,1,0,1066784,24,189.36,73.656,35.784,0,1.02699995,114.473999,277816.25,0.393000007,255.4190063,109.44
CUST_606222CFA471831EA79242666C219E47,PART_26833137ECA6E727C0ED32EFAEC82997,8/18/2025,1,0,1062722.08,30,236.7,92.07,44.73,0,1.031000018,114.2969971,277903.0313,0.391000003,255.6260071,136.8
CUST_606222CFA471831EA79242666C219E47,PART_26833137ECA6E727C0ED32EFAEC82997,9/2/2025,1,0,1082477.89,20,157.8,61.38,29.82,0,1.041000009,113.7470016,278129.3125,0.381999999,256.2049866,91.2
CUST_606222CFA471831EA79242666C219E47,PART_26833137ECA6E727C0ED32EFAEC82997,9/17/2025,1,0,1100540.06,6,47.34,18.414,8.946,0,1.018000007,112.9469986,277878.8125,0.360000014,256.2049866,27.36
CUST_606222CFA471831EA79242666C219E47,PART_26833137ECA6E727C0ED32EFAEC82997,9/18/2025,1,0,1101291.77,19,149.91,58.311,28.329,0,1.01699996,112.8929977,277862.0938,0.35800001,256.2049866,86.64
CUST_606222CFA471831EA79242666C219E47,PART_26833137ECA6E727C0ED32EFAEC82997,9/19/2025,1,0,1101798.34,10,78.9,30.69,14.91,0,1.014999986,112.8399963,277845.4063,0.356999993,256.2049866,45.6
CUST_606222CFA471831EA79242666C219E47,PART_26833137ECA6E727C0ED32EFAEC82997,9/22/2025,1,0,1095266.93,10,93.9,30.69,14.91,0,1.011000037,112.6800003,277795.3125,0.351999998,256.2049866,45.6
CUST_606222CFA471831EA79242666C219E47,PART_875F83D4C1E0185B862F17EC4716D04A,3/15/2023,1,0,194378.56,10,335.3,159.07,159.83,0,1.149999976,114.3290024,269560.375,0.518999994,245.6410065,318.9
CUST_606222CFA471831EA79242666C219E47,PART_875F83D4C1E0185B862F17EC4716D04A,4/6/2023,1,0,295883.14,10,335.3,159.07,159.83,0,1.148000002,113.9499969,270769.6563,0.549000025,245.7969971,318.9
CUST_606222CFA471831EA79242666C219E47,PART_875F83D4C1E0185B862F17EC4716D04A,4/7/2023,1,0,303176.76,2,67.06,31.814,31.966,0,1.148000002,113.9400024,270760.8125,0.549000025,245.8079987,63.78
CUST_606222CFA471831EA79242666C219E47,PART_875F83D4C1E0185B862F17EC4716D04A,5/26/2023,1,0,440200.75,3,101.82,49.374,46.296,0,1.151000023,114.1029968,270348.8125,0.536000013,246.6609955,95.67
CUST_606222CFA471831EA79242666C219E47,PART_875F83D4C1E0185B862F17EC4716D04A,5/30/2023,1,0,443999.57,2,67.88,32.916,30.864,0,1.148000002,114.1679993,270316.9375,0.535000026,246.7570038,63.78
CUST_606222CFA471831EA79242666C219E47,PART_875F83D4C1E0185B862F17EC4716D04A,6/8/2023,1,0,468790.93,2,68.78,32.916,30.864,0,1.141000032,114.4100037,270432.125,0.528999984,247.0079956,63.78
CUST_606222CFA471831EA79242666C219E47,PART_875F83D4C1E0185B862F17EC4716D04A,8/11/2023,1,0,616525.18,8,226.48,131.664,94.816,0,1.149000049,114.0319977,270772.2188,0.512000024,247.8249969,226.48
CUST_606222CFA471831EA79242666C219E47,PART_875F83D4C1E0185B862F17EC4716D04A,10/13/2023,1,0,801243.75,3,85.11,49.374,35.736,0,1.103000045,114.0680008,269508.4063,0.470999986,248.2189941,85.11
CUST_606222CFA471831EA79242666C219E47,PART_875F83D4C1E0185B862F17EC4716D04A,1/11/2024,1,0,991796.73,2,56.74,32.916,23.824,0,1.06400001,112.3740005,274278.9375,0.493999988,249.8820038,56.74
CUST_606222CFA471831EA79242666C219E47,PART_875F83D4C1E0185B862F17EC4716D04A,2/7/2024,1,0,995710.76,4,113.48,65.832,47.648,0,1.11500001,113.814003,276706.1875,0.493000001,249.901001,113.48
CUST_606222CFA471831EA79242666C219E47,PART_875F83D4C1E0185B862F17EC4716D04A,2/15/2024,1,0,1004365.46,1,28.37,16.458,11.912,0,1.113999963,113.5660019,275569.0625,0.488999993,249.9100037,28.37
CUST_606222CFA471831EA79242666C219E47,PART_875F83D4C1E0185B862F17EC4716D04A,4/12/2024,1,0,966399.22,2,58.3,32.916,23.824,0,1.09800005,113.7600021,274462.9375,0.476999998,249.7720032,56.74
CUST_606222CFA471831EA79242666C219E47,PART_875F83D4C1E0185B862F17EC4716D04A,7/1/2024,1,0,965568.05,1,29.15,15.967,12.403,0,1.110000014,113.5999985,273378,0.495000005,249.4420013,28.37
CUST_606222CFA471831EA79242666C219E47,PART_875F83D4C1E0185B862F17EC4716D04A,7/22/2024,1,0,971651.61,6,170.04,95.802,74.238,0,1.116999984,114.1419983,274014.0938,0.493999988,249.4490051,170.04
CUST_606222CFA471831EA79242666C219E47,PART_875F83D4C1E0185B862F17EC4716D04A,7/23/2024,1,0,978147.69,10,283.4,159.67,123.73,0,1.118000031,114.1679993,274044.375,0.493999988,249.4499969,283.4
CUST_606222CFA471831EA79242666C219E47,PART_875F83D4C1E0185B862F17EC4716D04A,9/19/2024,1,0,971327.51,4,113.36,63.868,49.492,0,1.088999987,113.6399994,274935,0.469999999,252.5859985,113.36
CUST_606222CFA471831EA79242666C219E47,PART_875F83D4C1E0185B862F17EC4716D04A,11/1/2024,1,0,990492.37,1,28.34,15.967,12.373,0,1.085999966,113,274417,0.490999997,252.6260071,28.34
CUST_606222CFA471831EA79242666C219E47,PART_875F83D4C1E0185B862F17EC4716D04A,11/4/2024,1,0,989190.65,14,396.76,223.538,173.222,0,1.077999949,112.9599991,274587.4063,0.488000005,252.6399994,396.76
CUST_606222CFA471831EA79242666C219E47,PART_875F83D4C1E0185B862F17EC4716D04A,12/4/2024,1,0,1011102.12,1,28.34,15.967,12.373,0,1.001999974,112.552002,276112.1875,0.462000012,252.7610016,28.34
CUST_606222CFA471831EA79242666C219E47,PART_875F83D4C1E0185B862F17EC4716D04A,1/3/2025,1,0,1031822.54,3,85.02,47.901,37.119,0,0.959999979,112.2160034,275929.875,0.472000003,252.7960052,85.02
CUST_606222CFA471831EA79242666C219E47,PART_875F83D4C1E0185B862F17EC4716D04A,1/20/2025,1,0,1023910.9,2,56.68,31.934,24.746,0,1.014999986,113.2030029,275078.7813,0.456999987,253.1640015,56.68
CUST_606222CFA471831EA79242666C219E47,PART_875F83D4C1E0185B862F17EC4716D04A,2/3/2025,1,0,1039013.01,1,28.34,15.967,12.373,0,1.05400002,113.8789978,274675.9375,0.446999997,253.4790039,28.34
CUST_606222CFA471831EA79242666C219E47,PART_875F83D4C1E0185B862F17EC4716D04A,2/12/2025,1,0,1040263.99,2,56.68,31.934,24.746,0,1.05400002,113.7819977,275566.5938,0.451000005,253.7299957,56.68
CUST_606222CFA471831EA79242666C219E47,PART_875F83D4C1E0185B862F17EC4716D04A,2/24/2025,1,0,1033272.81,1,28.39,15.967,12.403,0,1.05400002,113.6539993,276754.1875,0.456,254.0650024,28.37
CUST_606222CFA471831EA79242666C219E47,PART_875F83D4C1E0185B862F17EC4716D04A,4/2/2025,1,0,1034874.07,1,28.39,15.967,12.403,0,1.057999969,113.7929993,278023.1875,0.451000005,254.2740021,28.37
CUST_606222CFA471831EA79242666C219E47,PART_875F83D4C1E0185B862F17EC4716D04A,4/3/2025,1,0,1032717.01,12,340.68,191.604,148.836,0,1.057999969,113.7870026,277973.4063,0.451000005,254.2749939,340.44
CUST_606222CFA471831EA79242666C219E47,PART_875F83D4C1E0185B862F17EC4716D04A,5/23/2025,1,0,1066474.1,1,28.39,15.967,12.403,0,1.052999973,113.387001,276417.1875,0.453000009,254.3249969,28.37
CUST_606222CFA471831EA79242666C219E47,PART_875F83D4C1E0185B862F17EC4716D04A,5/27/2025,1,0,1066216.66,1,28.39,15.967,12.403,0,1.052000046,113.3479996,276387.7813,0.453000009,254.3280029,28.37
CUST_606222CFA471831EA79242666C219E47,PART_875F83D4C1E0185B862F17EC4716D04A,6/3/2025,1,0,1065774.03,1,28.39,15.967,12.403,0,1.050999999,113.3529968,276445.125,0.451000005,254.3320007,28.37
CUST_606222CFA471831EA79242666C219E47,PART_875F83D4C1E0185B862F17EC4716D04A,7/11/2025,1,0,1040916.87,1,28.39,15.967,12.403,0,1.027999997,114.3580017,277713,0.414999992,254.522995,28.37
CUST_606222CFA471831EA79242666C219E47,PART_875F83D4C1E0185B862F17EC4716D04A,7/17/2025,1,0,1041741.28,1,28.39,15.967,12.403,0,1.024999976,114.5130005,277683,0.411000013,254.6369934,28.37
CUST_606222CFA471831EA79242666C219E47,PART_875F83D4C1E0185B862F17EC4716D04A,8/4/2025,1,0,1045659.69,1,28.99,15.967,12.403,0,1.019000053,114.7939987,277660.0625,0.398000002,255.0469971,28.37
CUST_606222CFA471831EA79242666C219E47,PART_875F83D4C1E0185B862F17EC4716D04A,8/19/2025,1,0,1071611.15,2,57.98,31.934,24.806,0,1.031999946,114.2610016,277920.375,0.389999986,255.6670074,56.74
CUST_606222CFA471831EA79242666C219E47,PART_012C41EC3774276BB02E78F7C0D99F43,12/8/2023,1,1,938209.94,6,64.68,32.166,32.514,15.43999958,1.067999959,115.0059967,270978.1563,0.488000005,248.7429962,64.68
CUST_D59D91D42872C74BAD7482484A8E67DA,PART_F846361051783347FEEA0BB027E5289C,1/4/2023,1,1,5639.89,9,199.26,79.263,38.367,0,1.128000021,116.8099976,275304.9688,0.505999982,244.3029938,117.63
CUST_D59D91D42872C74BAD7482484A8E67DA,PART_F846361051783347FEEA0BB027E5289C,1/6/2023,1,1,11343.81,11,243.54,96.877,46.893,0,1.131000042,116.8160019,274991.625,0.507000029,244.3919983,143.77
CUST_D59D91D42872C74BAD7482484A8E67DA,PART_F846361051783347FEEA0BB027E5289C,1/10/2023,1,1,24495.04,4,88.56,35.228,17.052,0,1.136000037,116.8290024,274364.9063,0.509000003,244.5700073,52.28
CUST_D59D91D42872C74BAD7482484A8E67DA,PART_F846361051783347FEEA0BB027E5289C,1/12/2023,1,1,34832.25,15,332.1,132.105,63.945,0,1.139000058,116.8349991,274051.5625,0.50999999,244.6589966,196.05
CUST_D59D91D42872C74BAD7482484A8E67DA,PART_F846361051783347FEEA0BB027E5289C,1/13/2023,1,1,40121.03,4,88.56,35.228,17.052,0,1.141000032,116.8389969,273894.875,0.510999978,244.7030029,52.28
CUST_D59D91D42872C74BAD7482484A8E67DA,PART_F846361051783347FEEA0BB027E5289C,1/17/2023,1,1,48289.63,12,241.44,105.684,51.156,0,1.146000028,116.8519974,273268.1563,0.513000011,244.8809967,156.84
CUST_D59D91D42872C74BAD7482484A8E67DA,PART_F846361051783347FEEA0BB027E5289C,1/18/2023,1,1,66350.58,6,120.72,52.842,25.578,0,1.148000002,116.8550034,273111.4688,0.513000011,244.9250031,78.42
CUST_D59D91D42872C74BAD7482484A8E67DA,PART_F846361051783347FEEA0BB027E5289C,1/19/2023,1,1,70574.96,1,20.12,8.807,4.263,0,1.149000049,116.8580017,272954.8125,0.513999999,244.9700012,13.07
CUST_D59D91D42872C74BAD7482484A8E67DA,PART_F846361051783347FEEA0BB027E5289C,1/23/2023,1,1,79756.7,4,80.48,35.228,17.052,0,1.154999971,116.8710022,272328.0938,0.515999973,245.1470032,52.28
CUST_D59D91D42872C74BAD7482484A8E67DA,PART_F846361051783347FEEA0BB027E5289C,1/24/2023,1,1,85797.6,2,40.24,17.614,8.526,0,1.156000018,116.8740005,272171.4063,0.51700002,245.1920013,26.14
CUST_D59D91D42872C74BAD7482484A8E67DA,PART_F846361051783347FEEA0BB027E5289C,1/25/2023,1,1,92790.89,9,181.08,79.263,38.367,0,1.156999946,116.8769989,272014.75,0.51700002,245.2359924,117.63
CUST_D59D91D42872C74BAD7482484A8E67DA,PART_F846361051783347FEEA0BB027E5289C,1/26/2023,1,1,97159.88,4,80.48,35.228,17.052,0,1.159000039,116.8809967,271858.0625,0.518000007,245.2799988,52.28
CUST_D59D91D42872C74BAD7482484A8E67DA,PART_F846361051783347FEEA0BB027E5289C,2/1/2023,1,1,118173.77,2,40.24,17.614,8.526,18.79999924,1.167000055,116.9000015,270918,0.521000028,245.5469971,26.14
CUST_D59D91D42872C74BAD7482484A8E67DA,PART_F846361051783347FEEA0BB027E5289C,2/2/2023,1,1,120882.08,7,140.84,61.649,29.841,18.80999947,1.167000055,116.8180008,270832.6563,0.519999981,245.5469971,91.49
CUST_D59D91D42872C74BAD7482484A8E67DA,PART_F846361051783347FEEA0BB027E5289C,2/6/2023,1,1,125458.49,3,60.36,26.421,12.789,18.86000061,1.164999962,116.4889984,270491.2188,0.515999973,245.548996,39.21
CUST_D59D91D42872C74BAD7482484A8E67DA,PART_F846361051783347FEEA0BB027E5289C,2/7/2023,1,1,131816.82,11,221.32,96.877,46.893,18.87999916,1.164000034,116.4069977,270405.8438,0.514999986,245.548996,143.77
CUST_D59D91D42872C74BAD7482484A8E67DA,PART_F846361051783347FEEA0BB027E5289C,2/13/2023,1,1,146956.7,4,80.48,35.228,17.052,18.95000076,1.161999941,115.9140015,269893.7188,0.509000003,245.5509949,52.28
CUST_D59D91D42872C74BAD7482484A8E67DA,PART_F846361051783347FEEA0BB027E5289C,2/14/2023,1,1,148520.68,5,100.6,44.035,21.315,18.95999908,1.161000013,115.8320007,269808.3438,0.508000016,245.552002,65.35
CUST_D59D91D42872C74BAD7482484A8E67DA,PART_F846361051783347FEEA0BB027E5289C,2/15/2023,1,1,152269.52,14,281.68,123.298,59.682,18.97999954,1.161000013,115.75,269723,0.507000029,245.552002,182.98
CUST_D59D91D42872C74BAD7482484A8E67DA,PART_F846361051783347FEEA0BB027E5289C,2/20/2023,1,1,165453.24,8,160.96,70.456,34.104,19.04000092,1.159000039,115.3389969,269296.2188,0.501999974,245.5540009,104.56
CUST_D59D91D42872C74BAD7482484A8E67DA,PART_F846361051783347FEEA0BB027E5289C,2/21/2023,1,1,168002.94,4,80.48,35.228,17.052,19.04999924,1.157999992,115.2570038,269210.8438,0.500999987,245.5540009,52.28
CUST_D59D91D42872C74BAD7482484A8E67DA,PART_F846361051783347FEEA0BB027E5289C,2/22/2023,1,1,172123.31,-16,-321.92,-140.912,-68.208,19.06999969,1.157999992,115.1750031,269125.5,0.5,245.5549927,-209.12
CUST_D59D91D42872C74BAD7482484A8E67DA,PART_F846361051783347FEEA0BB027E5289C,2/23/2023,1,1,178996.99,3,60.36,26.421,12.789,19.07999992,1.157999992,115.0930023,269040.1563,0.499000013,245.5549927,39.21
CUST_D59D91D42872C74BAD7482484A8E67DA,PART_F846361051783347FEEA0BB027E5289C,2/27/2023,1,1,183935.2,7,140.84,61.649,30.231,19.12999916,1.156000018,114.7639999,268698.7188,0.495000005,245.5559998,91.88
CUST_D59D91D42872C74BAD7482484A8E67DA,PART_F846361051783347FEEA0BB027E5289C,3/2/2023,1,1,196635.44,19,372.41,167.333,81.387,19.12000084,1.154999971,114.5810013,268601.75,0.495000005,245.5630035,248.72
CUST_D59D91D42872C74BAD7482484A8E67DA,PART_F846361051783347FEEA0BB027E5289C,3/6/2023,1,1,205154.59,9,151.47,79.263,39.537,19.07999992,1.152999997,114.5029984,268896.7188,0.501999974,245.5870056,118.8
CUST_D59D91D42872C74BAD7482484A8E67DA,PART_F846361051783347FEEA0BB027E5289C,3/8/2023,1,1,213791.54,11,185.13,96.877,48.323,19.04999924,1.152999997,114.4649963,269044.1875,0.505999982,245.598999,145.2
CUST_D59D91D42872C74BAD7482484A8E67DA,PART_F846361051783347FEEA0BB027E5289C,3/10/2023,1,1,222307.11,19,319.77,167.333,83.467,19.03000069,1.15199995,114.4260025,269191.6875,0.50999999,245.6109924,250.8
CUST_D59D91D42872C74BAD7482484A8E67DA,PART_F846361051783347FEEA0BB027E5289C,3/13/2023,1,1,226492.28,16,269.28,140.912,70.288,19,1.151000023,114.3679962,269412.9063,0.514999986,245.6289978,211.2
CUST_D59D91D42872C74BAD7482484A8E67DA,PART_F846361051783347FEEA0BB027E5289C,3/14/2023,1,1,228978.68,2,33.66,17.614,8.786,18.98999977,1.149999976,114.3479996,269486.6563,0.51700002,245.6349945,26.4
CUST_D59D91D42872C74BAD7482484A8E67DA,PART_F846361051783347FEEA0BB027E5289C,3/16/2023,1,1,237240.98,4,67.32,35.228,17.572,18.96999931,1.149999976,114.3099976,269634.125,0.521000028,245.6470032,52.8
CUST_D59D91D42872C74BAD7482484A8E67DA,PART_F846361051783347FEEA0BB027E5289C,3/20/2023,1,1,244011.49,6,100.98,52.842,26.358,18.93000031,1.148000002,114.2320023,269929.0938,0.528999984,245.6719971,79.2
CUST_D59D91D42872C74BAD7482484A8E67DA,PART_F846361051783347FEEA0BB027E5289C,3/21/2023,1,1,248950.58,4,67.32,35.228,17.572,18.92000008,1.148000002,114.2129974,270002.8438,0.529999971,245.6779938,52.8
CUST_D59D91D42872C74BAD7482484A8E67DA,PART_F846361051783347FEEA0BB027E5289C,3/23/2023,1,1,255026,12,201.96,105.684,52.716,18.89999962,1.146999955,114.1740036,270150.3125,0.533999979,245.6900024,158.4
CUST_D59D91D42872C74BAD7482484A8E67DA,PART_F846361051783347FEEA0BB027E5289C,3/27/2023,1,1,266862.7,11,185.13,96.877,48.323,18.85000038,1.146000028,114.0970001,270445.2813,0.541999996,245.7140045,145.2
CUST_D59D91D42872C74BAD7482484A8E67DA,PART_F846361051783347FEEA0BB027E5289C,3/30/2023,1,1,280831.78,4,67.32,35.228,17.572,18.81999969,1.144999981,114.0390015,270666.5313,0.546999991,245.7319946,52.8
CUST_D59D91D42872C74BAD7482484A8E67DA,PART_F846361051783347FEEA0BB027E5289C,4/3/2023,1,1,285923.1,18,302.94,158.526,79.074,18.94000053,1.144999981,113.9800034,270796.2813,0.550000012,245.7649994,237.6
CUST_D59D91D42872C74BAD7482484A8E67DA,PART_F846361051783347FEEA0BB027E5289C,4/5/2023,1,1,295495.16,3,50.49,26.421,13.179,19.03000069,1.146999955,113.9599991,270778.5313,0.550000012,245.7870026,39.6
CUST_D59D91D42872C74BAD7482484A8E67DA,PART_F846361051783347FEEA0BB027E5289C,4/7/2023,1,1,302654.06,7,117.81,61.649,30.751,19.11000061,1.148000002,113.9400024,270760.8125,0.549000025,245.8079987,92.4
CUST_D59D91D42872C74BAD7482484A8E67DA,PART_F846361051783347FEEA0BB027E5289C,4/11/2023,1,1,310677.61,3,51.75,26.421,13.179,19.29000092,1.151000023,113.9000015,270725.3438,0.547999978,245.8500061,39.6
CUST_D59D91D42872C74BAD7482484A8E67DA,PART_F846361051783347FEEA0BB027E5289C,4/17/2023,1,1,322768.23,5,86.25,45.56,20.44,19.54999924,1.156000018,113.8399963,270672.125,0.546000004,245.9140015,66
CUST_D59D91D42872C74BAD7482484A8E67DA,PART_F846361051783347FEEA0BB027E5289C,4/18/2023,1,1,326966.34,12,207,109.344,49.056,19.59000015,1.156000018,113.8300018,270663.2813,0.545000017,245.9250031,158.4
CUST_D59D91D42872C74BAD7482484A8E67DA,PART_F846361051783347FEEA0BB027E5289C,4/20/2023,1,1,336633.49,15,258.75,136.68,61.32,19.68000031,1.157999992,113.8099976,270645.5313,0.545000017,245.9459991,198
CUST_D59D91D42872C74BAD7482484A8E67DA,PART_F846361051783347FEEA0BB027E5289C,4/24/2023,1,1,340937.22,8,138,72.896,32.704,19.85000038,1.161000013,113.7699966,270610.0625,0.542999983,245.9889984,105.6
CUST_D59D91D42872C74BAD7482484A8E67DA,PART_F846361051783347FEEA0BB027E5289C,5/1/2023,1,1,357539.23,3,51.75,26.421,13.179,20.11000061,1.166000009,113.6999969,270548,0.541000009,246.0630035,39.6
CUST_D59D91D42872C74BAD7482484A8E67DA,PART_F846361051783347FEEA0BB027E5289C,5/2/2023,1,1,359246.37,10,172.5,88.07,43.93,20.10000038,1.164999962,113.7160034,270540.0313,0.541000009,246.0870056,132
CUST_D59D91D42872C74BAD7482484A8E67DA,PART_F846361051783347FEEA0BB027E5289C,5/3/2023,1,1,364545.24,10,172.5,88.07,43.93,20.10000038,1.164999962,113.7320023,270532.0625,0.541000009,246.1109924,132
CUST_D59D91D42872C74BAD7482484A8E67DA,PART_F846361051783347FEEA0BB027E5289C,5/8/2023,1,1,374540.83,5,86.25,44.035,21.965,20.07999992,1.161999941,113.8130035,270492.2188,0.540000021,246.2310028,66
CUST_D59D91D42872C74BAD7482484A8E67DA,PART_F846361051783347FEEA0BB027E5289C,5/9/2023,1,1,377069.07,5,86.25,44.035,21.965,20.07999992,1.161000013,113.8290024,270484.25,0.538999975,246.2539978,66
CUST_D59D91D42872C74BAD7482484A8E67DA,PART_F846361051783347FEEA0BB027E5289C,5/12/2023,1,1,388587.15,9,155.25,79.263,39.537,20.05999947,1.159000039,113.8769989,270460.3438,0.538999975,246.326004,118.8
CUST_D59D91D42872C74BAD7482484A8E67DA,PART_F846361051783347FEEA0BB027E5289C,5/15/2023,1,1,390145.37,3,51.75,26.421,13.179,20.04999924,1.156999946,113.9260025,270436.4375,0.537999988,246.397995,39.6
CUST_D59D91D42872C74BAD7482484A8E67DA,PART_F846361051783347FEEA0BB027E5289C,5/16/2023,1,1,393599.91,6,103.5,52.842,26.358,20.04999924,1.156999946,113.9420013,270428.4688,0.537999988,246.4219971,79.2
CUST_D59D91D42872C74BAD7482484A8E67DA,PART_F846361051783347FEEA0BB027E5289C,5/22/2023,1,1,406094.88,12,207,105.684,52.716,20.02000046,1.152999997,114.0390015,270380.6875,0.537,246.5659943,158.4
CUST_D59D91D42872C74BAD7482484A8E67DA,PART_F846361051783347FEEA0BB027E5289C,5/23/2023,1,1,407462.58,3,51.75,26.421,13.179,20.02000046,1.152999997,114.0550003,270372.7188,0.537,246.5899963,39.6
CUST_D59D91D42872C74BAD7482484A8E67DA,PART_F846361051783347FEEA0BB027E5289C,5/24/2023,1,1,411823.71,7,120.75,61.649,30.751,20.02000046,1.15199995,114.0709991,270364.75,0.537,246.6139984,92.4
CUST_D59D91D42872C74BAD7482484A8E67DA,PART_F846361051783347FEEA0BB027E5289C,5/26/2023,1,1,420697.12,4,69,35.228,18.892,20.01000023,1.151000023,114.1029968,270348.8125,0.536000013,246.6609955,54.12
CUST_D59D91D42872C74BAD7482484A8E67DA,PART_F846361051783347FEEA0BB027E5289C,5/30/2023,1,1,424976,10,172.5,88.07,47.23,19.98999977,1.148000002,114.1679993,270316.9375,0.535000026,246.7570038,135.3
CUST_D59D91D42872C74BAD7482484A8E67DA,PART_F846361051783347FEEA0BB027E5289C,5/31/2023,1,1,431313.92,7,120.75,61.649,33.061,19.98999977,1.148000002,114.1839981,270308.9688,0.535000026,246.7810059,94.71
CUST_D59D91D42872C74BAD7482484A8E67DA,PART_F846361051783347FEEA0BB027E5289C,6/6/2023,1,1,446115.59,8,138,70.456,37.784,20.35000038,1.143000007,114.3499985,270394.6563,0.531000018,246.9499969,108.24
CUST_D59D91D42872C74BAD7482484A8E67DA,PART_F846361051783347FEEA0BB027E5289C,6/8/2023,1,1,453249.38,7,120.75,61.649,33.061,20.46999931,1.141000032,114.4100037,270432.125,0.528999984,247.0079956,94.71
CUST_D59D91D42872C74BAD7482484A8E67DA,PART_F846361051783347FEEA0BB027E5289C,6/12/2023,1,1,454890.08,12,207,105.684,56.676,20.70999908,1.138000011,114.5299988,270507.0625,0.526000023,247.1239929,162.36
CUST_D59D91D42872C74BAD7482484A8E67DA,PART_F846361051783347FEEA0BB027E5289C,6/14/2023,1,1,461881.89,5,86.25,44.035,23.615,20.82999992,1.136000037,114.5899963,270544.5313,0.524999976,247.1820068,67.65
CUST_D59D91D42872C74BAD7482484A8E67DA,PART_F846361051783347FEEA0BB027E5289C,6/16/2023,1,1,473538.52,2,34.5,17.614,9.446,20.95000076,1.13499999,114.6500015,270582,0.523000002,247.2400055,27.06
CUST_D59D91D42872C74BAD7482484A8E67DA,PART_F846361051783347FEEA0BB027E5289C,6/19/2023,1,1,474525.71,11,189.75,96.877,51.953,21.12999916,1.131999969,114.7399979,270638.1875,0.521000028,247.326004,148.83
CUST_D59D91D42872C74BAD7482484A8E67DA,PART_F846361051783347FEEA0BB027E5289C,6/20/2023,1,1,480604.62,3,51.75,26.421,14.169,21.19000053,1.131000042,114.7699966,270656.9375,0.519999981,247.3549957,40.59
CUST_D59D91D42872C74BAD7482484A8E67DA,PART_F846361051783347FEEA0BB027E5289C,6/26/2023,1,1,486994.27,2,34.5,17.614,9.446,21.54999924,1.126000047,114.9499969,270769.3438,0.514999986,247.529007,27.06
CUST_D59D91D42872C74BAD7482484A8E67DA,PART_F846361051783347FEEA0BB027E5289C,7/5/2023,1,1,514607.98,3,51.75,26.421,14.169,21.48999977,1.125,114.9580002,270912.8125,0.510999978,247.6750031,40.59
CUST_D59D91D42872C74BAD7482484A8E67DA,PART_F846361051783347FEEA0BB027E5289C,7/6/2023,1,1,517464.31,7,120.75,61.649,33.061,21.43000031,1.125,114.9229965,270925.25,0.510999978,247.6759949,94.71
CUST_D59D91D42872C74BAD7482484A8E67DA,PART_F846361051783347FEEA0BB027E5289C,7/10/2023,1,1,519819.41,0,0,0,0,21.19000053,1.128000021,114.7809982,270975.0625,0.512000024,247.677002,0
CUST_D59D91D42872C74BAD7482484A8E67DA,PART_F846361051783347FEEA0BB027E5289C,7/11/2023,1,1,522510.73,10,189.1,88.07,47.23,21.12999916,1.128999949,114.7450027,270987.5313,0.512000024,247.677002,135.3
CUST_D59D91D42872C74BAD7482484A8E67DA,PART_F846361051783347FEEA0BB027E5289C,7/14/2023,1,1,531367.65,8,151.28,70.456,37.784,20.95000076,1.131000042,114.6389999,271024.875,0.512000024,247.6779938,108.24
CUST_D59D91D42872C74BAD7482484A8E67DA,PART_F846361051783347FEEA0BB027E5289C,7/20/2023,1,1,547535.24,4,75.64,35.228,18.892,20.59000015,1.13499999,114.4260025,271099.5938,0.513000011,247.6799927,54.12
CUST_D59D91D42872C74BAD7482484A8E67DA,PART_F846361051783347FEEA0BB027E5289C,7/24/2023,1,1,551116.79,2,37.82,17.614,9.446,20.35000038,1.138000011,114.2839966,271149.375,0.513000011,247.6809998,27.06
CUST_D59D91D42872C74BAD7482484A8E67DA,PART_F846361051783347FEEA0BB027E5289C,7/26/2023,1,1,556534.89,3,56.73,26.421,14.169,20.22999954,1.139000058,114.2129974,271174.2813,0.513000011,247.6820068,40.59
CUST_D59D91D42872C74BAD7482484A8E67DA,PART_F846361051783347FEEA0BB027E5289C,7/28/2023,1,1,562028.98,4,75.64,35.228,18.892,20.11000061,1.139999986,114.1419983,271199.1875,0.513999999,247.6829987,54.12
CUST_D59D91D42872C74BAD7482484A8E67DA,PART_F846361051783347FEEA0BB027E5289C,7/31/2023,1,1,563225.97,8,151.28,70.456,37.784,19.93000031,1.14199996,114.0350037,271236.5625,0.513999999,247.6840057,108.24
CUST_D59D91D42872C74BAD7482484A8E67DA,PART_F846361051783347FEEA0BB027E5289C,8/1/2023,1,1,566537.46,3,56.73,26.421,14.169,19.94000053,1.143000007,114,271249,0.513999999,247.6840057,40.59
CUST_D59D91D42872C74BAD7482484A8E67DA,PART_F846361051783347FEEA0BB027E5289C,8/4/2023,1,1,581290.88,3,56.73,26.421,14.169,19.95000076,1.144999981,114.0100021,271105.9688,0.513000011,247.7259979,40.59
CUST_D59D91D42872C74BAD7482484A8E67DA,PART_F846361051783347FEEA0BB027E5289C,8/7/2023,1,1,583533.14,9,170.19,79.263,42.507,19.96999931,1.146999955,114.0189972,270962.9375,0.513000011,247.7680054,121.77
CUST_D59D91D42872C74BAD7482484A8E67DA,PART_F846361051783347FEEA0BB027E5289C,8/8/2023,1,1,585794.66,10,189.1,88.07,47.23,19.97999954,1.148000002,114.0230026,270915.25,0.512000024,247.7819977,135.3
CUST_D59D91D42872C74BAD7482484A8E67DA,PART_F846361051783347FEEA0BB027E5289C,8/16/2023,1,1,602000.96,5,94.55,44.035,23.615,20.02000046,1.152999997,114.0479965,270533.8438,0.510999978,247.8950043,67.65
CUST_D59D91D42872C74BAD7482484A8E67DA,PART_F846361051783347FEEA0BB027E5289C,8/17/2023,1,1,604169.64,8,151.28,70.456,37.784,20.03000069,1.152999997,114.052002,270486.1563,0.50999999,247.9089966,108.24
CUST_D59D91D42872C74BAD7482484A8E67DA,PART_F846361051783347FEEA0BB027E5289C,8/18/2023,1,1,607541.21,6,113.46,52.842,28.338,20.03000069,1.154000044,114.0550003,270438.4688,0.50999999,247.9230042,81.18
CUST_D59D91D42872C74BAD7482484A8E67DA,PART_F846361051783347FEEA0BB027E5289C,8/22/2023,1,1,612603.53,10,189.1,88.07,47.23,20.05999947,1.156999946,114.0680008,270247.7813,0.509000003,247.9790039,135.3
CUST_D59D91D42872C74BAD7482484A8E67DA,PART_F846361051783347FEEA0BB027E5289C,8/23/2023,1,1,616483.15,9,170.19,79.263,42.507,20.05999947,1.156999946,114.0709991,270200.0938,0.509000003,247.9929962,121.77
CUST_D59D91D42872C74BAD7482484A8E67DA,PART_F846361051783347FEEA0BB027E5289C,8/31/2023,1,1,633888.5,2,37.82,17.614,9.446,20.11000061,1.161999941,114.0970001,269818.6875,0.507000029,248.1060028,27.06
CUST_D59D91D42872C74BAD7482484A8E67DA,PART_F846361051783347FEEA0BB027E5289C,9/12/2023,1,1,645642.94,12,226.92,105.684,56.676,20.39999962,1.143000007,114.1729965,269408.7188,0.493000001,248.1410065,162.36
CUST_D59D91D42872C74BAD7482484A8E67DA,PART_F846361051783347FEEA0BB027E5289C,9/13/2023,1,1,650495.74,5,94.55,44.035,23.615,20.43000031,1.141000032,114.1800003,269375.8125,0.492000014,248.1430054,67.65
CUST_D59D91D42872C74BAD7482484A8E67DA,PART_F846361051783347FEEA0BB027E5289C,9/14/2023,1,1,653808.5,5,94.55,44.035,23.615,20.45000076,1.139000058,114.1869965,269342.875,0.490999997,248.1450043,67.65
CUST_D59D91D42872C74BAD7482484A8E67DA,PART_F846361051783347FEEA0BB027E5289C,9/20/2023,1,1,661909.22,6,113.46,52.842,28.338,20.60000038,1.128000021,114.2269974,269145.2813,0.48300001,248.1569977,81.18
CUST_D59D91D42872C74BAD7482484A8E67DA,PART_F846361051783347FEEA0BB027E5289C,9/26/2023,1,1,674412.31,7,132.37,61.649,33.061,20.73999977,1.116999984,114.2669983,268947.6563,0.474999994,248.1679993,94.71
CUST_D59D91D42872C74BAD7482484A8E67DA,PART_F846361051783347FEEA0BB027E5289C,9/27/2023,1,1,675077.25,11,208.01,96.877,51.953,20.77000046,1.11500001,114.2730026,268914.7188,0.474000007,248.1699982,148.83
CUST_D59D91D42872C74BAD7482484A8E67DA,PART_F846361051783347FEEA0BB027E5289C,10/3/2023,1,1,682696.75,6,113.46,52.842,28.338,20.86000061,1.106999993,114.2610016,268903.9063,0.469000012,248.1849976,81.18
CUST_D59D91D42872C74BAD7482484A8E67DA,PART_F846361051783347FEEA0BB027E5289C,10/4/2023,1,1,684149.2,4,75.64,35.228,18.892,20.86000061,1.106999993,114.2419968,268964.3438,0.469000012,248.1880035,54.12
CUST_D59D91D42872C74BAD7482484A8E67DA,PART_F846361051783347FEEA0BB027E5289C,10/6/2023,1,1,690538.62,6,113.46,52.842,28.338,20.87999916,1.105999947,114.2030029,269085.25,0.469999999,248.1950073,81.18
CUST_D59D91D42872C74BAD7482484A8E67DA,PART_F846361051783347FEEA0BB027E5289C,10/11/2023,1,1,700144.47,6,113.46,52.842,28.338,20.90999985,1.103000045,114.1060028,269387.5313,0.470999986,248.2120056,81.18
CUST_D59D91D42872C74BAD7482484A8E67DA,PART_F846361051783347FEEA0BB027E5289C,10/12/2023,1,1,705112.53,2,37.82,17.614,9.446,20.90999985,1.103000045,114.086998,269447.9688,0.470999986,248.2149963,27.06
CUST_D59D91D42872C74BAD7482484A8E67DA,PART_F846361051783347FEEA0BB027E5289C,10/13/2023,1,1,706551.41,9,170.19,79.263,42.507,20.92000008,1.103000045,114.0680008,269508.4063,0.470999986,248.2189941,121.77
CUST_D59D91D42872C74BAD7482484A8E67DA,PART_F846361051783347FEEA0BB027E5289C,10/17/2023,1,1,709707.57,2,37.82,17.614,9.446,20.94000053,1.100999951,113.9899979,269750.2188,0.472000003,248.2319946,27.06
CUST_D59D91D42872C74BAD7482484A8E67DA,PART_F846361051783347FEEA0BB027E5289C,10/18/2023,1,1,711072.54,7,132.37,61.649,33.061,20.95000076,1.100000024,113.9710007,269810.6875,0.472000003,248.2359924,94.71
CUST_D59D91D42872C74BAD7482484A8E67DA,PART_F846361051783347FEEA0BB027E5289C,10/23/2023,1,1,714971.72,0,0,0,0,20.97999954,1.09800005,113.8740005,270112.9375,0.47299999,248.253006,0
CUST_D59D91D42872C74BAD7482484A8E67DA,PART_F846361051783347FEEA0BB027E5289C,10/24/2023,1,1,716741.52,6,113.46,52.842,28.338,20.98999977,1.09800005,113.8550034,270173.375,0.47299999,248.2559967,81.18
CUST_D59D91D42872C74BAD7482484A8E67DA,PART_F846361051783347FEEA0BB027E5289C,10/25/2023,1,1,719289.89,5,94.55,44.035,23.615,20.98999977,1.097000003,113.8349991,270233.8438,0.47299999,248.2590027,67.65
CUST_D59D91D42872C74BAD7482484A8E67DA,PART_F846361051783347FEEA0BB027E5289C,10/31/2023,1,1,728474.36,4,75.64,35.228,18.892,21.03000069,1.093999982,113.7190018,270596.5625,0.474000007,248.2799988,54.12
CUST_D59D91D42872C74BAD7482484A8E67DA,PART_F846361051783347FEEA0BB027E5289C,11/2/2023,1,1,732686.99,12,226.92,105.684,56.676,21.03000069,1.093000054,113.7770004,270650.8125,0.474000007,248.2870026,162.36
CUST_D59D91D42872C74BAD7482484A8E67DA,PART_F846361051783347FEEA0BB027E5289C,11/9/2023,1,1,746204.88,6,113.46,52.842,28.338,21.02000046,1.088999987,114.3130035,270607.4063,0.476999998,248.3179932,81.18
CUST_D59D91D42872C74BAD7482484A8E67DA,PART_F846361051783347FEEA0BB027E5289C,11/14/2023,1,1,748702.37,5,94.55,44.035,23.615,21.01000023,1.087000012,114.6969986,270576.4063,0.479999989,248.3390045,67.65
CUST_D59D91D42872C74BAD7482484A8E67DA,PART_F846361051783347FEEA0BB027E5289C,11/16/2023,1,1,752265.5,5,94.55,44.035,23.615,21.01000023,1.085999966,114.8499985,270564,0.481000006,248.3480072,67.65
CUST_D59D91D42872C74BAD7482484A8E67DA,PART_F846361051783347FEEA0BB027E5289C,11/21/2023,1,1,758839.34,8,151.28,70.456,37.784,21,1.082999945,115.2330017,270533,0.48300001,248.3699951,108.24
CUST_D59D91D42872C74BAD7482484A8E67DA,PART_F846361051783347FEEA0BB027E5289C,11/24/2023,1,1,767165.63,6,113.46,52.842,28.338,21,1.08099997,115.4629974,270514.4063,0.483999997,248.3829956,81.18
CUST_D59D91D42872C74BAD7482484A8E67DA,PART_F846361051783347FEEA0BB027E5289C,11/29/2023,1,1,768920.63,2,37.82,17.614,9.446,20.98999977,1.077999949,115.8470001,270483.4063,0.486000001,248.404007,27.06
CUST_D59D91D42872C74BAD7482484A8E67DA,PART_F846361051783347FEEA0BB027E5289C,11/30/2023,1,1,769444.66,10,189.1,88.07,47.23,20.98999977,1.077999949,115.9229965,270477.1875,0.486999989,248.4089966,135.3
CUST_D59D91D42872C74BAD7482484A8E67DA,PART_F846361051783347FEEA0BB027E5289C,12/1/2023,1,1,770369.92,12,226.92,105.684,56.676,21.05999947,1.077000022,116,270471,0.486999989,248.4129944,162.36
CUST_D59D91D42872C74BAD7482484A8E67DA,PART_F846361051783347FEEA0BB027E5289C,12/4/2023,1,1,774186.45,4,75.64,35.228,18.892,21.26000023,1.072999954,115.5739975,270688.3438,0.488000005,248.5549927,54.12
CUST_D59D91D42872C74BAD7482484A8E67DA,PART_F846361051783347FEEA0BB027E5289C,12/7/2023,1,1,780589.05,6,113.46,52.842,28.338,21.46999931,1.070000052,115.1480026,270905.7188,0.488000005,248.6959991,81.18
CUST_D59D91D42872C74BAD7482484A8E67DA,PART_F846361051783347FEEA0BB027E5289C,12/8/2023,1,1,784095.97,6,113.46,52.842,28.338,21.54000092,1.067999959,115.0059967,270978.1563,0.488000005,248.7429962,81.18
CUST_D59D91D42872C74BAD7482484A8E67DA,PART_F846361051783347FEEA0BB027E5289C,12/11/2023,1,1,785702.47,8,151.28,70.456,37.784,21.75,1.065000057,114.5810013,271195.5313,0.488999993,248.8849945,108.24
CUST_D59D91D42872C74BAD7482484A8E67DA,PART_F846361051783347FEEA0BB027E5289C,12/12/2023,1,1,789974.49,2,37.82,17.614,9.446,21.80999947,1.06400001,114.439003,271267.9688,0.488999993,248.9320068,27.06
CUST_D59D91D42872C74BAD7482484A8E67DA,PART_F846361051783347FEEA0BB027E5289C,12/14/2023,1,1,800204.87,6,113.46,52.842,28.338,21.95000076,1.06099999,114.1549988,271412.875,0.49000001,249.0269928,81.18
CUST_D59D91D42872C74BAD7482484A8E67DA,PART_F846361051783347FEEA0BB027E5289C,12/27/2023,1,1,816135.91,2,37.82,17.614,9.446,22.85000038,1.044999957,112.3099976,272354.75,0.492000014,249.6399994,27.06
CUST_D59D91D42872C74BAD7482484A8E67DA,PART_F846361051783347FEEA0BB027E5289C,1/2/2024,1,1,820185.72,2,37.82,17.614,9.446,23.29000092,1.041000009,111.677002,272873.1875,0.493000001,249.8769989,27.06
CUST_D59D91D42872C74BAD7482484A8E67DA,PART_F846361051783347FEEA0BB027E5289C,1/5/2024,1,1,820776.16,5,94.55,44.035,23.615,23.55999947,1.049000025,111.9100037,273341.7813,0.493000001,249.878006,67.65
CUST_D59D91D42872C74BAD7482484A8E67DA,PART_F846361051783347FEEA0BB027E5289C,1/8/2024,1,1,810659.09,2,37.82,17.614,9.446,23.81999969,1.055999994,112.1419983,273810.3438,0.493999988,249.8800049,27.06
CUST_D59D91D42872C74BAD7482484A8E67DA,PART_F846361051783347FEEA0BB027E5289C,1/9/2024,1,1,812245.81,2,37.82,17.614,9.446,23.90999985,1.059000015,112.2190018,273966.5625,0.493999988,249.8809967,27.06
CUST_D59D91D42872C74BAD7482484A8E67DA,PART_F846361051783347FEEA0BB027E5289C,1/11/2024,1,1,808970.88,10,189.1,88.07,47.23,24.07999992,1.06400001,112.3740005,274278.9375,0.493999988,249.8820038,135.3
CUST_D59D91D42872C74BAD7482484A8E67DA,PART_F846361051783347FEEA0BB027E5289C,1/16/2024,1,1,803138.11,8,151.28,70.456,37.784,24.52000046,1.075999975,112.7610016,275059.9063,0.493999988,249.8849945,108.24
CUST_D59D91D42872C74BAD7482484A8E67DA,PART_F846361051783347FEEA0BB027E5289C,1/22/2024,1,1,781324.55,10,189.1,88.07,47.23,25.04000092,1.090000033,113.2259979,275997.0625,0.495000005,249.8880005,135.3
CUST_D59D91D42872C74BAD7482484A8E67DA,PART_F846361051783347FEEA0BB027E5289C,1/29/2024,1,1,760915.35,13,245.83,114.491,61.399,25.65999985,1.10800004,113.7679977,277090.4063,0.495999992,249.8919983,175.89
CUST_D59D91D42872C74BAD7482484A8E67DA,PART_F846361051783347FEEA0BB027E5289C,1/30/2024,1,1,763759.8,3,56.73,26.421,14.169,25.73999977,1.110000014,113.8450012,277246.625,0.495999992,249.8930054,40.59
CUST_D59D91D42872C74BAD7482484A8E67DA,PART_F846361051783347FEEA0BB027E5289C,1/31/2024,1,1,760227.61,5,94.55,44.035,23.615,25.82999992,1.113000035,113.9229965,277402.8125,0.495999992,249.8930054,67.65
CUST_D59D91D42872C74BAD7482484A8E67DA,PART_F846361051783347FEEA0BB027E5289C,2/6/2024,1,1,762646.41,2,30.3,17.614,9.446,25.73999977,1.11500001,113.8450012,276848.3125,0.493999988,249.8999939,27.06
CUST_D59D91D42872C74BAD7482484A8E67DA,PART_F846361051783347FEEA0BB027E5289C,2/9/2024,1,1,757114.45,4,60.6,35.228,18.892,25.70000076,1.113999963,113.7519989,276421.9063,0.492000014,249.9029999,54.12
CUST_D59D91D42872C74BAD7482484A8E67DA,PART_F846361051783347FEEA0BB027E5289C,2/12/2024,1,1,755438.18,16,242.4,140.912,75.568,25.65999985,1.113999963,113.6589966,275995.4688,0.490999997,249.9069977,216.48
CUST_D59D91D42872C74BAD7482484A8E67DA,PART_F846361051783347FEEA0BB027E5289C,2/23/2024,1,1,753903.25,9,136.35,79.263,42.507,25.5,1.113000035,113.3170013,274431.9688,0.485000014,249.9199982,121.77
CUST_D59D91D42872C74BAD7482484A8E67DA,PART_F846361051783347FEEA0BB027E5289C,2/27/2024,1,1,755912.05,3,47.34,26.421,14.169,25.44000053,1.113000035,113.1930008,273863.4063,0.48300001,249.923996,40.59
CUST_D59D91D42872C74BAD7482484A8E67DA,PART_F846361051783347FEEA0BB027E5289C,2/28/2024,1,1,755408.55,4,63.12,35.228,18.892,25.42000008,1.113000035,113.1620026,273721.2813,0.48300001,249.9259949,54.12
CUST_D59D91D42872C74BAD7482484A8E67DA,PART_F846361051783347FEEA0BB027E5289C,3/4/2024,1,1,746151.5,0,0,0,0,24.64999962,1.111999989,113.0999985,273533.875,0.481999993,249.9329987,0
CUST_D59D91D42872C74BAD7482484A8E67DA,PART_F846361051783347FEEA0BB027E5289C,3/5/2024,1,1,751479.63,8,126.24,70.456,37.784,24.45999908,1.110999942,113.0999985,273566.1563,0.481999993,249.9349976,108.24
CUST_D59D91D42872C74BAD7482484A8E67DA,PART_F846361051783347FEEA0BB027E5289C,3/8/2024,1,1,741726.62,12,189.36,105.684,56.676,23.89999962,1.110000014,113.0999985,273663.0313,0.481999993,249.9400024,162.36
CUST_D59D91D42872C74BAD7482484A8E67DA,PART_F846361051783347FEEA0BB027E5289C,3/13/2024,1,1,739931.45,3,47.34,26.421,14.169,22.95000076,1.106999993,113.0999985,273824.4688,0.481000006,249.947998,40.59
CUST_D59D91D42872C74BAD7482484A8E67DA,PART_F846361051783347FEEA0BB027E5289C,3/14/2024,1,1,738147.54,6,94.68,52.842,28.338,22.76000023,1.106999993,113.0999985,273856.7813,0.481000006,249.9499969,81.18
CUST_D59D91D42872C74BAD7482484A8E67DA,PART_F846361051783347FEEA0BB027E5289C,3/15/2024,1,1,739489.59,6,94.68,52.842,28.338,22.56999969,1.105999947,113.0999985,273889.0625,0.481000006,249.951004,81.18
CUST_D59D91D42872C74BAD7482484A8E67DA,PART_F846361051783347FEEA0BB027E5289C,3/20/2024,1,1,732777.73,3,47.34,26.421,14.169,21.62999916,1.103999972,113.0999985,274050.5313,0.481000006,249.9600067,40.59
CUST_D59D91D42872C74BAD7482484A8E67DA,PART_F846361051783347FEEA0BB027E5289C,3/25/2024,1,1,723911.68,7,110.46,61.649,33.061,20.68000031,1.100999951,113.0999985,274211.9688,0.479999989,249.9680023,94.71
CUST_D59D91D42872C74BAD7482484A8E67DA,PART_F846361051783347FEEA0BB027E5289C,3/26/2024,1,1,727765.39,10,157.8,88.07,47.23,20.5,1.100999951,113.0999985,274244.25,0.479999989,249.9700012,135.3
CUST_D59D91D42872C74BAD7482484A8E67DA,PART_F846361051783347FEEA0BB027E5289C,4/1/2024,1,1,718269.26,4,63.12,35.228,18.892,19.67000008,1.09800005,113.0999985,274438,0.479999989,249.9799957,54.12
CUST_D59D91D42872C74BAD7482484A8E67DA,PART_F846361051783347FEEA0BB027E5289C,4/4/2024,1,1,718004.58,2,31.56,17.614,9.446,20.03000069,1.09800005,113.2799988,274444.8125,0.479000002,249.9230042,27.06
CUST_D59D91D42872C74BAD7482484A8E67DA,PART_F846361051783347FEEA0BB027E5289C,4/8/2024,1,1,713379.87,4,63.12,35.228,18.892,20.52000046,1.09800005,113.5199966,274453.875,0.477999985,249.8470001,54.12
CUST_D59D91D42872C74BAD7482484A8E67DA,PART_F846361051783347FEEA0BB027E5289C,4/10/2024,1,1,713910.34,8,126.24,70.456,37.784,20.76000023,1.09800005,113.6399994,274458.4063,0.477999985,249.8099976,108.24
CUST_D59D91D42872C74BAD7482484A8E67DA,PART_F846361051783347FEEA0BB027E5289C,4/16/2024,1,1,712944.76,3,47.34,26.421,14.169,21.48999977,1.09800005,114,274472,0.476999998,249.6959991,40.59
CUST_D59D91D42872C74BAD7482484A8E67DA,PART_F846361051783347FEEA0BB027E5289C,4/17/2024,1,1,710765.99,4,63.12,35.228,18.892,21.61000061,1.09800005,114.0599976,274474.2813,0.476000011,249.677002,54.12
CUST_D59D91D42872C74BAD7482484A8E67DA,PART_F846361051783347FEEA0BB027E5289C,4/18/2024,1,1,713889.71,2,31.56,17.614,9.446,21.72999954,1.09800005,114.1200027,274476.5313,0.476000011,249.6580048,27.06
CUST_D59D91D42872C74BAD7482484A8E67DA,PART_F846361051783347FEEA0BB027E5289C,4/23/2024,1,1,711882.44,8,126.24,70.456,37.784,22.32999992,1.09800005,114.4199982,274487.875,0.474999994,249.5630035,108.24
CUST_D59D91D42872C74BAD7482484A8E67DA,PART_F846361051783347FEEA0BB027E5289C,4/24/2024,1,1,709518.15,3,47.34,26.421,14.169,22.45000076,1.09800005,114.4800034,274490.125,0.474999994,249.5449982,40.59
CUST_D59D91D42872C74BAD7482484A8E67DA,PART_F846361051783347FEEA0BB027E5289C,4/30/2024,1,1,705270.4,2,31.56,17.614,9.446,23.18000031,1.09800005,114.8399963,274503.7188,0.47299999,249.4309998,27.06
CUST_D59D91D42872C74BAD7482484A8E67DA,PART_F846361051783347FEEA0BB027E5289C,5/1/2024,1,1,706362.26,2,31.56,17.614,9.446,23.30999947,1.09800005,114.9000015,274506,0.47299999,249.4120026,27.06
CUST_D59D91D42872C74BAD7482484A8E67DA,PART_F846361051783347FEEA0BB027E5289C,5/2/2024,1,1,704745.75,3,47.34,26.421,14.169,23.43000031,1.097000003,114.8679962,274498.125,0.47299999,249.4120026,40.59
CUST_D59D91D42872C74BAD7482484A8E67DA,PART_F846361051783347FEEA0BB027E5289C,5/6/2024,1,1,699453.42,14,220.92,123.298,66.122,23.94000053,1.095000029,114.7389984,274466.6563,0.472000003,249.4140015,189.42
CUST_D59D91D42872C74BAD7482484A8E67DA,PART_F846361051783347FEEA0BB027E5289C,5/7/2024,1,1,705586.98,2,31.56,17.614,9.446,24.06999969,1.093999982,114.7060013,274458.7813,0.472000003,249.4149933,27.06
CUST_D59D91D42872C74BAD7482484A8E67DA,PART_F846361051783347FEEA0BB027E5289C,5/13/2024,1,1,702980.08,5,78.9,44.035,23.615,24.84000015,1.090000033,114.5130005,274411.5625,0.469999999,249.4170074,67.65
CUST_D59D91D42872C74BAD7482484A8E67DA,PART_F846361051783347FEEA0BB027E5289C,5/14/2024,1,1,706542.29,10,157.8,88.07,47.23,24.95999908,1.090000033,114.4810028,274403.6875,0.469999999,249.4179993,135.3
CUST_D59D91D42872C74BAD7482484A8E67DA,PART_F846361051783347FEEA0BB027E5289C,5/15/2024,1,1,707351.67,7,110.46,61.649,33.061,25.09000015,1.088999987,114.447998,274395.8125,0.469999999,249.4179993,94.71
CUST_D59D91D42872C74BAD7482484A8E67DA,PART_F846361051783347FEEA0BB027E5289C,5/16/2024,1,1,704128.24,7,110.46,61.649,33.061,25.21999931,1.088000059,114.4160004,274387.9375,0.469999999,249.4190063,94.71
CUST_D59D91D42872C74BAD7482484A8E67DA,PART_F846361051783347FEEA0BB027E5289C,5/17/2024,1,1,705137.45,2,31.56,17.614,9.446,25.35000038,1.088000059,114.3840027,274380.0625,0.469000012,249.4190063,27.06
CUST_D59D91D42872C74BAD7482484A8E67DA,PART_F846361051783347FEEA0BB027E5289C,5/22/2024,1,1,704808.74,5,78.9,44.035,23.615,25.97999954,1.083999991,114.2229996,274340.7188,0.467999995,249.4210052,67.65
CUST_D59D91D42872C74BAD7482484A8E67DA,PART_F846361051783347FEEA0BB027E5289C,5/23/2024,1,1,707722.77,4,63.12,35.228,18.892,26.11000061,1.083999991,114.1900024,274332.8438,0.467999995,249.4219971,54.12
CUST_D59D91D42872C74BAD7482484A8E67DA,PART_F846361051783347FEEA0BB027E5289C,5/28/2024,1,1,702043.93,9,142.02,79.263,42.507,26.75,1.08099997,114.0289993,274293.4688,0.467000008,249.423996,121.77
CUST_D59D91D42872C74BAD7482484A8E67DA,PART_F846361051783347FEEA0BB027E5289C,5/29/2024,1,1,710515.94,2,31.56,17.614,9.446,26.87999916,1.080000043,113.9970016,274285.625,0.467000008,249.4250031,27.06
CUST_D59D91D42872C74BAD7482484A8E67DA,PART_F846361051783347FEEA0BB027E5289C,5/30/2024,1,1,707149.53,2,31.56,17.614,9.446,27,1.078999996,113.9649963,274277.75,0.465999991,249.4250031,27.06
CUST_D59D91D42872C74BAD7482484A8E67DA,PART_F846361051783347FEEA0BB027E5289C,6/4/2024,1,1,700034.29,5,78.9,43.175,24.475,26.30999947,1.08099997,113.8700027,274173.5938,0.469000012,249.4279938,67.65
CUST_D59D91D42872C74BAD7482484A8E67DA,PART_F846361051783347FEEA0BB027E5289C,6/7/2024,1,1,700598.73,6,94.68,51.81,29.37,25.69000053,1.083999991,113.8399963,274085.1875,0.472000003,249.4290009,81.18
CUST_D59D91D42872C74BAD7482484A8E67DA,PART_F846361051783347FEEA0BB027E5289C,6/11/2024,1,1,704665.23,2,31.56,17.27,9.79,24.86000061,1.088999987,113.8000031,273967.3438,0.476000011,249.4309998,27.06
CUST_D59D91D42872C74BAD7482484A8E67DA,PART_F846361051783347FEEA0BB027E5289C,6/12/2024,1,1,707224.54,6,94.68,51.81,29.37,24.65999985,1.090000033,113.7900009,273937.875,0.476999998,249.4320068,81.18
CUST_D59D91D42872C74BAD7482484A8E67DA,PART_F846361051783347FEEA0BB027E5289C,6/17/2024,1,1,700331.21,4,63.12,34.54,19.58,23.62999916,1.095000029,113.7399979,273790.5313,0.481000006,249.4349976,54.12
CUST_D59D91D42872C74BAD7482484A8E67DA,PART_F846361051783347FEEA0BB027E5289C,6/19/2024,1,1,699246.01,7,110.46,60.445,34.265,23.21999931,1.097000003,113.7200012,273731.5938,0.48300001,249.4360046,94.71
CUST_D59D91D42872C74BAD7482484A8E67DA,PART_F846361051783347FEEA0BB027E5289C,6/25/2024,1,1,706892.64,6,94.68,51.81,29.37,21.97999954,1.103999972,113.6600037,273554.8125,0.488999993,249.4389954,81.18
CUST_D59D91D42872C74BAD7482484A8E67DA,PART_F846361051783347FEEA0BB027E5289C,6/26/2024,1,1,705014.39,6,94.68,51.81,29.37,21.77000046,1.105000019,113.6500015,273525.3438,0.49000001,249.4389954,81.18
CUST_D59D91D42872C74BAD7482484A8E67DA,PART_F846361051783347FEEA0BB027E5289C,6/27/2024,1,1,700259.12,6,94.68,51.81,29.37,21.56999969,1.105999947,113.6399994,273495.875,0.490999997,249.4400024,81.18
CUST_D59D91D42872C74BAD7482484A8E67DA,PART_F846361051783347FEEA0BB027E5289C,7/2/2024,1,1,693578.15,2,30.94,17.27,9.79,20.89999962,1.110000014,113.6259995,273408.2813,0.495000005,249.4420013,27.06
CUST_D59D91D42872C74BAD7482484A8E67DA,PART_F846361051783347FEEA0BB027E5289C,7/3/2024,1,1,694975.44,6,92.82,51.81,29.37,20.87999916,1.110999942,113.6520004,273438.5938,0.495000005,249.4429932,81.18
CUST_D59D91D42872C74BAD7482484A8E67DA,PART_F846361051783347FEEA0BB027E5289C,7/9/2024,1,1,696175.65,3,46.41,25.905,14.685,20.72999954,1.113000035,113.8059998,273620.3125,0.495000005,249.4450073,40.59
CUST_D59D91D42872C74BAD7482484A8E67DA,PART_F846361051783347FEEA0BB027E5289C,7/10/2024,1,1,694472.8,26,402.22,224.51,127.27,20.70000076,1.113000035,113.8320007,273650.625,0.495000005,249.4450073,351.78
CUST_D59D91D42872C74BAD7482484A8E67DA,PART_F846361051783347FEEA0BB027E5289C,7/18/2024,1,1,693254.13,6,92.82,51.81,29.37,20.51000023,1.116000056,114.0390015,273892.9375,0.493999988,249.447998,81.18
CUST_D59D91D42872C74BAD7482484A8E67DA,PART_F846361051783347FEEA0BB027E5289C,7/23/2024,1,1,693378.38,7,108.29,60.445,-21.525,20.38999939,1.118000031,114.1679993,274044.375,0.493999988,249.4499969,38.92
CUST_D59D91D42872C74BAD7482484A8E67DA,PART_F846361051783347FEEA0BB027E5289C,7/25/2024,1,1,693426.15,5,77.35,43.175,24.475,20.34000015,1.118999958,114.2190018,274104.9688,0.493999988,249.451004,67.65
CUST_D59D91D42872C74BAD7482484A8E67DA,PART_F846361051783347FEEA0BB027E5289C,7/29/2024,1,1,690517.53,6,92.82,51.81,29.37,20.23999977,1.120000005,114.322998,274226.125,0.493999988,249.4519958,81.18
CUST_D59D91D42872C74BAD7482484A8E67DA,PART_F846361051783347FEEA0BB027E5289C,8/7/2024,1,1,690235.49,7,108.29,60.445,34.265,20.02000046,1.116999984,114.1480026,274091.125,0.490999997,250.0590057,94.71
CUST_D59D91D42872C74BAD7482484A8E67DA,PART_F846361051783347FEEA0BB027E5289C,8/8/2024,1,1,690876.58,8,123.76,69.08,39.16,19.98999977,1.116999984,114.1060028,274053.4688,0.490999997,250.1600037,108.24
CUST_D59D91D42872C74BAD7482484A8E67DA,PART_F846361051783347FEEA0BB027E5289C,8/12/2024,1,1,693143.69,5,77.35,43.175,24.475,19.88999939,1.113999963,113.939003,273902.9063,0.488999993,250.5650024,67.65
CUST_D59D91D42872C74BAD7482484A8E67DA,PART_F846361051783347FEEA0BB027E5289C,8/13/2024,1,1,694966.97,5,77.35,43.175,24.475,19.87000084,1.113999963,113.8970032,273865.25,0.488999993,250.6660004,67.65
CUST_D59D91D42872C74BAD7482484A8E67DA,PART_F846361051783347FEEA0BB027E5289C,8/20/2024,1,1,689649.02,3,46.41,25.905,14.655,19.69000053,1.108999968,113.6029968,273601.75,0.485000014,251.3730011,40.56
CUST_D59D91D42872C74BAD7482484A8E67DA,PART_F846361051783347FEEA0BB027E5289C,8/21/2024,1,1,689365.46,5,77.35,43.175,24.425,19.67000008,1.108999968,113.560997,273564.0938,0.485000014,251.473999,67.6
CUST_D59D91D42872C74BAD7482484A8E67DA,PART_F846361051783347FEEA0BB027E5289C,9/3/2024,1,1,686778.75,11,169.55,94.985,53.715,19.5,1.100999951,113.1600037,273348.3438,0.479000002,252.5859985,148.7
CUST_D59D91D42872C74BAD7482484A8E67DA,PART_F846361051783347FEEA0BB027E5289C,9/5/2024,1,1,685779.04,2,30.94,17.27,9.77,19.54999924,1.098999977,113.2200012,273546.6563,0.477999985,252.5859985,27.04
CUST_D59D91D42872C74BAD7482484A8E67DA,PART_F846361051783347FEEA0BB027E5289C,9/6/2024,1,1,686124.64,6,92.82,51.81,29.31,19.56999969,1.098999977,113.25,273645.8438,0.476999998,252.5859985,81.12
CUST_D59D91D42872C74BAD7482484A8E67DA,PART_F846361051783347FEEA0BB027E5289C,9/10/2024,1,1,686419.79,8,123.76,69.08,39.08,19.67000008,1.095999956,113.3700027,274042.5,0.474999994,252.5859985,108.16
CUST_D59D91D42872C74BAD7482484A8E67DA,PART_F846361051783347FEEA0BB027E5289C,9/18/2024,1,1,686204.92,5,77.35,43.175,24.425,19.87999916,1.090000033,113.6100006,274835.8438,0.470999986,252.5859985,67.6
CUST_D59D91D42872C74BAD7482484A8E67DA,PART_F846361051783347FEEA0BB027E5289C,9/20/2024,1,1,684905.1,4,61.88,34.54,19.54,19.93000031,1.088999987,113.6699982,275034.1563,0.469999999,252.5859985,54.08
CUST_D59D91D42872C74BAD7482484A8E67DA,PART_F846361051783347FEEA0BB027E5289C,9/27/2024,1,1,683031.36,6,92.82,51.81,29.31,20.10000038,1.083999991,113.8799973,275728.3438,0.465999991,252.5859985,81.12
CUST_D59D91D42872C74BAD7482484A8E67DA,PART_F846361051783347FEEA0BB027E5289C,10/1/2024,1,1,680478.84,2,30.94,17.27,9.77,20.71999931,1.08099997,114,276125,0.463999987,252.5859985,27.04
CUST_D59D91D42872C74BAD7482484A8E67DA,PART_F846361051783347FEEA0BB027E5289C,10/9/2024,1,1,682303.39,4,61.88,34.54,19.54,25.03000069,1.082000017,113.7419968,275684.2188,0.470999986,252.595993,54.08
CUST_D59D91D42872C74BAD7482484A8E67DA,PART_F846361051783347FEEA0BB027E5289C,10/15/2024,1,1,674800.88,5,81.45,43.175,24.425,28.26000023,1.082999945,113.5479965,275353.6563,0.476000011,252.6040039,67.6
CUST_D59D91D42872C74BAD7482484A8E67DA,PART_F846361051783347FEEA0BB027E5289C,10/16/2024,1,1,681771.51,5,81.45,43.175,24.425,28.79000092,1.082999945,113.5159988,275298.5625,0.476999998,252.6049957,67.6
CUST_D59D91D42872C74BAD7482484A8E67DA,PART_F846361051783347FEEA0BB027E5289C,10/18/2024,1,1,683590.87,6,97.74,51.81,29.31,29.87000084,1.083999991,113.4520035,275188.3438,0.479000002,252.6080017,81.12
CUST_D59D91D42872C74BAD7482484A8E67DA,PART_F846361051783347FEEA0BB027E5289C,10/22/2024,1,1,685885.55,4,65.16,34.54,19.54,32.02000046,1.083999991,113.322998,274967.9688,0.481999993,252.6130066,54.08
CUST_D59D91D42872C74BAD7482484A8E67DA,PART_F846361051783347FEEA0BB027E5289C,10/23/2024,1,1,686063.23,6,97.74,51.81,29.31,32.56000137,1.085000038,113.2900009,274912.875,0.48300001,252.6139984,81.12
CUST_D59D91D42872C74BAD7482484A8E67DA,PART_F846361051783347FEEA0BB027E5289C,11/12/2024,1,1,677037.91,4,65.16,34.54,19.54,31.38999939,1.057000041,112.8529968,275041.8125,0.479999989,252.6759949,54.08
CUST_D59D91D42872C74BAD7482484A8E67DA,PART_F846361051783347FEEA0BB027E5289C,11/13/2024,1,1,679570.76,8,130.32,69.08,39.08,30.93000031,1.05400002,112.8399963,275098.5938,0.479000002,252.6799927,108.16
CUST_D59D91D42872C74BAD7482484A8E67DA,PART_F846361051783347FEEA0BB027E5289C,11/15/2024,1,1,683309.03,12,195.48,103.62,58.62,30.02000046,1.049000025,112.8130035,275212.1875,0.476999998,252.6889954,162.24
CUST_D59D91D42872C74BAD7482484A8E67DA,PART_F846361051783347FEEA0BB027E5289C,11/19/2024,1,1,683101.75,3,48.87,25.905,14.655,28.19000053,1.039000034,112.7600021,275439.4063,0.47299999,252.7079926,40.56
CUST_D59D91D42872C74BAD7482484A8E67DA,PART_F846361051783347FEEA0BB027E5289C,11/20/2024,1,1,684660.4,5,81.45,43.175,24.425,27.72999954,1.036000013,112.7470016,275496.1875,0.472000003,252.7120056,67.6
CUST_D59D91D42872C74BAD7482484A8E67DA,PART_F846361051783347FEEA0BB027E5289C,12/3/2024,1,1,684149.1,3,48.87,25.905,14.655,23.27000046,1.003999949,112.5680008,276115.125,0.462000012,252.7610016,40.56
CUST_D59D91D42872C74BAD7482484A8E67DA,PART_F846361051783347FEEA0BB027E5289C,12/5/2024,1,1,685118.28,3,48.87,25.905,14.655,23.34000015,1,112.5350037,276109.25,0.463,252.7610016,40.56
CUST_D59D91D42872C74BAD7482484A8E67DA,PART_F846361051783347FEEA0BB027E5289C,12/10/2024,1,1,684184.24,11,179.19,94.985,53.735,23.52000046,0.991999984,112.4550018,276094.5938,0.465000004,252.7590027,148.72
CUST_D59D91D42872C74BAD7482484A8E67DA,PART_F846361051783347FEEA0BB027E5289C,12/12/2024,1,1,676841.96,6,97.74,51.81,29.31,23.60000038,0.987999976,112.4229965,276088.7188,0.465999991,252.7590027,81.12
CUST_D59D91D42872C74BAD7482484A8E67DA,PART_F846361051783347FEEA0BB027E5289C,12/13/2024,1,1,674031.18,6,97.74,51.81,29.31,23.62999916,0.986000001,112.4059982,276085.7813,0.465999991,252.7590027,81.12
CUST_D59D91D42872C74BAD7482484A8E67DA,PART_F846361051783347FEEA0BB027E5289C,12/16/2024,1,1,672275.95,6,97.74,51.81,29.31,23.73999977,0.981000006,112.3580017,276076.9688,0.467000008,252.7579956,81.12
CUST_D59D91D42872C74BAD7482484A8E67DA,PART_F846361051783347FEEA0BB027E5289C,12/23/2024,1,1,676511.88,7,114.03,60.445,34.195,24,0.968999982,112.2450027,276056.4063,0.469999999,252.7559967,94.64
CUST_D59D91D42872C74BAD7482484A8E67DA,PART_F846361051783347FEEA0BB027E5289C,1/7/2025,1,1,673036.46,5,81.45,43.175,24.425,23.96999931,0.97299999,112.447998,275729.625,0.469000012,252.8829956,67.6
CUST_D59D91D42872C74BAD7482484A8E67DA,PART_F846361051783347FEEA0BB027E5289C,1/13/2025,1,1,664889.22,5,81.45,43.175,24.425,23.70000076,0.992999971,112.7969971,275429.2188,0.463,253.0119934,67.6
CUST_D59D91D42872C74BAD7482484A8E67DA,PART_F846361051783347FEEA0BB027E5289C,1/14/2025,1,1,668220.63,6,97.74,51.81,29.31,23.64999962,0.995999992,112.8550034,275379.1563,0.462000012,253.0339966,81.12
CUST_D59D91D42872C74BAD7482484A8E67DA,PART_F846361051783347FEEA0BB027E5289C,1/20/2025,1,1,662246.38,2,37.38,17.27,9.77,23.37999916,1.014999986,113.2030029,275078.7813,0.456999987,253.1640015,27.04
CUST_D59D91D42872C74BAD7482484A8E67DA,PART_F846361051783347FEEA0BB027E5289C,1/21/2025,1,1,665028.46,8,149.52,69.08,39.08,23.32999992,1.019000053,113.2610016,275028.7188,0.456,253.1849976,108.16
CUST_D59D91D42872C74BAD7482484A8E67DA,PART_F846361051783347FEEA0BB027E5289C,1/28/2025,1,1,664107.71,3,56.07,25.905,14.655,23.02000046,1.041000009,113.6679993,274678.25,0.449999988,253.3370056,40.56
CUST_D59D91D42872C74BAD7482484A8E67DA,PART_F846361051783347FEEA0BB027E5289C,1/31/2025,1,1,660774.87,5,93.45,43.175,24.425,22.87999916,1.050999999,113.8420029,274528.0625,0.446999997,253.401001,67.6
CUST_D59D91D42872C74BAD7482484A8E67DA,PART_F846361051783347FEEA0BB027E5289C,2/11/2025,1,1,661932.92,6,112.14,51.81,29.31,22.87999916,1.05400002,113.7929993,275467.6563,0.449999988,253.7019958,81.12
CUST_D59D91D42872C74BAD7482484A8E67DA,PART_F846361051783347FEEA0BB027E5289C,2/13/2025,1,1,660624.79,6,134.94,51.81,29.31,22.87999916,1.05400002,113.7710037,275665.5625,0.451000005,253.7579956,81.12
CUST_D59D91D42872C74BAD7482484A8E67DA,PART_F846361051783347FEEA0BB027E5289C,2/21/2025,1,1,648689.02,6,134.94,51.81,29.31,22.88999939,1.05400002,113.685997,276457.2813,0.455000013,253.9819946,81.12
CUST_D59D91D42872C74BAD7482484A8E67DA,PART_F846361051783347FEEA0BB027E5289C,2/25/2025,1,1,646733.39,6,134.94,51.81,29.31,22.88999939,1.05400002,113.6429977,276853.1563,0.456,254.0930023,81.12
CUST_D59D91D42872C74BAD7482484A8E67DA,PART_F846361051783347FEEA0BB027E5289C,2/28/2025,1,1,647302.76,8,179.92,69.08,39.08,22.88999939,1.05400002,113.6110001,277150.0313,0.458000004,254.177002,108.16
CUST_D59D91D42872C74BAD7482484A8E67DA,PART_F846361051783347FEEA0BB027E5289C,3/5/2025,1,1,649241.36,4,89.96,34.54,19.54,22.92000008,1.054999948,113.6259995,277355.3125,0.456999987,254.2140045,54.08
CUST_D59D91D42872C74BAD7482484A8E67DA,PART_F846361051783347FEEA0BB027E5289C,3/6/2025,1,1,650871.83,2,44.98,17.27,9.77,22.93000031,1.054999948,113.6320038,277381.9063,0.456999987,254.2160034,27.04
CUST_D59D91D42872C74BAD7482484A8E67DA,PART_F846361051783347FEEA0BB027E5289C,3/11/2025,1,1,648221.02,3,67.47,25.905,14.655,22.95999908,1.054999948,113.6650009,277514.8125,0.456,254.227005,40.56
CUST_D59D91D42872C74BAD7482484A8E67DA,PART_F846361051783347FEEA0BB027E5289C,3/13/2025,1,1,648404.05,7,157.43,68.929,25.711,22.96999931,1.055999994,113.677002,277567.9688,0.455000013,254.2310028,94.64
CUST_D59D91D42872C74BAD7482484A8E67DA,PART_F846361051783347FEEA0BB027E5289C,3/19/2025,1,1,647708.06,6,134.94,59.082,22.038,23.01000023,1.055999994,113.7160034,277727.4375,0.453999996,254.2440033,81.12
CUST_D59D91D42872C74BAD7482484A8E67DA,PART_F846361051783347FEEA0BB027E5289C,3/21/2025,1,1,646733.33,3,67.47,29.541,11.019,23.03000069,1.057000041,113.7289963,277780.625,0.453000009,254.2489929,40.56
CUST_D59D91D42872C74BAD7482484A8E67DA,PART_F846361051783347FEEA0BB027E5289C,3/25/2025,1,1,649825.66,12,269.88,118.164,44.076,23.04999924,1.057000041,113.7549973,277886.9375,0.453000009,254.2579956,162.24
CUST_D59D91D42872C74BAD7482484A8E67DA,PART_F846361051783347FEEA0BB027E5289C,4/1/2025,1,1,651533.37,4,89.96,39.388,14.692,23.14999962,1.057999969,113.8000031,278073,0.451000005,254.272995,54.08
CUST_D59D91D42872C74BAD7482484A8E67DA,PART_F846361051783347FEEA0BB027E5289C,4/4/2025,1,1,651647.01,8,179.92,78.776,29.384,23.35000038,1.057999969,113.7799988,277923.5938,0.451000005,254.2769928,108.16
CUST_D59D91D42872C74BAD7482484A8E67DA,PART_F846361051783347FEEA0BB027E5289C,4/8/2025,1,1,652545.55,4,89.96,39.388,14.692,23.60000038,1.057000041,113.7529984,277724.4063,0.451999992,254.2810059,54.08
CUST_D59D91D42872C74BAD7482484A8E67DA,PART_F846361051783347FEEA0BB027E5289C,4/14/2025,1,1,655532.62,8,179.92,78.776,29.384,23.98999977,1.055999994,113.7129974,277425.5938,0.451999992,254.2879944,108.16
CUST_D59D91D42872C74BAD7482484A8E67DA,PART_F846361051783347FEEA0BB027E5289C,4/15/2025,1,1,659313.14,7,157.43,68.929,25.711,24.05999947,1.055999994,113.7070007,277375.8125,0.451999992,254.2890015,94.64
CUST_D59D91D42872C74BAD7482484A8E67DA,PART_F846361051783347FEEA0BB027E5289C,4/21/2025,1,1,648694.84,5,112.45,49.235,18.365,24.44000053,1.054999948,113.6669998,277077,0.453000009,254.2960052,67.6
CUST_D59D91D42872C74BAD7482484A8E67DA,PART_F846361051783347FEEA0BB027E5289C,4/25/2025,1,1,652724.52,4,89.96,64.92,-10.84,24.70000076,1.054999948,113.6399994,276877.8125,0.453000009,254.3009949,54.08
CUST_D59D91D42872C74BAD7482484A8E67DA,PART_F846361051783347FEEA0BB027E5289C,4/29/2025,1,1,653723.31,13,292.37,210.99,-35.23,24.95999908,1.05400002,113.612999,276678.5938,0.453999996,254.3059998,175.76
CUST_D59D91D42872C74BAD7482484A8E67DA,PART_F846361051783347FEEA0BB027E5289C,5/1/2025,1,1,653868.99,7,157.43,113.61,-18.97,25.54000092,1.05400002,113.5999985,276579,0.453999996,254.3079987,94.64
CUST_D59D91D42872C74BAD7482484A8E67DA,PART_F846361051783347FEEA0BB027E5289C,5/2/2025,1,1,654064.13,3,67.47,48.69,-8.13,26.05999947,1.05400002,113.5899963,276571.6563,0.453999996,254.3090057,40.56
CUST_D59D91D42872C74BAD7482484A8E67DA,PART_F846361051783347FEEA0BB027E5289C,5/7/2025,1,1,649456.18,5,112.45,81.15,-13.55,28.65999985,1.05400002,113.5419998,276534.875,0.453999996,254.3130035,67.6
CUST_D59D91D42872C74BAD7482484A8E67DA,PART_F846361051783347FEEA0BB027E5289C,5/13/2025,1,1,643873.28,8,179.92,129.84,-21.68,31.78000069,1.052999973,113.4840012,276490.75,0.453999996,254.3170013,108.16
CUST_D59D91D42872C74BAD7482484A8E67DA,PART_F846361051783347FEEA0BB027E5289C,5/15/2025,1,1,641954.08,8,179.92,129.84,-21.68,32.81999969,1.052999973,113.4649963,276476.0313,0.453999996,254.3190002,108.16
CUST_D59D91D42872C74BAD7482484A8E67DA,PART_F846361051783347FEEA0BB027E5289C,5/19/2025,1,1,637605.6,6,134.94,62.718,18.402,34.90000153,1.052999973,113.4260025,276446.625,0.453000009,254.3220062,81.12
CUST_D59D91D42872C74BAD7482484A8E67DA,PART_F846361051783347FEEA0BB027E5289C,5/23/2025,1,1,638596.35,3,67.47,31.359,9.201,36.97999954,1.052999973,113.387001,276417.1875,0.453000009,254.3249969,40.56
CUST_D59D91D42872C74BAD7482484A8E67DA,PART_F846361051783347FEEA0BB027E5289C,5/28/2025,1,1,635419.25,6,134.94,62.718,18.402,39.58000183,1.052000046,113.3389969,276380.4063,0.453000009,254.3289948,81.12
CUST_D59D91D42872C74BAD7482484A8E67DA,PART_F846361051783347FEEA0BB027E5289C,6/2/2025,1,1,624476.19,2,44.98,20.906,9.934,40.24000168,1.050999999,113.3270035,276398.0625,0.451999992,254.3320007,30.84
CUST_D59D91D42872C74BAD7482484A8E67DA,PART_F846361051783347FEEA0BB027E5289C,6/3/2025,1,1,628677.29,12,269.88,125.436,59.604,39.77999878,1.050999999,113.3529968,276445.125,0.451000005,254.3320007,185.04
CUST_D59D91D42872C74BAD7482484A8E67DA,PART_F846361051783347FEEA0BB027E5289C,6/9/2025,1,1,628948.02,2,44.98,20.906,9.934,37.06999969,1.047000051,113.5130005,276727.5313,0.444999993,254.3320007,30.84
CUST_D59D91D42872C74BAD7482484A8E67DA,PART_F846361051783347FEEA0BB027E5289C,6/10/2025,1,1,632676.36,5,112.45,52.265,24.835,36.61999893,1.046000004,113.5400009,276774.5938,0.444000006,254.3320007,77.1
CUST_D59D91D42872C74BAD7482484A8E67DA,PART_F846361051783347FEEA0BB027E5289C,6/17/2025,1,1,619939.36,2,44.98,20.906,9.934,33.45000076,1.042000055,113.7269974,277104.0625,0.43599999,254.3320007,30.84
CUST_D59D91D42872C74BAD7482484A8E67DA,PART_F846361051783347FEEA0BB027E5289C,6/19/2025,1,1,625861.96,6,134.94,62.718,29.802,32.54999924,1.041000009,113.7799988,277198.1875,0.433999985,254.3320007,92.52
CUST_D59D91D42872C74BAD7482484A8E67DA,PART_F846361051783347FEEA0BB027E5289C,6/24/2025,1,1,619582.5,14,314.86,146.342,69.538,30.28000069,1.036999941,113.913002,277433.5313,0.42899999,254.3320007,215.88
CUST_D59D91D42872C74BAD7482484A8E67DA,PART_F846361051783347FEEA0BB027E5289C,6/26/2025,1,1,620132.49,-5,-112.45,-52.265,-24.835,29.37999916,1.036000013,113.9670029,277527.6563,0.426999986,254.3320007,-77.1
CUST_D59D91D42872C74BAD7482484A8E67DA,PART_F846361051783347FEEA0BB027E5289C,7/8/2025,1,1,629275.22,6,134.94,59.082,33.438,26.69000053,1.029000044,114.2809982,277728,0.416999996,254.4649963,92.52
CUST_D59D91D42872C74BAD7482484A8E67DA,PART_F846361051783347FEEA0BB027E5289C,7/15/2025,1,1,634135.77,6,134.94,59.082,33.438,25.92000008,1.026000023,114.4609985,277693,0.412,254.598999,92.52
CUST_D59D91D42872C74BAD7482484A8E67DA,PART_F846361051783347FEEA0BB027E5289C,7/16/2025,1,1,635046.31,4,89.96,39.388,22.292,25.79999924,1.024999976,114.4869995,277688,0.411000013,254.6179962,61.68
CUST_D59D91D42872C74BAD7482484A8E67DA,PART_F846361051783347FEEA0BB027E5289C,7/23/2025,1,1,629152.07,13,292.37,128.011,72.449,25.03000069,1.021999955,114.6679993,277653,0.405999988,254.7510071,200.46
CUST_D59D91D42872C74BAD7482484A8E67DA,PART_F846361051783347FEEA0BB027E5289C,7/29/2025,1,1,632788.55,10,224.9,98.47,55.73,24.37000084,1.019000053,114.822998,277623,0.40200001,254.8659973,154.2
CUST_D59D91D42872C74BAD7482484A8E67DA,PART_F846361051783347FEEA0BB027E5289C,7/30/2025,1,1,632521.2,10,224.9,98.47,55.73,24.26000023,1.018000007,114.8479996,277618,0.400999993,254.8849945,154.2
CUST_D59D91D42872C74BAD7482484A8E67DA,PART_F846361051783347FEEA0BB027E5289C,8/5/2025,1,1,627198.84,2,44.78,19.694,10.986,24.18000031,1.019999981,114.7580032,277677.4063,0.398000002,255.0879974,30.68
CUST_D59D91D42872C74BAD7482484A8E67DA,PART_F846361051783347FEEA0BB027E5289C,8/8/2025,1,1,629102.16,5,111.95,49.235,27.465,24.20000076,1.023000002,114.6520004,277729.4688,0.395999998,255.2120056,76.7
CUST_D59D91D42872C74BAD7482484A8E67DA,PART_F846361051783347FEEA0BB027E5289C,8/15/2025,1,1,633298.25,2,44.78,19.694,10.986,24.25,1.027999997,114.4029999,277850.9688,0.39199999,255.5019989,30.68
CUST_D59D91D42872C74BAD7482484A8E67DA,PART_F846361051783347FEEA0BB027E5289C,8/19/2025,1,1,634980.39,4,89.56,39.388,21.972,24.27000046,1.031999946,114.2610016,277920.375,0.389999986,255.6670074,61.36
CUST_D59D91D42872C74BAD7482484A8E67DA,PART_F846361051783347FEEA0BB027E5289C,8/22/2025,1,1,635994.42,2,44.78,19.694,10.986,24.29000092,1.034000039,114.1549988,277972.4375,0.388000011,255.7910004,30.68
CUST_D59D91D42872C74BAD7482484A8E67DA,PART_F846361051783347FEEA0BB027E5289C,8/25/2025,1,1,630791.94,5,111.95,49.235,27.465,24.30999947,1.036000013,114.0479965,278024.5313,0.386999995,255.9160004,76.7
CUST_D59D91D42872C74BAD7482484A8E67DA,PART_F846361051783347FEEA0BB027E5289C,8/26/2025,1,1,639437.11,5,111.95,49.235,27.465,24.31999969,1.036999941,114.0130005,278041.875,0.386000007,255.9570007,76.7
CUST_D59D91D42872C74BAD7482484A8E67DA,PART_F846361051783347FEEA0BB027E5289C,8/28/2025,1,1,642692.87,10,223.9,98.47,54.93,24.32999992,1.039000034,113.9420013,278076.5938,0.38499999,256.0400085,153.4
CUST_D59D91D42872C74BAD7482484A8E67DA,PART_F846361051783347FEEA0BB027E5289C,8/29/2025,1,1,645359.96,6,134.34,59.082,32.958,24.34000015,1.039999962,113.9059982,278093.9375,0.38499999,256.0809937,92.04
CUST_D59D91D42872C74BAD7482484A8E67DA,PART_F846361051783347FEEA0BB027E5289C,9/2/2025,1,1,644492.66,6,134.34,59.082,32.958,24.36000061,1.041000009,113.7470016,278129.3125,0.381999999,256.2049866,92.04
CUST_D59D91D42872C74BAD7482484A8E67DA,PART_F846361051783347FEEA0BB027E5289C,9/3/2025,1,1,648724.54,4,89.56,39.388,21.972,24.36000061,1.039000034,113.6930008,278112.5938,0.379999995,256.2049866,61.36
CUST_D59D91D42872C74BAD7482484A8E67DA,PART_F846361051783347FEEA0BB027E5289C,9/10/2025,1,1,658724.22,7,156.73,68.929,38.451,24.39999962,1.029000044,113.3199997,277995.6875,0.370000005,256.2049866,107.38
CUST_D59D91D42872C74BAD7482484A8E67DA,PART_F846361051783347FEEA0BB027E5289C,9/12/2025,1,1,661127.3,5,111.95,49.235,27.465,24.40999985,1.026000023,113.2129974,277962.3125,0.367000014,256.2049866,76.7
CUST_D59D91D42872C74BAD7482484A8E67DA,PART_F846361051783347FEEA0BB027E5289C,9/17/2025,1,1,661396.28,3,67.17,29.541,16.479,24.43000031,1.018000007,112.9469986,277878.8125,0.360000014,256.2049866,46.02
CUST_D59D91D42872C74BAD7482484A8E67DA,PART_F846361051783347FEEA0BB027E5289C,9/18/2025,1,1,659297.66,6,134.34,59.082,32.958,24.43000031,1.01699996,112.8929977,277862.0938,0.35800001,256.2049866,92.04
CUST_D59D91D42872C74BAD7482484A8E67DA,PART_F846361051783347FEEA0BB027E5289C,9/24/2025,1,1,663424.5,5,111.95,49.235,27.465,24.45999908,1.008000016,112.572998,277761.9063,0.349000007,256.2049866,76.7
CUST_D59D91D42872C74BAD7482484A8E67DA,PART_F846361051783347FEEA0BB027E5289C,9/26/2025,1,1,662120.63,6,134.34,59.082,32.958,24.46999931,1.004999995,112.4670029,277728.5,0.345999986,256.2049866,92.04
CUST_D59D91D42872C74BAD7482484A8E67DA,PART_26833137ECA6E727C0ED32EFAEC82997,1/11/2023,1,0,32529.64,15,98.4,36.255,20.145,0,1.138000011,116.8320007,274208.2188,0.509000003,244.6139984,56.4
CUST_D59D91D42872C74BAD7482484A8E67DA,PART_26833137ECA6E727C0ED32EFAEC82997,2/7/2023,1,0,131816.82,19,100.13,45.923,25.517,0,1.164000034,116.4069977,270405.8438,0.514999986,245.548996,71.44
CUST_D59D91D42872C74BAD7482484A8E67DA,PART_26833137ECA6E727C0ED32EFAEC82997,3/6/2023,1,0,205154.59,20,105.4,48.34,28.46,0,1.152999997,114.5029984,268896.7188,0.501999974,245.5870056,76.8
CUST_D59D91D42872C74BAD7482484A8E67DA,PART_26833137ECA6E727C0ED32EFAEC82997,4/5/2023,1,0,295495.16,17,89.59,41.089,24.191,0,1.146999955,113.9599991,270778.5313,0.550000012,245.7870026,65.28
CUST_D59D91D42872C74BAD7482484A8E67DA,PART_26833137ECA6E727C0ED32EFAEC82997,4/18/2023,1,0,326966.34,10,55.6,24.17,14.23,0,1.156000018,113.8300018,270663.2813,0.545000017,245.9250031,38.4
CUST_D59D91D42872C74BAD7482484A8E67DA,PART_26833137ECA6E727C0ED32EFAEC82997,4/25/2023,1,0,345931.15,20,100.8,51.42,25.38,0,1.161999941,113.7600021,270601.1875,0.542999983,245.9989929,76.8
CUST_D59D91D42872C74BAD7482484A8E67DA,PART_26833137ECA6E727C0ED32EFAEC82997,5/11/2023,1,0,385629.5,20,100.8,51.42,25.38,0,1.159999967,113.8610001,270468.3125,0.538999975,246.302002,76.8
CUST_D59D91D42872C74BAD7482484A8E67DA,PART_26833137ECA6E727C0ED32EFAEC82997,5/31/2023,1,0,431313.92,14,70.56,35.994,20.706,0,1.148000002,114.1839981,270308.9688,0.535000026,246.7810059,56.7
CUST_D59D91D42872C74BAD7482484A8E67DA,PART_26833137ECA6E727C0ED32EFAEC82997,6/19/2023,1,0,474525.71,15,75.6,38.565,22.185,0,1.131999969,114.7399979,270638.1875,0.521000028,247.326004,60.75
CUST_D59D91D42872C74BAD7482484A8E67DA,PART_26833137ECA6E727C0ED32EFAEC82997,7/6/2023,1,0,517464.31,17,85.68,43.707,25.143,0,1.125,114.9229965,270925.25,0.510999978,247.6759949,68.85
CUST_D59D91D42872C74BAD7482484A8E67DA,PART_26833137ECA6E727C0ED32EFAEC82997,7/26/2023,1,0,556534.89,19,95.76,48.849,28.101,0,1.139000058,114.2129974,271174.2813,0.513000011,247.6820068,76.95
CUST_D59D91D42872C74BAD7482484A8E67DA,PART_26833137ECA6E727C0ED32EFAEC82997,7/31/2023,1,0,563225.97,8,40.32,20.568,11.832,0,1.14199996,114.0350037,271236.5625,0.513999999,247.6840057,32.4
CUST_D59D91D42872C74BAD7482484A8E67DA,PART_26833137ECA6E727C0ED32EFAEC82997,8/2/2023,1,0,571202.52,2,10.08,5.142,2.958,0,1.144000053,114.0029984,271201.3125,0.513999999,247.697998,8.1
CUST_D59D91D42872C74BAD7482484A8E67DA,PART_26833137ECA6E727C0ED32EFAEC82997,8/22/2023,1,0,612603.53,30,151.2,77.13,44.37,0,1.156999946,114.0680008,270247.7813,0.509000003,247.9790039,121.5
CUST_D59D91D42872C74BAD7482484A8E67DA,PART_26833137ECA6E727C0ED32EFAEC82997,9/13/2023,1,0,650495.74,10,50.4,25.71,14.79,0,1.141000032,114.1800003,269375.8125,0.492000014,248.1430054,40.5
CUST_D59D91D42872C74BAD7482484A8E67DA,PART_26833137ECA6E727C0ED32EFAEC82997,9/27/2023,1,0,675077.25,17,85.68,43.707,25.143,0,1.11500001,114.2730026,268914.7188,0.474000007,248.1699982,68.85
CUST_D59D91D42872C74BAD7482484A8E67DA,PART_26833137ECA6E727C0ED32EFAEC82997,10/4/2023,1,0,684149.2,14,70.56,35.994,20.706,0,1.106999993,114.2419968,268964.3438,0.469000012,248.1880035,56.7
CUST_D59D91D42872C74BAD7482484A8E67DA,PART_26833137ECA6E727C0ED32EFAEC82997,10/25/2023,1,0,719289.89,20,100.8,51.42,29.58,0,1.097000003,113.8349991,270233.8438,0.47299999,248.2590027,81
CUST_D59D91D42872C74BAD7482484A8E67DA,PART_26833137ECA6E727C0ED32EFAEC82997,11/16/2023,1,0,752265.5,24,120.96,61.704,35.496,0,1.085999966,114.8499985,270564,0.481000006,248.3480072,97.2
CUST_D59D91D42872C74BAD7482484A8E67DA,PART_26833137ECA6E727C0ED32EFAEC82997,12/7/2023,1,0,780589.05,15,75.6,31.215,29.535,0,1.070000052,115.1480026,270905.7188,0.488000005,248.6959991,60.75
CUST_D59D91D42872C74BAD7482484A8E67DA,PART_26833137ECA6E727C0ED32EFAEC82997,12/14/2023,1,0,800204.87,10,50.4,20.81,19.69,0,1.06099999,114.1549988,271412.875,0.49000001,249.0269928,40.5
CUST_D59D91D42872C74BAD7482484A8E67DA,PART_26833137ECA6E727C0ED32EFAEC82997,1/16/2024,1,0,803138.11,20,98,48.6,32.4,0,1.075999975,112.7610016,275059.9063,0.493999988,249.8849945,81
CUST_D59D91D42872C74BAD7482484A8E67DA,PART_26833137ECA6E727C0ED32EFAEC82997,2/20/2024,1,0,759902.26,16,78.4,38.88,25.92,0,1.113999963,113.4100037,274858.375,0.486999989,249.9160004,64.8
CUST_D59D91D42872C74BAD7482484A8E67DA,PART_26833137ECA6E727C0ED32EFAEC82997,2/28/2024,1,0,755408.55,10,49,24.3,16.2,0,1.113000035,113.1620026,273721.2813,0.48300001,249.9259949,40.5
CUST_D59D91D42872C74BAD7482484A8E67DA,PART_26833137ECA6E727C0ED32EFAEC82997,3/13/2024,1,0,739931.45,19,93.1,46.17,15.2,0,1.106999993,113.0999985,273824.4688,0.481000006,249.947998,61.37
CUST_D59D91D42872C74BAD7482484A8E67DA,PART_26833137ECA6E727C0ED32EFAEC82997,4/1/2024,1,0,718269.26,10,49,24.3,8,0,1.09800005,113.0999985,274438,0.479999989,249.9799957,32.3
CUST_D59D91D42872C74BAD7482484A8E67DA,PART_26833137ECA6E727C0ED32EFAEC82997,4/10/2024,1,0,713910.34,20,98,48.6,16,0,1.09800005,113.6399994,274458.4063,0.477999985,249.8099976,64.6
CUST_D59D91D42872C74BAD7482484A8E67DA,PART_26833137ECA6E727C0ED32EFAEC82997,4/30/2024,1,0,705270.4,14,68.6,34.02,11.2,0,1.09800005,114.8399963,274503.7188,0.47299999,249.4309998,45.22
CUST_D59D91D42872C74BAD7482484A8E67DA,PART_26833137ECA6E727C0ED32EFAEC82997,5/16/2024,1,0,704128.24,20,98,48.6,16,0,1.088000059,114.4160004,274387.9375,0.469999999,249.4190063,64.6
CUST_D59D91D42872C74BAD7482484A8E67DA,PART_26833137ECA6E727C0ED32EFAEC82997,5/29/2024,1,0,710515.94,15,73.5,36.45,12,0,1.080000043,113.9970016,274285.625,0.467000008,249.4250031,48.45
CUST_D59D91D42872C74BAD7482484A8E67DA,PART_26833137ECA6E727C0ED32EFAEC82997,6/25/2024,1,0,706892.64,11,53.9,26.73,8.8,0,1.103999972,113.6600037,273554.8125,0.488999993,249.4389954,35.53
CUST_D59D91D42872C74BAD7482484A8E67DA,PART_26833137ECA6E727C0ED32EFAEC82997,7/10/2024,1,0,694472.8,17,83.3,41.31,13.6,0,1.113000035,113.8320007,273650.625,0.495000005,249.4450073,54.91
CUST_D59D91D42872C74BAD7482484A8E67DA,PART_26833137ECA6E727C0ED32EFAEC82997,7/23/2024,1,0,693378.38,17,83.3,41.31,13.6,0,1.118000031,114.1679993,274044.375,0.493999988,249.4499969,54.91
CUST_D59D91D42872C74BAD7482484A8E67DA,PART_26833137ECA6E727C0ED32EFAEC82997,9/3/2024,1,0,686778.75,20,98,48.6,16,0,1.100999951,113.1600037,273348.3438,0.479000002,252.5859985,64.6
CUST_D59D91D42872C74BAD7482484A8E67DA,PART_26833137ECA6E727C0ED32EFAEC82997,9/6/2024,1,0,686124.64,10,49,24.3,8,0,1.098999977,113.25,273645.8438,0.476999998,252.5859985,32.3
CUST_D59D91D42872C74BAD7482484A8E67DA,PART_26833137ECA6E727C0ED32EFAEC82997,10/2/2024,1,0,682525.58,17,83.3,41.31,13.6,0,1.08099997,113.9680023,276069.9063,0.465000004,252.5870056,54.91
CUST_D59D91D42872C74BAD7482484A8E67DA,PART_26833137ECA6E727C0ED32EFAEC82997,10/15/2024,1,0,674800.88,14,68.6,34.02,11.2,0,1.082999945,113.5479965,275353.6563,0.476000011,252.6040039,45.22
CUST_D59D91D42872C74BAD7482484A8E67DA,PART_26833137ECA6E727C0ED32EFAEC82997,11/13/2024,1,0,679570.76,18,88.2,43.74,14.4,0,1.05400002,112.8399963,275098.5938,0.479000002,252.6799927,58.14
CUST_D59D91D42872C74BAD7482484A8E67DA,PART_26833137ECA6E727C0ED32EFAEC82997,12/17/2024,1,0,674448.93,18,88.2,43.74,14.4,0,0.980000019,112.3420029,276074.0313,0.467999995,252.7570038,58.14
CUST_D59D91D42872C74BAD7482484A8E67DA,PART_26833137ECA6E727C0ED32EFAEC82997,1/6/2025,1,0,671847.97,20,98,49.88,14.72,0,0.970000029,112.3899994,275779.6875,0.469000012,252.8609924,64.6
CUST_D59D91D42872C74BAD7482484A8E67DA,PART_26833137ECA6E727C0ED32EFAEC82997,2/4/2025,1,0,666666.58,14,68.6,34.916,10.304,0,1.05400002,113.8679962,274774.9063,0.446999997,253.5070038,45.22
CUST_D59D91D42872C74BAD7482484A8E67DA,PART_26833137ECA6E727C0ED32EFAEC82997,2/25/2025,1,0,646733.39,20,157.8,53.12,11.48,0,1.05400002,113.6429977,276853.1563,0.456,254.0930023,64.6
CUST_D59D91D42872C74BAD7482484A8E67DA,PART_26833137ECA6E727C0ED32EFAEC82997,3/25/2025,1,0,649825.66,20,157.8,33.52,33.68,0,1.057000041,113.7549973,277886.9375,0.453000009,254.2579956,67.2
CUST_D59D91D42872C74BAD7482484A8E67DA,PART_26833137ECA6E727C0ED32EFAEC82997,4/24/2025,1,0,652408.22,16,126.24,26.816,26.944,0,1.054999948,113.6470032,276927.5938,0.453000009,254.3000031,53.76
CUST_D59D91D42872C74BAD7482484A8E67DA,PART_26833137ECA6E727C0ED32EFAEC82997,5/2/2025,1,0,654064.13,10,78.9,16.76,16.84,0,1.05400002,113.5899963,276571.6563,0.453999996,254.3090057,33.6
CUST_D59D91D42872C74BAD7482484A8E67DA,PART_26833137ECA6E727C0ED32EFAEC82997,5/21/2025,1,0,642605.22,20,157.8,49.08,18.12,0,1.052999973,113.4059982,276431.9063,0.453000009,254.322998,67.2
CUST_D59D91D42872C74BAD7482484A8E67DA,PART_26833137ECA6E727C0ED32EFAEC82997,6/25/2025,1,0,621643.2,17,134.13,52.173,12.427,0,1.036999941,113.9400024,277480.5938,0.428000003,254.3320007,64.6
CUST_D59D91D42872C74BAD7482484A8E67DA,PART_26833137ECA6E727C0ED32EFAEC82997,7/16/2025,1,0,635046.31,14,110.46,42.966,10.234,0,1.024999976,114.4869995,277688,0.411000013,254.6179962,53.2
CUST_D59D91D42872C74BAD7482484A8E67DA,PART_26833137ECA6E727C0ED32EFAEC82997,7/23/2025,1,0,629152.07,10,78.9,30.69,7.31,0,1.021999955,114.6679993,277653,0.405999988,254.7510071,38
CUST_D59D91D42872C74BAD7482484A8E67DA,PART_26833137ECA6E727C0ED32EFAEC82997,7/30/2025,1,0,632521.2,20,157.8,61.38,14.62,0,1.018000007,114.8479996,277618,0.400999993,254.8849945,76
CUST_D59D91D42872C74BAD7482484A8E67DA,PART_26833137ECA6E727C0ED32EFAEC82997,8/29/2025,1,0,645359.96,20,157.8,61.38,16.02,0,1.039999962,113.9059982,278093.9375,0.38499999,256.0809937,77.4
CUST_D59D91D42872C74BAD7482484A8E67DA,PART_26833137ECA6E727C0ED32EFAEC82997,9/18/2025,1,0,659297.66,12,94.68,36.828,9.612,0,1.01699996,112.8929977,277862.0938,0.35800001,256.2049866,46.44
CUST_D59D91D42872C74BAD7482484A8E67DA,PART_49BC3AEB5BC7A4B6AAB9074E61E8B3BF,1/4/2023,1,1,5639.89,12,157.56,62.976,33.024,0,1.128000021,116.8099976,275304.9688,0.505999982,244.3029938,96
CUST_D59D91D42872C74BAD7482484A8E67DA,PART_49BC3AEB5BC7A4B6AAB9074E61E8B3BF,6/27/2023,1,1,492545.25,1,13.27,4.869,2.631,10.40999985,1.125,114.9800034,270788.0625,0.513999999,247.5579987,7.5
CUST_D59D91D42872C74BAD7482484A8E67DA,PART_49BC3AEB5BC7A4B6AAB9074E61E8B3BF,7/13/2023,1,1,529365.07,19,252.13,92.511,49.989,10.31000042,1.129999995,114.6740036,271012.4063,0.512000024,247.6779938,142.5
CUST_D59D91D42872C74BAD7482484A8E67DA,PART_49BC3AEB5BC7A4B6AAB9074E61E8B3BF,1/24/2025,1,1,664210.19,13,157.95,63.297,34.203,12.48999977,1.027999997,113.4349976,274878.5313,0.453000009,253.25,97.5
CUST_D59D91D42872C74BAD7482484A8E67DA,PART_49BC3AEB5BC7A4B6AAB9074E61E8B3BF,3/21/2025,1,1,646733.33,9,109.71,43.821,23.679,13.68999958,1.057000041,113.7289963,277780.625,0.453000009,254.2489929,67.5
CUST_D59D91D42872C74BAD7482484A8E67DA,PART_49BC3AEB5BC7A4B6AAB9074E61E8B3BF,7/31/2025,1,1,631452.93,12,189.48,59.556,30.444,14.14999962,1.018000007,114.8740005,277613,0.400999993,254.904007,90
CUST_D59D91D42872C74BAD7482484A8E67DA,PART_F8400FE193854A06AA58390118BCF325,1/22/2024,1,1,781324.55,5,139.7,73.62,66.08,20.48999977,1.090000033,113.2259979,275997.0625,0.495000005,249.8880005,139.7
CUST_D59D91D42872C74BAD7482484A8E67DA,PART_F8400FE193854A06AA58390118BCF325,6/17/2024,1,1,700331.21,5,148.95,73.62,75.33,29.29000092,1.095000029,113.7399979,273790.5313,0.481000006,249.4349976,148.95
CUST_D59D91D42872C74BAD7482484A8E67DA,PART_F8400FE193854A06AA58390118BCF325,3/28/2025,1,1,646243.98,2,65.38,27.148,38.232,22.87000084,1.057000041,113.7740021,277966.6875,0.451999992,254.2640076,65.38
CUST_D59D91D42872C74BAD7482484A8E67DA,PART_F8400FE193854A06AA58390118BCF325,6/18/2025,1,1,621579.03,4,130.76,55.676,75.084,33.08000183,1.041000009,113.7529984,277151.125,0.435000002,254.3320007,130.76
CUST_D59D91D42872C74BAD7482484A8E67DA,PART_012C41EC3774276BB02E78F7C0D99F43,1/5/2023,1,1,10540.51,1,13.54,5.18,1.2,0,1.129999995,116.8130035,275148.2813,0.505999982,244.3480072,6.38
CUST_D59D91D42872C74BAD7482484A8E67DA,PART_012C41EC3774276BB02E78F7C0D99F43,1/12/2023,1,1,34832.25,1,13.54,5.18,1.2,0,1.139000058,116.8349991,274051.5625,0.50999999,244.6589966,6.38
CUST_D59D91D42872C74BAD7482484A8E67DA,PART_012C41EC3774276BB02E78F7C0D99F43,1/31/2023,1,1,114415.76,1,10.42,5.18,1.2,14.01000023,1.166000009,116.8970032,271074.6875,0.519999981,245.503006,6.38
CUST_D59D91D42872C74BAD7482484A8E67DA,PART_012C41EC3774276BB02E78F7C0D99F43,2/7/2023,1,1,131816.82,1,10.42,5.18,1.2,13.77999973,1.164000034,116.4069977,270405.8438,0.514999986,245.548996,6.38
CUST_D59D91D42872C74BAD7482484A8E67DA,PART_012C41EC3774276BB02E78F7C0D99F43,3/14/2023,1,1,228978.68,4,41.68,20.72,5.32,13.52000046,1.149999976,114.3479996,269486.6563,0.51700002,245.6349945,26.04
CUST_D59D91D42872C74BAD7482484A8E67DA,PART_012C41EC3774276BB02E78F7C0D99F43,4/10/2023,1,1,307402.88,1,10.78,5.18,1.33,13.92000008,1.151000023,113.9100037,270734.1875,0.547999978,245.8399963,6.51
CUST_D59D91D42872C74BAD7482484A8E67DA,PART_012C41EC3774276BB02E78F7C0D99F43,4/28/2023,1,1,356744.98,5,53.9,26.805,5.745,13.68999958,1.164000034,113.7300034,270574.5938,0.541999996,246.0310059,32.55
CUST_D59D91D42872C74BAD7482484A8E67DA,PART_012C41EC3774276BB02E78F7C0D99F43,5/12/2023,1,1,388587.15,1,10.78,5.361,1.149,13.81000042,1.159000039,113.8769989,270460.3438,0.538999975,246.326004,6.51
CUST_D59D91D42872C74BAD7482484A8E67DA,PART_012C41EC3774276BB02E78F7C0D99F43,5/22/2023,1,1,406094.88,2,21.56,10.722,2.298,13.93999958,1.152999997,114.0390015,270380.6875,0.537,246.5659943,13.02
CUST_D59D91D42872C74BAD7482484A8E67DA,PART_012C41EC3774276BB02E78F7C0D99F43,5/26/2023,1,1,420697.12,3,32.34,16.083,4.137,14,1.151000023,114.1029968,270348.8125,0.536000013,246.6609955,20.22
CUST_D59D91D42872C74BAD7482484A8E67DA,PART_012C41EC3774276BB02E78F7C0D99F43,6/15/2023,1,1,468998.42,2,21.56,10.722,2.758,13.93999958,1.13499999,114.6200027,270563.2813,0.523999989,247.2109985,13.48
CUST_D59D91D42872C74BAD7482484A8E67DA,PART_012C41EC3774276BB02E78F7C0D99F43,6/19/2023,1,1,474525.71,8,86.24,42.888,11.032,13.90999985,1.131999969,114.7399979,270638.1875,0.521000028,247.326004,53.92
CUST_D59D91D42872C74BAD7482484A8E67DA,PART_012C41EC3774276BB02E78F7C0D99F43,6/23/2023,1,1,485385.46,2,21.56,10.722,2.758,13.88000011,1.128999949,114.8600006,270713.125,0.51700002,247.4420013,13.48
CUST_D59D91D42872C74BAD7482484A8E67DA,PART_012C41EC3774276BB02E78F7C0D99F43,6/29/2023,1,1,502440.48,2,21.56,10.722,2.758,13.84000015,1.123999953,115.0400009,270825.5313,0.513000011,247.6159973,13.48
CUST_D59D91D42872C74BAD7482484A8E67DA,PART_012C41EC3774276BB02E78F7C0D99F43,7/6/2023,1,1,517464.31,2,21.56,10.722,2.758,13.90999985,1.125,114.9229965,270925.25,0.510999978,247.6759949,13.48
CUST_D59D91D42872C74BAD7482484A8E67DA,PART_012C41EC3774276BB02E78F7C0D99F43,7/17/2023,1,1,534872.32,4,43.12,21.444,5.516,14.05000019,1.133000016,114.5319977,271062.2188,0.513000011,247.6790009,26.96
CUST_D59D91D42872C74BAD7482484A8E67DA,PART_012C41EC3774276BB02E78F7C0D99F43,8/7/2023,1,1,583533.14,1,10.78,5.361,1.379,14.14000034,1.146999955,114.0189972,270962.9375,0.513000011,247.7680054,6.74
CUST_D59D91D42872C74BAD7482484A8E67DA,PART_012C41EC3774276BB02E78F7C0D99F43,8/15/2023,1,1,595563.29,1,10.78,5.361,1.379,14.02999973,1.15199995,114.0449982,270581.5313,0.510999978,247.8809967,6.74
CUST_D59D91D42872C74BAD7482484A8E67DA,PART_012C41EC3774276BB02E78F7C0D99F43,8/17/2023,1,1,604169.64,2,21.56,10.722,2.758,14,1.152999997,114.052002,270486.1563,0.50999999,247.9089966,13.48
CUST_D59D91D42872C74BAD7482484A8E67DA,PART_012C41EC3774276BB02E78F7C0D99F43,8/21/2023,1,1,609901.96,2,21.56,10.722,2.758,13.94999981,1.156000018,114.0650024,270295.4375,0.509000003,247.9649963,13.48
CUST_D59D91D42872C74BAD7482484A8E67DA,PART_012C41EC3774276BB02E78F7C0D99F43,8/23/2023,1,1,616483.15,1,10.78,5.361,1.379,13.92000008,1.156999946,114.0709991,270200.0938,0.509000003,247.9929962,6.74
CUST_D59D91D42872C74BAD7482484A8E67DA,PART_012C41EC3774276BB02E78F7C0D99F43,10/4/2023,1,1,684149.2,1,10.78,5.361,1.379,14.26000023,1.106999993,114.2419968,268964.3438,0.469000012,248.1880035,6.74
CUST_D59D91D42872C74BAD7482484A8E67DA,PART_012C41EC3774276BB02E78F7C0D99F43,10/12/2023,1,1,705112.53,2,21.56,10.722,2.758,14.15999985,1.103000045,114.086998,269447.9688,0.470999986,248.2149963,13.48
CUST_D59D91D42872C74BAD7482484A8E67DA,PART_012C41EC3774276BB02E78F7C0D99F43,10/25/2023,1,1,719289.89,2,21.56,10.722,2.758,13.98999977,1.097000003,113.8349991,270233.8438,0.47299999,248.2590027,13.48
CUST_D59D91D42872C74BAD7482484A8E67DA,PART_012C41EC3774276BB02E78F7C0D99F43,10/30/2023,1,1,726272.8,0,0,0,0,13.92000008,1.095000029,113.7389984,270536.0938,0.474000007,248.276001,0
CUST_D59D91D42872C74BAD7482484A8E67DA,PART_012C41EC3774276BB02E78F7C0D99F43,11/9/2023,1,1,746204.88,1,10.78,5.361,1.379,14.22999954,1.088999987,114.3130035,270607.4063,0.476999998,248.3179932,6.74
CUST_D59D91D42872C74BAD7482484A8E67DA,PART_012C41EC3774276BB02E78F7C0D99F43,11/22/2023,1,1,762951.82,3,32.34,16.083,4.137,14.69999981,1.082000017,115.3099976,270526.8125,0.48300001,248.3739929,20.22
CUST_D59D91D42872C74BAD7482484A8E67DA,PART_012C41EC3774276BB02E78F7C0D99F43,11/27/2023,1,1,768734.01,1,10.78,5.361,1.379,14.88000011,1.078999996,115.6930008,270495.8125,0.485000014,248.3959961,6.74
CUST_D59D91D42872C74BAD7482484A8E67DA,PART_012C41EC3774276BB02E78F7C0D99F43,12/1/2023,1,1,770369.92,3,32.34,16.083,4.137,15.05000019,1.077000022,116,270471,0.486999989,248.4129944,20.22
CUST_D59D91D42872C74BAD7482484A8E67DA,PART_012C41EC3774276BB02E78F7C0D99F43,12/12/2023,1,1,789974.49,2,21.56,10.722,2.758,15.65999985,1.06400001,114.439003,271267.9688,0.488999993,248.9320068,13.48
CUST_D59D91D42872C74BAD7482484A8E67DA,PART_012C41EC3774276BB02E78F7C0D99F43,12/14/2023,1,1,800204.87,6,64.68,32.166,8.274,15.77999973,1.06099999,114.1549988,271412.875,0.49000001,249.0269928,40.44
CUST_D59D91D42872C74BAD7482484A8E67DA,PART_012C41EC3774276BB02E78F7C0D99F43,1/8/2024,1,1,810659.09,2,21.56,10.722,2.758,16.30999947,1.055999994,112.1419983,273810.3438,0.493999988,249.8800049,13.48
CUST_D59D91D42872C74BAD7482484A8E67DA,PART_012C41EC3774276BB02E78F7C0D99F43,1/11/2024,1,1,808970.88,3,32.34,16.083,4.137,16.14999962,1.06400001,112.3740005,274278.9375,0.493999988,249.8820038,20.22
CUST_D59D91D42872C74BAD7482484A8E67DA,PART_012C41EC3774276BB02E78F7C0D99F43,1/15/2024,1,1,802308.19,1,10.78,4.905,1.835,15.93999958,1.072999954,112.6839981,274903.7188,0.493999988,249.8840027,6.74
CUST_D59D91D42872C74BAD7482484A8E67DA,PART_012C41EC3774276BB02E78F7C0D99F43,2/2/2024,1,1,759630.23,2,21.56,9.81,3.67,15.35000038,1.11500001,113.9690018,277416.875,0.495999992,249.8950043,13.48
CUST_D59D91D42872C74BAD7482484A8E67DA,PART_012C41EC3774276BB02E78F7C0D99F43,2/6/2024,1,1,762646.41,7,75.41,34.335,12.845,15.85999966,1.11500001,113.8450012,276848.3125,0.493999988,249.8999939,47.18
CUST_D59D91D42872C74BAD7482484A8E67DA,PART_012C41EC3774276BB02E78F7C0D99F43,2/15/2024,1,1,757374.94,2,21.56,9.81,3.67,17,1.113999963,113.5660019,275569.0625,0.488999993,249.9100037,13.48
CUST_D59D91D42872C74BAD7482484A8E67DA,PART_012C41EC3774276BB02E78F7C0D99F43,2/16/2024,1,1,754093.09,2,21.54,9.81,3.67,17.12000084,1.113999963,113.5339966,275426.9375,0.488999993,249.9120026,13.48
CUST_D59D91D42872C74BAD7482484A8E67DA,PART_012C41EC3774276BB02E78F7C0D99F43,2/23/2024,1,1,753903.25,2,21.56,9.81,3.67,18.01000023,1.113000035,113.3170013,274431.9688,0.485000014,249.9199982,13.48
CUST_D59D91D42872C74BAD7482484A8E67DA,PART_012C41EC3774276BB02E78F7C0D99F43,3/4/2024,1,1,746151.5,3,32.34,14.715,5.505,17.87999916,1.111999989,113.0999985,273533.875,0.481999993,249.9329987,20.22
CUST_D59D91D42872C74BAD7482484A8E67DA,PART_012C41EC3774276BB02E78F7C0D99F43,3/6/2024,1,1,747063.95,1,10.77,4.905,1.835,17.43000031,1.110999942,113.0999985,273598.4375,0.481999993,249.9360046,6.74
CUST_D59D91D42872C74BAD7482484A8E67DA,PART_012C41EC3774276BB02E78F7C0D99F43,3/14/2024,1,1,738147.54,2,21.56,9.81,3.67,15.64999962,1.106999993,113.0999985,273856.7813,0.481000006,249.9499969,13.48
CUST_D59D91D42872C74BAD7482484A8E67DA,PART_012C41EC3774276BB02E78F7C0D99F43,3/29/2024,1,1,721953.87,4,43.12,19.62,7.34,12.31999969,1.098999977,113.0999985,274341.125,0.479999989,249.9750061,26.96
CUST_D59D91D42872C74BAD7482484A8E67DA,PART_012C41EC3774276BB02E78F7C0D99F43,4/16/2024,1,1,712944.76,2,21.56,9.81,3.67,13.01000023,1.09800005,114,274472,0.476999998,249.6959991,13.48
CUST_D59D91D42872C74BAD7482484A8E67DA,PART_012C41EC3774276BB02E78F7C0D99F43,4/23/2024,1,1,711882.44,3,32.34,14.715,5.505,13.51000023,1.09800005,114.4199982,274487.875,0.474999994,249.5630035,20.22
CUST_D59D91D42872C74BAD7482484A8E67DA,PART_012C41EC3774276BB02E78F7C0D99F43,4/30/2024,1,1,705270.4,3,32.34,14.715,5.505,14.01000023,1.09800005,114.8399963,274503.7188,0.47299999,249.4309998,20.22
CUST_D59D91D42872C74BAD7482484A8E67DA,PART_012C41EC3774276BB02E78F7C0D99F43,5/13/2024,1,1,702980.08,3,32.34,14.715,5.505,13.35000038,1.090000033,114.5130005,274411.5625,0.469999999,249.4170074,20.22
CUST_D59D91D42872C74BAD7482484A8E67DA,PART_012C41EC3774276BB02E78F7C0D99F43,5/15/2024,1,1,707351.67,2,21.56,9.81,3.67,13.25,1.088999987,114.447998,274395.8125,0.469999999,249.4179993,13.48
CUST_D59D91D42872C74BAD7482484A8E67DA,PART_012C41EC3774276BB02E78F7C0D99F43,6/10/2024,1,1,699168.4,2,21.56,9.81,3.67,13.34000015,1.088000059,113.8099976,273996.8125,0.474999994,249.4309998,13.48
CUST_D59D91D42872C74BAD7482484A8E67DA,PART_012C41EC3774276BB02E78F7C0D99F43,7/1/2024,1,1,689340.25,3,32.34,14.715,5.505,15.05000019,1.110000014,113.5999985,273378,0.495000005,249.4420013,20.22
CUST_D59D91D42872C74BAD7482484A8E67DA,PART_012C41EC3774276BB02E78F7C0D99F43,7/16/2024,1,1,691495.5,3,32.34,14.715,5.505,13.59000015,1.11500001,113.9869995,273832.3438,0.495000005,249.4470062,20.22
CUST_D59D91D42872C74BAD7482484A8E67DA,PART_012C41EC3774276BB02E78F7C0D99F43,7/31/2024,1,1,693762.01,2,21.56,9.81,3.67,12.13000011,1.121000051,114.3740005,274286.7188,0.493999988,249.4530029,13.48
CUST_D59D91D42872C74BAD7482484A8E67DA,PART_012C41EC3774276BB02E78F7C0D99F43,8/1/2024,1,1,694064.41,1,10.78,4.905,1.835,12.19999981,1.121000051,114.4000015,274317,0.493999988,249.4530029,6.74
CUST_D59D91D42872C74BAD7482484A8E67DA,PART_012C41EC3774276BB02E78F7C0D99F43,8/6/2024,1,1,688779.32,2,21.56,9.81,3.67,12.53999996,1.118000031,114.1900024,274128.7813,0.492000014,249.9579926,13.48
CUST_D59D91D42872C74BAD7482484A8E67DA,PART_012C41EC3774276BB02E78F7C0D99F43,8/15/2024,1,1,690327.21,1,10.78,4.905,1.835,13.14999962,1.111999989,113.8130035,273789.9688,0.488000005,250.8679962,6.74
CUST_D59D91D42872C74BAD7482484A8E67DA,PART_012C41EC3774276BB02E78F7C0D99F43,8/16/2024,1,1,692024.77,2,21.56,9.81,3.67,13.22000027,1.111999989,113.7710037,273752.3125,0.486999989,250.9689941,13.48
CUST_D59D91D42872C74BAD7482484A8E67DA,PART_012C41EC3774276BB02E78F7C0D99F43,9/6/2024,1,1,686124.64,1,10.78,4.905,1.835,14.77000046,1.098999977,113.25,273645.8438,0.476999998,252.5859985,6.74
CUST_D59D91D42872C74BAD7482484A8E67DA,PART_012C41EC3774276BB02E78F7C0D99F43,9/12/2024,1,1,683657.27,1,10.78,4.905,1.835,15.30000019,1.093999982,113.4300003,274240.8438,0.474000007,252.5859985,6.74
CUST_D59D91D42872C74BAD7482484A8E67DA,PART_012C41EC3774276BB02E78F7C0D99F43,9/19/2024,1,1,685621.91,2,21.56,9.81,3.67,15.90999985,1.088999987,113.6399994,274935,0.469999999,252.5859985,13.48
CUST_D59D91D42872C74BAD7482484A8E67DA,PART_012C41EC3774276BB02E78F7C0D99F43,9/23/2024,1,1,681868.27,2,21.56,9.81,3.67,16.26000023,1.087000012,113.7600021,275331.6563,0.467999995,252.5859985,13.48
CUST_D59D91D42872C74BAD7482484A8E67DA,PART_012C41EC3774276BB02E78F7C0D99F43,10/3/2024,1,1,683069.51,2,21.56,9.81,3.67,16.70000076,1.08099997,113.9349976,276014.8125,0.465999991,252.5890045,13.48
CUST_D59D91D42872C74BAD7482484A8E67DA,PART_012C41EC3774276BB02E78F7C0D99F43,10/8/2024,1,1,680344.55,2,21.56,9.81,3.67,16.38999939,1.082000017,113.7740021,275739.3125,0.469999999,252.5950012,13.48
CUST_D59D91D42872C74BAD7482484A8E67DA,PART_012C41EC3774276BB02E78F7C0D99F43,10/15/2024,1,1,674800.88,3,32.34,14.715,5.505,15.97000027,1.082999945,113.5479965,275353.6563,0.476000011,252.6040039,20.22
CUST_D59D91D42872C74BAD7482484A8E67DA,PART_012C41EC3774276BB02E78F7C0D99F43,10/21/2024,1,1,683079.76,4,43.12,19.62,7.34,15.60000038,1.083999991,113.3550034,275023.0625,0.481000006,252.6119995,26.96
CUST_D59D91D42872C74BAD7482484A8E67DA,PART_012C41EC3774276BB02E78F7C0D99F43,10/29/2024,1,1,682313.41,2,21.56,9.81,3.67,15.10999966,1.085999966,113.0970001,274582.2813,0.488000005,252.621994,13.48
CUST_D59D91D42872C74BAD7482484A8E67DA,PART_012C41EC3774276BB02E78F7C0D99F43,11/4/2024,1,1,679808.23,2,21.56,9.81,3.67,15.28999996,1.077999949,112.9599991,274587.4063,0.488000005,252.6399994,13.48
CUST_D59D91D42872C74BAD7482484A8E67DA,PART_012C41EC3774276BB02E78F7C0D99F43,11/6/2024,1,1,680683.58,2,21.56,9.81,3.67,15.43999958,1.072999954,112.9329987,274701,0.486000001,252.6490021,13.48
CUST_D59D91D42872C74BAD7482484A8E67DA,PART_012C41EC3774276BB02E78F7C0D99F43,11/14/2024,1,1,683516.67,2,21.56,9.81,3.67,16.03000069,1.052000046,112.8270035,275155.4063,0.477999985,252.6849976,13.48
CUST_D59D91D42872C74BAD7482484A8E67DA,PART_012C41EC3774276BB02E78F7C0D99F43,11/19/2024,1,1,683101.75,2,21.56,9.81,3.67,16.39999962,1.039000034,112.7600021,275439.4063,0.47299999,252.7079926,13.48
CUST_D59D91D42872C74BAD7482484A8E67DA,PART_012C41EC3774276BB02E78F7C0D99F43,11/22/2024,1,1,677921.97,2,21.56,9.81,3.67,16.62999916,1.031000018,112.7200012,275609.8125,0.469999999,252.720993,13.48
CUST_D59D91D42872C74BAD7482484A8E67DA,PART_012C41EC3774276BB02E78F7C0D99F43,11/26/2024,1,1,681183.73,3,32.34,14.715,5.505,16.92000008,1.019999981,112.6669998,275837,0.465999991,252.7389984,20.22
CUST_D59D91D42872C74BAD7482484A8E67DA,PART_012C41EC3774276BB02E78F7C0D99F43,12/5/2024,1,1,685118.28,2,21.56,9.81,3.67,16.81999969,1,112.5350037,276109.25,0.463,252.7610016,13.48
CUST_D59D91D42872C74BAD7482484A8E67DA,PART_012C41EC3774276BB02E78F7C0D99F43,12/12/2024,1,1,676841.96,2,21.56,9.81,3.67,16.27000046,0.987999976,112.4229965,276088.7188,0.465999991,252.7590027,13.48
CUST_D59D91D42872C74BAD7482484A8E67DA,PART_012C41EC3774276BB02E78F7C0D99F43,12/23/2024,1,1,676511.88,1,10.78,4.905,1.835,15.39000034,0.968999982,112.2450027,276056.4063,0.469999999,252.7559967,6.74
CUST_D59D91D42872C74BAD7482484A8E67DA,PART_012C41EC3774276BB02E78F7C0D99F43,12/27/2024,1,1,676289.98,2,21.56,9.81,3.67,15.07999992,0.963,112.1809998,276044.6875,0.472000003,252.7539978,13.48
CUST_D59D91D42872C74BAD7482484A8E67DA,PART_012C41EC3774276BB02E78F7C0D99F43,12/31/2024,1,1,674121.23,2,21.56,9.81,3.67,14.76000023,0.95599997,112.1159973,276032.9375,0.474000007,252.753006,13.48
CUST_D59D91D42872C74BAD7482484A8E67DA,PART_012C41EC3774276BB02E78F7C0D99F43,1/9/2025,1,1,669532.24,2,21.56,9.81,3.67,15.43999958,0.980000019,112.5650024,275629.4688,0.467000008,252.9259949,13.48
CUST_D59D91D42872C74BAD7482484A8E67DA,PART_012C41EC3774276BB02E78F7C0D99F43,1/13/2025,1,1,664889.22,4,43.12,19.62,7.34,15.75,0.992999971,112.7969971,275429.2188,0.463,253.0119934,26.96
CUST_D59D91D42872C74BAD7482484A8E67DA,PART_012C41EC3774276BB02E78F7C0D99F43,2/12/2025,1,1,660673.35,1,12.99,4.905,1.835,16.28000069,1.05400002,113.7819977,275566.5938,0.451000005,253.7299957,6.74
CUST_D59D91D42872C74BAD7482484A8E67DA,PART_012C41EC3774276BB02E78F7C0D99F43,2/13/2025,1,1,660624.79,1,12.99,4.905,1.835,16.20999908,1.05400002,113.7710037,275665.5625,0.451000005,253.7579956,6.74
CUST_D59D91D42872C74BAD7482484A8E67DA,PART_012C41EC3774276BB02E78F7C0D99F43,2/14/2025,1,1,658679.64,1,12.99,4.905,1.835,16.13999939,1.05400002,113.7610016,275764.5313,0.451999992,253.7859955,6.74
CUST_D59D91D42872C74BAD7482484A8E67DA,PART_012C41EC3774276BB02E78F7C0D99F43,2/18/2025,1,1,655792.52,8,103.92,39.24,14.68,15.86999989,1.05400002,113.7180023,276160.4063,0.453000009,253.897995,53.92
CUST_D59D91D42872C74BAD7482484A8E67DA,PART_012C41EC3774276BB02E78F7C0D99F43,2/25/2025,1,1,646733.39,4,51.96,19.62,7.34,15.39000034,1.05400002,113.6429977,276853.1563,0.456,254.0930023,26.96
CUST_D59D91D42872C74BAD7482484A8E67DA,PART_012C41EC3774276BB02E78F7C0D99F43,3/27/2025,1,1,645210.84,2,25.98,9.81,3.67,16.31999969,1.057000041,113.7679977,277940.0938,0.451999992,254.2619934,13.48
CUST_D59D91D42872C74BAD7482484A8E67DA,PART_012C41EC3774276BB02E78F7C0D99F43,4/10/2025,1,1,656454.05,3,38.97,17.661,2.559,17.98999977,1.057000041,113.7399979,277624.8125,0.451999992,254.2839966,20.22
CUST_D59D91D42872C74BAD7482484A8E67DA,PART_012C41EC3774276BB02E78F7C0D99F43,4/18/2025,1,1,654851.84,3,38.97,17.661,2.559,19.19000053,1.055999994,113.6869965,277226.4063,0.453000009,254.2929993,20.22
CUST_D59D91D42872C74BAD7482484A8E67DA,PART_012C41EC3774276BB02E78F7C0D99F43,5/7/2025,1,1,649456.18,2,25.98,11.774,1.706,21.21999931,1.05400002,113.5419998,276534.875,0.453999996,254.3130035,13.48
CUST_D59D91D42872C74BAD7482484A8E67DA,PART_012C41EC3774276BB02E78F7C0D99F43,5/14/2025,1,1,644046.5,5,64.95,29.435,4.265,21.44000053,1.052999973,113.473999,276483.375,0.453999996,254.3179932,33.7
CUST_D59D91D42872C74BAD7482484A8E67DA,PART_012C41EC3774276BB02E78F7C0D99F43,5/20/2025,1,1,639857.6,2,25.98,11.774,1.706,21.63999939,1.052999973,113.4160004,276439.25,0.453000009,254.322998,13.48
CUST_D59D91D42872C74BAD7482484A8E67DA,PART_012C41EC3774276BB02E78F7C0D99F43,6/3/2025,1,1,628677.29,2,25.98,11.774,4.386,21.59000015,1.050999999,113.3529968,276445.125,0.451000005,254.3320007,16.16
CUST_D59D91D42872C74BAD7482484A8E67DA,PART_012C41EC3774276BB02E78F7C0D99F43,6/12/2025,1,1,626952.24,2,25.98,11.774,4.386,20.38999939,1.044999957,113.5930023,276868.7188,0.442000002,254.3320007,16.16
CUST_D59D91D42872C74BAD7482484A8E67DA,PART_012C41EC3774276BB02E78F7C0D99F43,6/18/2025,1,1,621579.03,3,38.97,17.661,6.579,19.57999992,1.041000009,113.7529984,277151.125,0.435000002,254.3320007,24.24
CUST_D59D91D42872C74BAD7482484A8E67DA,PART_012C41EC3774276BB02E78F7C0D99F43,6/26/2025,1,1,620132.49,2,25.98,11.774,4.386,18.51000023,1.036000013,113.9670029,277527.6563,0.426999986,254.3320007,16.16
CUST_D59D91D42872C74BAD7482484A8E67DA,PART_012C41EC3774276BB02E78F7C0D99F43,6/27/2025,1,1,620134.53,4,51.96,23.548,8.772,18.37999916,1.036000013,113.9929962,277574.7188,0.425999999,254.3320007,32.32
CUST_D59D91D42872C74BAD7482484A8E67DA,PART_012C41EC3774276BB02E78F7C0D99F43,7/2/2025,1,1,623234.69,4,51.96,28.728,3.592,18.26000023,1.031999946,114.1259995,277758,0.421000004,254.3509979,32.32
CUST_D59D91D42872C74BAD7482484A8E67DA,PART_012C41EC3774276BB02E78F7C0D99F43,7/15/2025,1,1,634135.77,2,25.98,14.364,1.796,20.07999992,1.026000023,114.4609985,277693,0.412,254.598999,16.16
CUST_D59D91D42872C74BAD7482484A8E67DA,PART_012C41EC3774276BB02E78F7C0D99F43,7/23/2025,1,1,629152.07,2,25.98,14.364,1.796,21.20999908,1.021999955,114.6679993,277653,0.405999988,254.7510071,16.16
CUST_D59D91D42872C74BAD7482484A8E67DA,PART_012C41EC3774276BB02E78F7C0D99F43,7/25/2025,1,1,631628.45,2,25.98,14.364,1.796,21.48999977,1.021000028,114.7190018,277643,0.405000001,254.7899933,16.16
CUST_D59D91D42872C74BAD7482484A8E67DA,PART_012C41EC3774276BB02E78F7C0D99F43,8/8/2025,1,1,629102.16,2,26.38,14.364,1.076,21.37999916,1.023000002,114.6520004,277729.4688,0.395999998,255.2120056,15.44
CUST_D59D91D42872C74BAD7482484A8E67DA,PART_012C41EC3774276BB02E78F7C0D99F43,8/13/2025,1,1,626840.95,2,26.38,14.364,1.076,20.79000092,1.02699995,114.473999,277816.25,0.393000007,255.4190063,15.44
CUST_D59D91D42872C74BAD7482484A8E67DA,PART_012C41EC3774276BB02E78F7C0D99F43,8/19/2025,1,1,634980.39,10,131.9,71.82,5.38,20.06999969,1.031999946,114.2610016,277920.375,0.389999986,255.6670074,77.2
CUST_D59D91D42872C74BAD7482484A8E67DA,PART_012C41EC3774276BB02E78F7C0D99F43,9/2/2025,1,1,644492.66,2,26.38,14.364,1.076,18.87999916,1.041000009,113.7470016,278129.3125,0.381999999,256.2049866,15.44
CUST_D59D91D42872C74BAD7482484A8E67DA,PART_012C41EC3774276BB02E78F7C0D99F43,9/8/2025,1,1,655779.41,1,13.19,7.182,0.538,19.57999992,1.031999946,113.427002,278029.0938,0.372999996,256.2049866,7.72
CUST_D59D91D42872C74BAD7482484A8E67DA,PART_012C41EC3774276BB02E78F7C0D99F43,9/11/2025,1,1,659733.84,6,79.14,43.092,3.228,19.92000008,1.02699995,113.2669983,277979,0.368000001,256.2049866,46.32
CUST_D59D91D42872C74BAD7482484A8E67DA,PART_012C41EC3774276BB02E78F7C0D99F43,9/19/2025,1,1,658953.16,2,26.38,14.364,1.076,20.85000038,1.014999986,112.8399963,277845.4063,0.356999993,256.2049866,15.44
CUST_D59D91D42872C74BAD7482484A8E67DA,PART_012C41EC3774276BB02E78F7C0D99F43,9/23/2025,1,1,660419.91,5,65.95,35.91,2.69,21.30999947,1.008999944,112.6269989,277778.5938,0.351000011,256.2049866,38.6
CUST_D59D91D42872C74BAD7482484A8E67DA,PART_012C41EC3774276BB02E78F7C0D99F43,9/25/2025,1,1,660798.29,1,13.19,7.182,0.538,21.54000092,1.006000042,112.5199966,277745.1875,0.34799999,256.2049866,7.72
CUST_D59D91D42872C74BAD7482484A8E67DA,PART_E9B6842E1322877CB977F4F41C542C85,1/26/2023,1,0,97159.88,20,419,107.8,31.8,0,1.159000039,116.8809967,271858.0625,0.518000007,245.2799988,139.6
CUST_D59D91D42872C74BAD7482484A8E67DA,PART_E9B6842E1322877CB977F4F41C542C85,2/1/2023,1,0,118173.77,2,41.9,10.78,3.18,0,1.167000055,116.9000015,270918,0.521000028,245.5469971,13.96
CUST_D59D91D42872C74BAD7482484A8E67DA,PART_E9B6842E1322877CB977F4F41C542C85,2/7/2023,1,0,131816.82,2,41.9,10.78,3.18,0,1.164000034,116.4069977,270405.8438,0.514999986,245.548996,13.96
CUST_D59D91D42872C74BAD7482484A8E67DA,PART_E9B6842E1322877CB977F4F41C542C85,2/15/2023,1,0,152269.52,8,118.56,43.12,12.72,0,1.161000013,115.75,269723,0.507000029,245.552002,55.84
CUST_D59D91D42872C74BAD7482484A8E67DA,PART_E9B6842E1322877CB977F4F41C542C85,2/21/2023,1,0,168002.94,2,29.64,10.78,3.18,0,1.157999992,115.2570038,269210.8438,0.500999987,245.5540009,13.96
CUST_D59D91D42872C74BAD7482484A8E67DA,PART_E9B6842E1322877CB977F4F41C542C85,2/23/2023,1,0,178996.99,4,59.28,21.56,6.36,0,1.157999992,115.0930023,269040.1563,0.499000013,245.5549927,27.92
CUST_D59D91D42872C74BAD7482484A8E67DA,PART_E9B6842E1322877CB977F4F41C542C85,2/28/2023,1,0,189461.06,15,222.3,80.85,23.85,0,1.154999971,114.6819992,268613.3438,0.493999988,245.5570068,104.7
CUST_D59D91D42872C74BAD7482484A8E67DA,PART_E9B6842E1322877CB977F4F41C542C85,4/3/2023,1,0,285923.1,4,59.28,21.56,6.36,0,1.144999981,113.9800034,270796.2813,0.550000012,245.7649994,27.92
CUST_D59D91D42872C74BAD7482484A8E67DA,PART_E9B6842E1322877CB977F4F41C542C85,5/4/2023,1,0,368319.61,1,15.34,5.578,1.402,0,1.164000034,113.7480011,270524.0938,0.540000021,246.1349945,6.98
CUST_D59D91D42872C74BAD7482484A8E67DA,PART_E9B6842E1322877CB977F4F41C542C85,5/19/2023,1,0,403734.42,6,92.04,33.468,8.412,0,1.154999971,113.9899979,270404.5938,0.537999988,246.4940033,41.88
CUST_D59D91D42872C74BAD7482484A8E67DA,PART_E9B6842E1322877CB977F4F41C542C85,5/22/2023,1,0,406094.88,8,122.72,44.624,11.216,0,1.152999997,114.0390015,270380.6875,0.537,246.5659943,55.84
CUST_D59D91D42872C74BAD7482484A8E67DA,PART_E9B6842E1322877CB977F4F41C542C85,5/26/2023,1,0,420697.12,1,15.34,5.578,1.642,0,1.151000023,114.1029968,270348.8125,0.536000013,246.6609955,7.22
CUST_D59D91D42872C74BAD7482484A8E67DA,PART_E9B6842E1322877CB977F4F41C542C85,5/31/2023,1,0,431313.92,2,30.68,11.156,3.284,0,1.148000002,114.1839981,270308.9688,0.535000026,246.7810059,14.44
CUST_D59D91D42872C74BAD7482484A8E67DA,PART_E9B6842E1322877CB977F4F41C542C85,6/6/2023,1,0,446115.59,10,153.4,55.78,16.42,0,1.143000007,114.3499985,270394.6563,0.531000018,246.9499969,72.2
CUST_D59D91D42872C74BAD7482484A8E67DA,PART_E9B6842E1322877CB977F4F41C542C85,6/12/2023,1,0,454890.08,3,46.02,16.734,4.926,0,1.138000011,114.5299988,270507.0625,0.526000023,247.1239929,21.66
CUST_D59D91D42872C74BAD7482484A8E67DA,PART_E9B6842E1322877CB977F4F41C542C85,6/13/2023,1,0,457467.6,4,61.36,22.312,6.568,0,1.136999965,114.5599976,270525.8125,0.524999976,247.1529999,28.88
CUST_D59D91D42872C74BAD7482484A8E67DA,PART_E9B6842E1322877CB977F4F41C542C85,6/19/2023,1,0,474525.71,2,22.46,11.156,3.284,0,1.131999969,114.7399979,270638.1875,0.521000028,247.326004,14.44
CUST_D59D91D42872C74BAD7482484A8E67DA,PART_E9B6842E1322877CB977F4F41C542C85,6/27/2023,1,0,492545.25,6,67.38,33.468,9.852,0,1.125,114.9800034,270788.0625,0.513999999,247.5579987,43.32
CUST_D59D91D42872C74BAD7482484A8E67DA,PART_E9B6842E1322877CB977F4F41C542C85,7/18/2023,1,0,537942.89,2,22.46,11.156,3.284,0,1.133999944,114.4970016,271074.6875,0.513000011,247.6790009,14.44
CUST_D59D91D42872C74BAD7482484A8E67DA,PART_E9B6842E1322877CB977F4F41C542C85,7/24/2023,1,0,551116.79,4,44.92,22.312,6.568,0,1.138000011,114.2839966,271149.375,0.513000011,247.6809998,28.88
CUST_D59D91D42872C74BAD7482484A8E67DA,PART_E9B6842E1322877CB977F4F41C542C85,7/26/2023,1,0,556534.89,6,67.38,33.468,9.852,0,1.139000058,114.2129974,271174.2813,0.513000011,247.6820068,43.32
CUST_D59D91D42872C74BAD7482484A8E67DA,PART_E9B6842E1322877CB977F4F41C542C85,8/1/2023,1,0,566537.46,20,224.6,111.56,32.84,0,1.143000007,114,271249,0.513999999,247.6840057,144.4
CUST_D59D91D42872C74BAD7482484A8E67DA,PART_E9B6842E1322877CB977F4F41C542C85,8/14/2023,1,0,594080.01,3,33.69,16.734,4.926,0,1.151000023,114.0419998,270629.1875,0.510999978,247.8670044,21.66
CUST_D59D91D42872C74BAD7482484A8E67DA,PART_E9B6842E1322877CB977F4F41C542C85,8/17/2023,1,0,604169.64,1,11.23,5.578,1.642,0,1.152999997,114.052002,270486.1563,0.50999999,247.9089966,7.22
CUST_D59D91D42872C74BAD7482484A8E67DA,PART_E9B6842E1322877CB977F4F41C542C85,8/21/2023,1,0,609901.96,7,78.61,39.046,11.494,0,1.156000018,114.0650024,270295.4375,0.509000003,247.9649963,50.54
CUST_D59D91D42872C74BAD7482484A8E67DA,PART_E9B6842E1322877CB977F4F41C542C85,9/7/2023,1,0,641902.67,4,44.92,22.312,6.568,0,1.15199995,114.1399994,269573.4063,0.499000013,248.1320038,28.88
CUST_D59D91D42872C74BAD7482484A8E67DA,PART_E9B6842E1322877CB977F4F41C542C85,9/27/2023,1,0,675077.25,3,33.69,16.734,4.926,0,1.11500001,114.2730026,268914.7188,0.474000007,248.1699982,21.66
CUST_D59D91D42872C74BAD7482484A8E67DA,PART_E9B6842E1322877CB977F4F41C542C85,10/11/2023,1,0,700144.47,-1,-11.23,-5.578,-1.642,0,1.103000045,114.1060028,269387.5313,0.470999986,248.2120056,-7.22
CUST_D59D91D42872C74BAD7482484A8E67DA,PART_E9B6842E1322877CB977F4F41C542C85,10/17/2023,1,0,709707.57,5,56.15,27.89,8.21,0,1.100999951,113.9899979,269750.2188,0.472000003,248.2319946,36.1
CUST_D59D91D42872C74BAD7482484A8E67DA,PART_E9B6842E1322877CB977F4F41C542C85,10/23/2023,1,0,714971.72,10,112.3,55.78,16.42,0,1.09800005,113.8740005,270112.9375,0.47299999,248.253006,72.2
CUST_D59D91D42872C74BAD7482484A8E67DA,PART_E9B6842E1322877CB977F4F41C542C85,11/15/2023,1,0,749817.79,3,33.69,16.734,4.926,0,1.085999966,114.7730026,270570.1875,0.479999989,248.3439941,21.66
CUST_D59D91D42872C74BAD7482484A8E67DA,PART_E9B6842E1322877CB977F4F41C542C85,11/27/2023,1,0,768734.01,5,56.15,27.89,8.21,0,1.078999996,115.6930008,270495.8125,0.485000014,248.3959961,36.1
CUST_D59D91D42872C74BAD7482484A8E67DA,PART_E9B6842E1322877CB977F4F41C542C85,12/8/2023,1,0,784095.97,10,112.3,55.78,16.42,0,1.067999959,115.0059967,270978.1563,0.488000005,248.7429962,72.2
CUST_D59D91D42872C74BAD7482484A8E67DA,PART_E9B6842E1322877CB977F4F41C542C85,12/14/2023,1,0,800204.87,14,157.22,78.092,22.988,0,1.06099999,114.1549988,271412.875,0.49000001,249.0269928,101.08
CUST_D59D91D42872C74BAD7482484A8E67DA,PART_E9B6842E1322877CB977F4F41C542C85,12/18/2023,1,0,804425.86,2,22.46,11.156,3.284,0,1.055999994,113.586998,271702.6875,0.49000001,249.2149963,14.44
CUST_D59D91D42872C74BAD7482484A8E67DA,PART_E9B6842E1322877CB977F4F41C542C85,1/4/2024,1,0,822611.42,8,89.84,44.624,13.136,0,1.046000004,111.8320007,273185.5938,0.493000001,249.878006,57.76
CUST_D59D91D42872C74BAD7482484A8E67DA,PART_E9B6842E1322877CB977F4F41C542C85,1/29/2024,1,0,760915.35,10,112.3,55.16,17.04,0,1.10800004,113.7679977,277090.4063,0.495999992,249.8919983,72.2
CUST_D59D91D42872C74BAD7482484A8E67DA,PART_E9B6842E1322877CB977F4F41C542C85,2/10/2024,1,0,758308.33,10,112.6,55.16,17.04,0,1.113999963,113.7210007,276279.75,0.492000014,249.9049988,72.2
CUST_D59D91D42872C74BAD7482484A8E67DA,PART_E9B6842E1322877CB977F4F41C542C85,2/19/2024,1,0,750555.52,20,225.2,110.32,34.08,0,1.113999963,113.4410019,275000.5313,0.486999989,249.9149933,144.4
CUST_D59D91D42872C74BAD7482484A8E67DA,PART_E9B6842E1322877CB977F4F41C542C85,3/19/2024,1,0,736038.34,1,11.26,5.516,1.704,0,1.103999972,113.0999985,274018.2188,0.481000006,249.9579926,7.22
CUST_D59D91D42872C74BAD7482484A8E67DA,PART_E9B6842E1322877CB977F4F41C542C85,4/18/2024,1,0,713889.71,4,45.04,22.064,6.816,0,1.09800005,114.1200027,274476.5313,0.476000011,249.6580048,28.88
CUST_D59D91D42872C74BAD7482484A8E67DA,PART_E9B6842E1322877CB977F4F41C542C85,4/19/2024,1,0,711368.34,10,112.6,55.16,17.04,0,1.09800005,114.1800003,274478.8125,0.476000011,249.6390076,72.2
CUST_D59D91D42872C74BAD7482484A8E67DA,PART_E9B6842E1322877CB977F4F41C542C85,5/8/2024,1,0,706041.3,5,56.3,27.58,8.52,0,1.093000054,114.6740036,274450.9063,0.470999986,249.4149933,36.1
CUST_D59D91D42872C74BAD7482484A8E67DA,PART_E9B6842E1322877CB977F4F41C542C85,5/9/2024,1,0,705056.52,2,22.52,11.032,3.408,0,1.093000054,114.6419983,274443.0313,0.470999986,249.4160004,14.44
CUST_D59D91D42872C74BAD7482484A8E67DA,PART_E9B6842E1322877CB977F4F41C542C85,5/23/2024,1,0,707722.77,-12,-135.12,-66.192,-20.448,0,1.083999991,114.1900024,274332.8438,0.467999995,249.4219971,-86.64
CUST_D59D91D42872C74BAD7482484A8E67DA,PART_E9B6842E1322877CB977F4F41C542C85,6/3/2024,1,0,698433.2,3,33.78,16.548,5.112,0,1.080000043,113.8799973,274203.0625,0.467999995,249.427002,21.66
CUST_D59D91D42872C74BAD7482484A8E67DA,PART_E9B6842E1322877CB977F4F41C542C85,6/11/2024,1,0,704665.23,3,33.78,16.548,5.112,0,1.088999987,113.8000031,273967.3438,0.476000011,249.4309998,21.66
CUST_D59D91D42872C74BAD7482484A8E67DA,PART_E9B6842E1322877CB977F4F41C542C85,7/17/2024,1,0,696699.51,15,174.9,82.74,25.56,0,1.116000056,114.0130005,273862.6563,0.493999988,249.447998,108.3
CUST_D59D91D42872C74BAD7482484A8E67DA,PART_E9B6842E1322877CB977F4F41C542C85,7/19/2024,1,0,693432.49,3,34.98,16.548,5.112,0,1.116000056,114.0650024,273923.2188,0.493999988,249.447998,21.66
CUST_D59D91D42872C74BAD7482484A8E67DA,PART_E9B6842E1322877CB977F4F41C542C85,8/27/2024,1,0,683450.75,2,23.32,11.032,3.408,0,1.105000019,113.3099976,273338.2188,0.481999993,252.0809937,14.44
CUST_D59D91D42872C74BAD7482484A8E67DA,PART_E9B6842E1322877CB977F4F41C542C85,9/16/2024,1,0,681325.05,4,46.64,22.064,6.816,0,1.092000008,113.5500031,274637.5,0.472000003,252.5859985,28.88
CUST_D59D91D42872C74BAD7482484A8E67DA,PART_E9B6842E1322877CB977F4F41C542C85,9/20/2024,1,0,684905.1,1,11.66,5.516,1.704,0,1.088999987,113.6699982,275034.1563,0.469999999,252.5859985,7.22
CUST_D59D91D42872C74BAD7482484A8E67DA,PART_E9B6842E1322877CB977F4F41C542C85,10/9/2024,1,0,682303.39,5,58.3,27.58,8.52,0,1.082000017,113.7419968,275684.2188,0.470999986,252.595993,36.1
CUST_D59D91D42872C74BAD7482484A8E67DA,PART_E9B6842E1322877CB977F4F41C542C85,10/16/2024,1,0,681771.51,10,116.6,55.16,17.04,0,1.082999945,113.5159988,275298.5625,0.476999998,252.6049957,72.2
CUST_D59D91D42872C74BAD7482484A8E67DA,PART_E9B6842E1322877CB977F4F41C542C85,12/5/2024,1,0,685118.28,6,69.96,33.096,10.224,0,1,112.5350037,276109.25,0.463,252.7610016,43.32
CUST_D59D91D42872C74BAD7482484A8E67DA,PART_E9B6842E1322877CB977F4F41C542C85,12/10/2024,1,0,684184.24,1,11.66,5.516,1.704,0,0.991999984,112.4550018,276094.5938,0.465000004,252.7590027,7.22
CUST_D59D91D42872C74BAD7482484A8E67DA,PART_E9B6842E1322877CB977F4F41C542C85,12/18/2024,1,0,675516.52,8,93.28,44.128,13.632,0,0.977999985,112.3259964,276071.0938,0.467999995,252.7570038,57.76
CUST_D59D91D42872C74BAD7482484A8E67DA,PART_E9B6842E1322877CB977F4F41C542C85,1/30/2025,1,0,662591.24,1,11.66,5.516,1.704,0,1.047999978,113.7839966,274578.125,0.448000014,253.3800049,7.22
CUST_D59D91D42872C74BAD7482484A8E67DA,PART_E9B6842E1322877CB977F4F41C542C85,2/11/2025,1,0,661932.92,5,58.3,27.58,8.52,0,1.05400002,113.7929993,275467.6563,0.449999988,253.7019958,36.1
CUST_D59D91D42872C74BAD7482484A8E67DA,PART_E9B6842E1322877CB977F4F41C542C85,2/24/2025,1,0,643264.68,3,35.07,16.548,5.112,0,1.05400002,113.6539993,276754.1875,0.456,254.0650024,21.66
CUST_D59D91D42872C74BAD7482484A8E67DA,PART_E9B6842E1322877CB977F4F41C542C85,2/25/2025,1,0,646733.39,1,11.69,5.516,1.704,0,1.05400002,113.6429977,276853.1563,0.456,254.0930023,7.22
CUST_D59D91D42872C74BAD7482484A8E67DA,PART_E9B6842E1322877CB977F4F41C542C85,3/5/2025,1,0,649241.36,3,35.07,16.548,5.112,0,1.054999948,113.6259995,277355.3125,0.456999987,254.2140045,21.66
CUST_D59D91D42872C74BAD7482484A8E67DA,PART_E9B6842E1322877CB977F4F41C542C85,3/12/2025,1,0,648916.93,2,23.38,11.032,3.408,0,1.054999948,113.6709976,277541.375,0.456,254.2290039,14.44
CUST_D59D91D42872C74BAD7482484A8E67DA,PART_E9B6842E1322877CB977F4F41C542C85,3/14/2025,1,0,646851.82,10,116.9,55.16,17.04,0,1.055999994,113.6839981,277594.5625,0.455000013,254.2339935,72.2
CUST_D59D91D42872C74BAD7482484A8E67DA,PART_E9B6842E1322877CB977F4F41C542C85,3/21/2025,1,0,646733.33,6,70.14,33.096,10.224,0,1.057000041,113.7289963,277780.625,0.453000009,254.2489929,43.32
CUST_D59D91D42872C74BAD7482484A8E67DA,PART_E9B6842E1322877CB977F4F41C542C85,3/26/2025,1,0,649109.48,10,116.9,55.16,17.04,0,1.057000041,113.7610016,277913.5313,0.451999992,254.2599945,72.2
CUST_D59D91D42872C74BAD7482484A8E67DA,PART_E9B6842E1322877CB977F4F41C542C85,4/7/2025,1,0,648263.52,10,116.9,55.16,17.04,0,1.057000041,113.7600021,277774.1875,0.451999992,254.2799988,72.2
CUST_D59D91D42872C74BAD7482484A8E67DA,PART_E9B6842E1322877CB977F4F41C542C85,4/15/2025,1,0,659313.14,8,93.52,53.488,4.272,0,1.055999994,113.7070007,277375.8125,0.451999992,254.2890015,57.76
CUST_D59D91D42872C74BAD7482484A8E67DA,PART_E9B6842E1322877CB977F4F41C542C85,4/16/2025,1,0,658781.44,1,11.69,6.686,0.534,0,1.055999994,113.6999969,277326,0.453000009,254.2910004,7.22
CUST_D59D91D42872C74BAD7482484A8E67DA,PART_E9B6842E1322877CB977F4F41C542C85,5/14/2025,1,0,644046.5,1,13.99,6.686,0.534,0,1.052999973,113.473999,276483.375,0.453999996,254.3179932,7.22
CUST_D59D91D42872C74BAD7482484A8E67DA,PART_E9B6842E1322877CB977F4F41C542C85,7/7/2025,1,0,623575.51,6,86.34,44.466,8.034,0,1.029999971,114.2549973,277733,0.418000013,254.4459991,52.5
CUST_D59D91D42872C74BAD7482484A8E67DA,PART_E9B6842E1322877CB977F4F41C542C85,7/11/2025,1,0,631534.75,8,115.12,59.288,10.712,0,1.027999997,114.3580017,277713,0.414999992,254.522995,70
CUST_D59D91D42872C74BAD7482484A8E67DA,PART_E9B6842E1322877CB977F4F41C542C85,8/5/2025,1,0,627198.84,15,236.85,111.165,14.685,0,1.019999981,114.7580032,277677.4063,0.398000002,255.0879974,125.85
CUST_D59D91D42872C74BAD7482484A8E67DA,PART_E9B6842E1322877CB977F4F41C542C85,8/29/2025,1,0,645359.96,2,31.58,14.822,1.958,0,1.039999962,113.9059982,278093.9375,0.38499999,256.0809937,16.78
CUST_D59D91D42872C74BAD7482484A8E67DA,PART_E9B6842E1322877CB977F4F41C542C85,9/9/2025,1,0,658284.58,12,189.48,88.932,11.748,0,1.029999971,113.3730011,278012.4063,0.370999992,256.2049866,100.68
CUST_D59D91D42872C74BAD7482484A8E67DA,PART_E9B6842E1322877CB977F4F41C542C85,9/29/2025,1,0,661022.53,15,236.85,111.165,14.685,0,1,112.3069992,277678.4063,0.342000008,256.2049866,125.85
CUST_D59D91D42872C74BAD7482484A8E67DA,PART_25F3874B96DA8E29F040CD54AC9B9893,1/3/2023,1,0,2496.77,1,27.91,11.587,1.953,0,1.126999974,116.8059998,275461.6563,0.504999995,244.2590027,13.54
CUST_D59D91D42872C74BAD7482484A8E67DA,PART_25F3874B96DA8E29F040CD54AC9B9893,1/5/2023,1,0,10540.51,2,55.82,23.174,3.906,0,1.129999995,116.8130035,275148.2813,0.505999982,244.3480072,27.08
CUST_D59D91D42872C74BAD7482484A8E67DA,PART_25F3874B96DA8E29F040CD54AC9B9893,1/6/2023,1,0,11343.81,6,167.46,69.522,11.718,0,1.131000042,116.8160019,274991.625,0.507000029,244.3919983,81.24
CUST_D59D91D42872C74BAD7482484A8E67DA,PART_25F3874B96DA8E29F040CD54AC9B9893,1/10/2023,1,0,24495.04,4,111.64,46.348,7.812,0,1.136000037,116.8290024,274364.9063,0.509000003,244.5700073,54.16
CUST_D59D91D42872C74BAD7482484A8E67DA,PART_25F3874B96DA8E29F040CD54AC9B9893,1/11/2023,1,0,32529.64,10,279.1,115.87,19.53,0,1.138000011,116.8320007,274208.2188,0.509000003,244.6139984,135.4
CUST_D59D91D42872C74BAD7482484A8E67DA,PART_25F3874B96DA8E29F040CD54AC9B9893,1/12/2023,1,0,34832.25,2,55.82,23.174,3.906,0,1.139000058,116.8349991,274051.5625,0.50999999,244.6589966,27.08
CUST_D59D91D42872C74BAD7482484A8E67DA,PART_25F3874B96DA8E29F040CD54AC9B9893,1/17/2023,1,0,48289.63,3,84.51,34.761,5.859,0,1.146000028,116.8519974,273268.1563,0.513000011,244.8809967,40.62
CUST_D59D91D42872C74BAD7482484A8E67DA,PART_25F3874B96DA8E29F040CD54AC9B9893,1/19/2023,1,0,70574.96,3,84.51,34.761,5.859,0,1.149000049,116.8580017,272954.8125,0.513999999,244.9700012,40.62
CUST_D59D91D42872C74BAD7482484A8E67DA,PART_25F3874B96DA8E29F040CD54AC9B9893,1/23/2023,1,0,79756.7,5,140.85,57.935,9.765,0,1.154999971,116.8710022,272328.0938,0.515999973,245.1470032,67.7
CUST_D59D91D42872C74BAD7482484A8E67DA,PART_25F3874B96DA8E29F040CD54AC9B9893,1/24/2023,1,0,85797.6,6,169.02,69.522,11.718,0,1.156000018,116.8740005,272171.4063,0.51700002,245.1920013,81.24
CUST_D59D91D42872C74BAD7482484A8E67DA,PART_25F3874B96DA8E29F040CD54AC9B9893,1/25/2023,1,0,92790.89,20,563.3,231.74,39.06,0,1.156999946,116.8769989,272014.75,0.51700002,245.2359924,270.8
CUST_D59D91D42872C74BAD7482484A8E67DA,PART_25F3874B96DA8E29F040CD54AC9B9893,1/26/2023,1,0,97159.88,1,28.17,11.587,1.953,0,1.159000039,116.8809967,271858.0625,0.518000007,245.2799988,13.54
CUST_D59D91D42872C74BAD7482484A8E67DA,PART_25F3874B96DA8E29F040CD54AC9B9893,1/30/2023,1,0,108489.17,1,28.17,11.587,1.953,0,1.164000034,116.8939972,271231.3438,0.519999981,245.4579926,13.54
CUST_D59D91D42872C74BAD7482484A8E67DA,PART_25F3874B96DA8E29F040CD54AC9B9893,1/31/2023,1,0,114415.76,1,28.17,11.587,1.953,0,1.166000009,116.8970032,271074.6875,0.519999981,245.503006,13.54
CUST_D59D91D42872C74BAD7482484A8E67DA,PART_25F3874B96DA8E29F040CD54AC9B9893,2/1/2023,1,0,118173.77,1,28.17,11.587,1.953,0,1.167000055,116.9000015,270918,0.521000028,245.5469971,13.54
CUST_D59D91D42872C74BAD7482484A8E67DA,PART_25F3874B96DA8E29F040CD54AC9B9893,2/2/2023,1,0,120882.08,7,197.19,81.109,13.671,0,1.167000055,116.8180008,270832.6563,0.519999981,245.5469971,94.78
CUST_D59D91D42872C74BAD7482484A8E67DA,PART_25F3874B96DA8E29F040CD54AC9B9893,2/6/2023,1,0,125458.49,1,28.16,11.587,1.953,0,1.164999962,116.4889984,270491.2188,0.515999973,245.548996,13.54
CUST_D59D91D42872C74BAD7482484A8E67DA,PART_25F3874B96DA8E29F040CD54AC9B9893,2/7/2023,1,0,131816.82,4,112.68,46.348,7.812,0,1.164000034,116.4069977,270405.8438,0.514999986,245.548996,54.16
CUST_D59D91D42872C74BAD7482484A8E67DA,PART_25F3874B96DA8E29F040CD54AC9B9893,2/8/2023,1,0,137939.64,0,0,0,0,0,1.164000034,116.3249969,270320.5,0.513999999,245.5500031,0
CUST_D59D91D42872C74BAD7482484A8E67DA,PART_25F3874B96DA8E29F040CD54AC9B9893,2/9/2023,1,0,141605.93,5,140.85,57.935,9.765,0,1.164000034,116.2429962,270235.1563,0.513000011,245.5500031,67.7
CUST_D59D91D42872C74BAD7482484A8E67DA,PART_25F3874B96DA8E29F040CD54AC9B9893,2/13/2023,1,0,146956.7,0,0,0,0,0,1.161999941,115.9140015,269893.7188,0.509000003,245.5509949,0
CUST_D59D91D42872C74BAD7482484A8E67DA,PART_25F3874B96DA8E29F040CD54AC9B9893,2/14/2023,1,0,148520.68,1,28.17,11.587,1.953,0,1.161000013,115.8320007,269808.3438,0.508000016,245.552002,13.54
CUST_D59D91D42872C74BAD7482484A8E67DA,PART_25F3874B96DA8E29F040CD54AC9B9893,2/16/2023,1,0,158474.68,2,56.32,23.174,3.906,0,1.161000013,115.6679993,269637.6563,0.505999982,245.552002,27.08
CUST_D59D91D42872C74BAD7482484A8E67DA,PART_25F3874B96DA8E29F040CD54AC9B9893,2/17/2023,1,0,162832.99,1,28.17,11.587,1.953,0,1.159999967,115.5859985,269552.2813,0.504999995,245.5529938,13.54
CUST_D59D91D42872C74BAD7482484A8E67DA,PART_25F3874B96DA8E29F040CD54AC9B9893,2/20/2023,1,0,165453.24,2,56.34,23.174,3.906,0,1.159000039,115.3389969,269296.2188,0.501999974,245.5540009,27.08
CUST_D59D91D42872C74BAD7482484A8E67DA,PART_25F3874B96DA8E29F040CD54AC9B9893,2/21/2023,1,0,168002.94,4,112.68,46.348,7.812,0,1.157999992,115.2570038,269210.8438,0.500999987,245.5540009,54.16
CUST_D59D91D42872C74BAD7482484A8E67DA,PART_25F3874B96DA8E29F040CD54AC9B9893,2/22/2023,1,0,172123.31,0,0,0,0,0,1.157999992,115.1750031,269125.5,0.5,245.5549927,0
CUST_D59D91D42872C74BAD7482484A8E67DA,PART_25F3874B96DA8E29F040CD54AC9B9893,2/23/2023,1,0,178996.99,2,56.32,23.174,3.906,0,1.157999992,115.0930023,269040.1563,0.499000013,245.5549927,27.08
CUST_D59D91D42872C74BAD7482484A8E67DA,PART_25F3874B96DA8E29F040CD54AC9B9893,2/27/2023,1,0,183935.2,27,760.39,312.849,52.731,0,1.156000018,114.7639999,268698.7188,0.495000005,245.5559998,365.58
CUST_D59D91D42872C74BAD7482484A8E67DA,PART_25F3874B96DA8E29F040CD54AC9B9893,3/1/2023,1,0,197479.18,1,28.17,11.587,1.953,0,1.154999971,114.5999985,268528,0.493000001,245.5570068,13.54
CUST_D59D91D42872C74BAD7482484A8E67DA,PART_25F3874B96DA8E29F040CD54AC9B9893,3/2/2023,1,0,196635.44,0,0,0,0,0,1.154999971,114.5810013,268601.75,0.495000005,245.5630035,0
CUST_D59D91D42872C74BAD7482484A8E67DA,PART_25F3874B96DA8E29F040CD54AC9B9893,3/3/2023,1,0,202996.97,1,28.17,11.587,2.223,0,1.154000044,114.560997,268675.4688,0.497000009,245.5690002,13.81
CUST_D59D91D42872C74BAD7482484A8E67DA,PART_25F3874B96DA8E29F040CD54AC9B9893,3/6/2023,1,0,205154.59,5,140.85,57.935,11.115,0,1.152999997,114.5029984,268896.7188,0.501999974,245.5870056,69.05
CUST_D59D91D42872C74BAD7482484A8E67DA,PART_25F3874B96DA8E29F040CD54AC9B9893,3/7/2023,1,0,210394.77,5,140.85,57.935,11.115,0,1.152999997,114.4840012,268970.4375,0.504000008,245.5930023,69.05
CUST_D59D91D42872C74BAD7482484A8E67DA,PART_25F3874B96DA8E29F040CD54AC9B9893,3/8/2023,1,0,213791.54,10,281.7,115.87,22.23,0,1.152999997,114.4649963,269044.1875,0.505999982,245.598999,138.1
CUST_D59D91D42872C74BAD7482484A8E67DA,PART_25F3874B96DA8E29F040CD54AC9B9893,3/14/2023,1,0,228978.68,2,56.34,23.174,4.446,0,1.149999976,114.3479996,269486.6563,0.51700002,245.6349945,27.62
CUST_D59D91D42872C74BAD7482484A8E67DA,PART_25F3874B96DA8E29F040CD54AC9B9893,3/15/2023,1,0,234051.09,1,28.17,11.587,2.223,0,1.149999976,114.3290024,269560.375,0.518999994,245.6410065,13.81
CUST_D59D91D42872C74BAD7482484A8E67DA,PART_25F3874B96DA8E29F040CD54AC9B9893,3/17/2023,1,0,241147.41,4,112.68,46.348,8.892,0,1.149000049,114.2900009,269707.875,0.523000002,245.654007,55.24
CUST_D59D91D42872C74BAD7482484A8E67DA,PART_25F3874B96DA8E29F040CD54AC9B9893,3/18/2023,1,0,244054.99,2,56.32,23.174,4.446,0,1.149000049,114.2710037,269781.625,0.524999976,245.6600037,27.62
CUST_D59D91D42872C74BAD7482484A8E67DA,PART_25F3874B96DA8E29F040CD54AC9B9893,3/21/2023,1,0,248950.58,14,394.38,162.218,31.122,0,1.148000002,114.2129974,270002.8438,0.529999971,245.6779938,193.34
CUST_D59D91D42872C74BAD7482484A8E67DA,PART_25F3874B96DA8E29F040CD54AC9B9893,3/22/2023,1,0,252397.85,6,169.02,69.522,13.338,0,1.148000002,114.1940002,270076.5938,0.532000005,245.6840057,82.86
CUST_D59D91D42872C74BAD7482484A8E67DA,PART_25F3874B96DA8E29F040CD54AC9B9893,3/23/2023,1,0,255026,3,84.51,34.761,6.669,0,1.146999955,114.1740036,270150.3125,0.533999979,245.6900024,41.43
CUST_D59D91D42872C74BAD7482484A8E67DA,PART_25F3874B96DA8E29F040CD54AC9B9893,3/27/2023,1,0,266862.7,3,84.51,34.761,6.669,0,1.146000028,114.0970001,270445.2813,0.541999996,245.7140045,41.43
CUST_D59D91D42872C74BAD7482484A8E67DA,PART_25F3874B96DA8E29F040CD54AC9B9893,3/28/2023,1,0,271802.48,3,84.51,34.761,6.669,0,1.144999981,114.0770035,270519.0313,0.54400003,245.7200012,41.43
CUST_D59D91D42872C74BAD7482484A8E67DA,PART_25F3874B96DA8E29F040CD54AC9B9893,4/5/2023,1,0,295495.16,11,309.87,127.457,24.453,0,1.146999955,113.9599991,270778.5313,0.550000012,245.7870026,151.91
CUST_D59D91D42872C74BAD7482484A8E67DA,PART_25F3874B96DA8E29F040CD54AC9B9893,4/7/2023,1,0,302654.06,3,84.51,34.761,6.669,0,1.148000002,113.9400024,270760.8125,0.549000025,245.8079987,41.43
CUST_D59D91D42872C74BAD7482484A8E67DA,PART_25F3874B96DA8E29F040CD54AC9B9893,4/11/2023,1,0,310677.61,2,56.34,23.174,4.446,0,1.151000023,113.9000015,270725.3438,0.547999978,245.8500061,27.62
CUST_D59D91D42872C74BAD7482484A8E67DA,PART_25F3874B96DA8E29F040CD54AC9B9893,4/13/2023,1,0,317332.67,7,197.19,81.109,15.561,0,1.152999997,113.8799973,270707.5938,0.546999991,245.871994,96.67
CUST_D59D91D42872C74BAD7482484A8E67DA,PART_25F3874B96DA8E29F040CD54AC9B9893,4/17/2023,1,0,322768.23,32,901.44,370.784,71.136,0,1.156000018,113.8399963,270672.125,0.546000004,245.9140015,441.92
CUST_D59D91D42872C74BAD7482484A8E67DA,PART_25F3874B96DA8E29F040CD54AC9B9893,4/18/2023,1,0,326966.34,8,225.36,92.696,17.784,0,1.156000018,113.8300018,270663.2813,0.545000017,245.9250031,110.48
CUST_D59D91D42872C74BAD7482484A8E67DA,PART_25F3874B96DA8E29F040CD54AC9B9893,4/21/2023,1,0,339522.52,5,140.85,57.935,11.115,0,1.159000039,113.8000031,270636.6563,0.54400003,245.9570007,69.05
CUST_D59D91D42872C74BAD7482484A8E67DA,PART_25F3874B96DA8E29F040CD54AC9B9893,4/25/2023,1,0,345931.15,1,28.17,7.217,6.593,0,1.161999941,113.7600021,270601.1875,0.542999983,245.9989929,13.81
CUST_D59D91D42872C74BAD7482484A8E67DA,PART_25F3874B96DA8E29F040CD54AC9B9893,4/26/2023,1,0,351600.83,2,56.34,14.434,13.186,0,1.161999941,113.75,270592.3438,0.542999983,246.0099945,27.62
CUST_D59D91D42872C74BAD7482484A8E67DA,PART_25F3874B96DA8E29F040CD54AC9B9893,5/2/2023,1,0,359246.37,6,169.02,43.302,39.558,0,1.164999962,113.7160034,270540.0313,0.541000009,246.0870056,82.86
CUST_D59D91D42872C74BAD7482484A8E67DA,PART_25F3874B96DA8E29F040CD54AC9B9893,5/4/2023,1,0,368319.61,4,112.68,28.868,26.372,0,1.164000034,113.7480011,270524.0938,0.540000021,246.1349945,55.24
CUST_D59D91D42872C74BAD7482484A8E67DA,PART_25F3874B96DA8E29F040CD54AC9B9893,5/9/2023,1,0,377069.07,11,309.87,79.387,72.523,0,1.161000013,113.8290024,270484.25,0.538999975,246.2539978,151.91
CUST_D59D91D42872C74BAD7482484A8E67DA,PART_25F3874B96DA8E29F040CD54AC9B9893,5/10/2023,1,0,379477.28,6,169.02,43.302,39.558,0,1.159999967,113.8450012,270476.2813,0.538999975,246.2779999,82.86
CUST_D59D91D42872C74BAD7482484A8E67DA,PART_25F3874B96DA8E29F040CD54AC9B9893,5/12/2023,1,0,388587.15,2,56.34,14.434,13.186,0,1.159000039,113.8769989,270460.3438,0.538999975,246.326004,27.62
CUST_D59D91D42872C74BAD7482484A8E67DA,PART_25F3874B96DA8E29F040CD54AC9B9893,5/16/2023,1,0,393599.91,1,28.17,7.217,6.593,0,1.156999946,113.9420013,270428.4688,0.537999988,246.4219971,13.81
CUST_D59D91D42872C74BAD7482484A8E67DA,PART_25F3874B96DA8E29F040CD54AC9B9893,5/19/2023,1,0,403734.42,5,140.85,36.085,32.965,0,1.154999971,113.9899979,270404.5938,0.537999988,246.4940033,69.05
CUST_D59D91D42872C74BAD7482484A8E67DA,PART_25F3874B96DA8E29F040CD54AC9B9893,5/22/2023,1,0,406094.88,5,140.85,36.085,32.965,0,1.152999997,114.0390015,270380.6875,0.537,246.5659943,69.05
CUST_D59D91D42872C74BAD7482484A8E67DA,PART_25F3874B96DA8E29F040CD54AC9B9893,5/23/2023,1,0,407462.58,9,253.53,64.953,59.337,0,1.152999997,114.0550003,270372.7188,0.537,246.5899963,124.29
CUST_D59D91D42872C74BAD7482484A8E67DA,PART_25F3874B96DA8E29F040CD54AC9B9893,5/24/2023,1,0,411823.71,3,84.51,21.651,19.779,0,1.15199995,114.0709991,270364.75,0.537,246.6139984,41.43
CUST_D59D91D42872C74BAD7482484A8E67DA,PART_25F3874B96DA8E29F040CD54AC9B9893,5/25/2023,1,0,414554.34,5,140.85,36.085,32.965,0,1.151000023,114.086998,270356.7813,0.536000013,246.6369934,69.05
CUST_D59D91D42872C74BAD7482484A8E67DA,PART_25F3874B96DA8E29F040CD54AC9B9893,5/26/2023,1,0,420697.12,4,112.68,28.868,26.372,0,1.151000023,114.1029968,270348.8125,0.536000013,246.6609955,55.24
CUST_D59D91D42872C74BAD7482484A8E67DA,PART_25F3874B96DA8E29F040CD54AC9B9893,5/31/2023,1,0,431313.92,4,112.68,28.868,26.372,0,1.148000002,114.1839981,270308.9688,0.535000026,246.7810059,55.24
CUST_D59D91D42872C74BAD7482484A8E67DA,PART_25F3874B96DA8E29F040CD54AC9B9893,6/1/2023,1,0,438510.67,2,56.34,14.434,13.186,0,1.146999955,114.1999969,270301,0.535000026,246.8049927,27.62
CUST_D59D91D42872C74BAD7482484A8E67DA,PART_25F3874B96DA8E29F040CD54AC9B9893,6/2/2023,1,0,440917.81,1,28.98,7.217,6.593,0,1.146000028,114.2300034,270319.7188,0.533999979,246.8339996,13.81
CUST_D59D91D42872C74BAD7482484A8E67DA,PART_25F3874B96DA8E29F040CD54AC9B9893,6/6/2023,1,0,446115.59,13,366.21,93.821,85.709,0,1.143000007,114.3499985,270394.6563,0.531000018,246.9499969,179.53
CUST_D59D91D42872C74BAD7482484A8E67DA,PART_25F3874B96DA8E29F040CD54AC9B9893,6/12/2023,1,0,454890.08,9,160.83,64.953,59.337,0,1.138000011,114.5299988,270507.0625,0.526000023,247.1239929,124.29
CUST_D59D91D42872C74BAD7482484A8E67DA,PART_25F3874B96DA8E29F040CD54AC9B9893,6/13/2023,1,0,457467.6,0,-10.3,0,0,0,1.136999965,114.5599976,270525.8125,0.524999976,247.1529999,0
CUST_D59D91D42872C74BAD7482484A8E67DA,PART_25F3874B96DA8E29F040CD54AC9B9893,6/14/2023,1,0,461881.89,6,107.22,43.302,39.558,0,1.136000037,114.5899963,270544.5313,0.524999976,247.1820068,82.86
CUST_D59D91D42872C74BAD7482484A8E67DA,PART_25F3874B96DA8E29F040CD54AC9B9893,6/16/2023,1,0,473538.52,3,53.61,21.651,19.779,0,1.13499999,114.6500015,270582,0.523000002,247.2400055,41.43
CUST_D59D91D42872C74BAD7482484A8E67DA,PART_25F3874B96DA8E29F040CD54AC9B9893,6/19/2023,1,0,474525.71,9,160.83,64.953,59.337,0,1.131999969,114.7399979,270638.1875,0.521000028,247.326004,124.29
CUST_D59D91D42872C74BAD7482484A8E67DA,PART_25F3874B96DA8E29F040CD54AC9B9893,6/20/2023,1,0,480604.62,5,89.35,36.085,32.965,0,1.131000042,114.7699966,270656.9375,0.519999981,247.3549957,69.05
CUST_D59D91D42872C74BAD7482484A8E67DA,PART_25F3874B96DA8E29F040CD54AC9B9893,6/29/2023,1,0,502440.48,15,268.05,108.255,98.895,0,1.123999953,115.0400009,270825.5313,0.513000011,247.6159973,207.15
CUST_D59D91D42872C74BAD7482484A8E67DA,PART_25F3874B96DA8E29F040CD54AC9B9893,7/5/2023,1,0,514607.98,3,53.61,21.651,19.779,0,1.125,114.9580002,270912.8125,0.510999978,247.6750031,41.43
CUST_D59D91D42872C74BAD7482484A8E67DA,PART_25F3874B96DA8E29F040CD54AC9B9893,7/6/2023,1,0,517464.31,1,17.87,7.217,6.593,0,1.125,114.9229965,270925.25,0.510999978,247.6759949,13.81
CUST_D59D91D42872C74BAD7482484A8E67DA,PART_25F3874B96DA8E29F040CD54AC9B9893,7/7/2023,1,0,519216.94,2,35.74,14.434,13.186,0,1.126000047,114.887001,270937.7188,0.512000024,247.6759949,27.62
CUST_D59D91D42872C74BAD7482484A8E67DA,PART_25F3874B96DA8E29F040CD54AC9B9893,7/10/2023,1,0,519819.41,8,142.96,57.736,52.744,0,1.128000021,114.7809982,270975.0625,0.512000024,247.677002,110.48
CUST_D59D91D42872C74BAD7482484A8E67DA,PART_25F3874B96DA8E29F040CD54AC9B9893,7/11/2023,1,0,522510.73,4,71.48,28.868,26.372,0,1.128999949,114.7450027,270987.5313,0.512000024,247.677002,55.24
CUST_D59D91D42872C74BAD7482484A8E67DA,PART_25F3874B96DA8E29F040CD54AC9B9893,7/18/2023,1,0,537942.89,3,53.61,21.651,19.779,0,1.133999944,114.4970016,271074.6875,0.513000011,247.6790009,41.43
CUST_D59D91D42872C74BAD7482484A8E67DA,PART_25F3874B96DA8E29F040CD54AC9B9893,7/19/2023,1,0,545410.64,3,53.61,21.651,19.779,0,1.133999944,114.4609985,271087.125,0.513000011,247.6799927,41.43
CUST_D59D91D42872C74BAD7482484A8E67DA,PART_25F3874B96DA8E29F040CD54AC9B9893,7/31/2023,1,0,563225.97,8,142.96,57.736,52.744,0,1.14199996,114.0350037,271236.5625,0.513999999,247.6840057,110.48
CUST_D59D91D42872C74BAD7482484A8E67DA,PART_25F3874B96DA8E29F040CD54AC9B9893,8/1/2023,1,0,566537.46,5,89.35,36.085,32.965,0,1.143000007,114,271249,0.513999999,247.6840057,69.05
CUST_D59D91D42872C74BAD7482484A8E67DA,PART_25F3874B96DA8E29F040CD54AC9B9893,8/2/2023,1,0,571202.52,4,71.48,28.868,26.372,0,1.144000053,114.0029984,271201.3125,0.513999999,247.697998,55.24
CUST_D59D91D42872C74BAD7482484A8E67DA,PART_25F3874B96DA8E29F040CD54AC9B9893,8/3/2023,1,0,573659.84,2,35.74,14.434,13.186,0,1.144000053,114.0059967,271153.6563,0.513999999,247.7120056,27.62
CUST_D59D91D42872C74BAD7482484A8E67DA,PART_25F3874B96DA8E29F040CD54AC9B9893,8/8/2023,1,0,585794.66,4,71.48,28.868,26.372,0,1.148000002,114.0230026,270915.25,0.512000024,247.7819977,55.24
CUST_D59D91D42872C74BAD7482484A8E67DA,PART_25F3874B96DA8E29F040CD54AC9B9893,8/10/2023,1,0,590745.28,20,357.4,144.34,131.86,0,1.149000049,114.0289993,270819.9063,0.512000024,247.8110046,276.2
CUST_D59D91D42872C74BAD7482484A8E67DA,PART_25F3874B96DA8E29F040CD54AC9B9893,8/14/2023,1,0,594080.01,7,125.09,50.519,46.151,0,1.151000023,114.0419998,270629.1875,0.510999978,247.8670044,96.67
CUST_D59D91D42872C74BAD7482484A8E67DA,PART_25F3874B96DA8E29F040CD54AC9B9893,8/16/2023,1,0,602000.96,3,53.61,21.651,19.779,0,1.152999997,114.0479965,270533.8438,0.510999978,247.8950043,41.43
CUST_D59D91D42872C74BAD7482484A8E67DA,PART_25F3874B96DA8E29F040CD54AC9B9893,8/22/2023,1,0,612603.53,2,35.74,14.434,13.186,0,1.156999946,114.0680008,270247.7813,0.509000003,247.9790039,27.62
CUST_D59D91D42872C74BAD7482484A8E67DA,PART_25F3874B96DA8E29F040CD54AC9B9893,8/23/2023,1,0,616483.15,12,214.44,86.604,79.116,0,1.156999946,114.0709991,270200.0938,0.509000003,247.9929962,165.72
CUST_D59D91D42872C74BAD7482484A8E67DA,PART_25F3874B96DA8E29F040CD54AC9B9893,8/28/2023,1,0,627062.86,3,53.61,21.651,19.779,0,1.159999967,114.086998,269961.7188,0.508000016,248.0639954,41.43
CUST_D59D91D42872C74BAD7482484A8E67DA,PART_25F3874B96DA8E29F040CD54AC9B9893,8/29/2023,1,0,629004.76,2,35.74,14.434,13.186,0,1.161000013,114.0899963,269914.0313,0.508000016,248.0780029,27.62
CUST_D59D91D42872C74BAD7482484A8E67DA,PART_25F3874B96DA8E29F040CD54AC9B9893,8/30/2023,1,0,630623.4,5,89.35,36.085,32.965,0,1.161999941,114.0940018,269866.3438,0.507000029,248.0919952,69.05
CUST_D59D91D42872C74BAD7482484A8E67DA,PART_25F3874B96DA8E29F040CD54AC9B9893,8/31/2023,1,0,633888.5,2,35.74,14.434,13.186,0,1.161999941,114.0970001,269818.6875,0.507000029,248.1060028,27.62
CUST_D59D91D42872C74BAD7482484A8E67DA,PART_25F3874B96DA8E29F040CD54AC9B9893,9/5/2023,1,0,636145.22,1,17.87,7.217,6.593,0,1.156000018,114.1269989,269639.2813,0.501999974,248.128006,13.81
CUST_D59D91D42872C74BAD7482484A8E67DA,PART_25F3874B96DA8E29F040CD54AC9B9893,9/7/2023,1,0,641902.67,14,250.18,101.038,92.302,0,1.15199995,114.1399994,269573.4063,0.499000013,248.1320038,193.34
CUST_D59D91D42872C74BAD7482484A8E67DA,PART_25F3874B96DA8E29F040CD54AC9B9893,9/12/2023,1,0,645642.94,1,17.87,7.217,6.593,0,1.143000007,114.1729965,269408.7188,0.493000001,248.1410065,13.81
CUST_D59D91D42872C74BAD7482484A8E67DA,PART_25F3874B96DA8E29F040CD54AC9B9893,9/13/2023,1,0,650495.74,0,0,0,0,0,1.141000032,114.1800003,269375.8125,0.492000014,248.1430054,0
CUST_D59D91D42872C74BAD7482484A8E67DA,PART_25F3874B96DA8E29F040CD54AC9B9893,9/14/2023,1,0,653808.5,5,89.35,36.085,32.965,0,1.139000058,114.1869965,269342.875,0.490999997,248.1450043,69.05
CUST_D59D91D42872C74BAD7482484A8E67DA,PART_25F3874B96DA8E29F040CD54AC9B9893,9/19/2023,1,0,658919.47,3,53.61,21.651,19.779,0,1.129999995,114.2200012,269178.1875,0.483999997,248.1549988,41.43
CUST_D59D91D42872C74BAD7482484A8E67DA,PART_25F3874B96DA8E29F040CD54AC9B9893,9/27/2023,1,0,675077.25,1,17.87,7.217,6.593,0,1.11500001,114.2730026,268914.7188,0.474000007,248.1699982,13.81
CUST_D59D91D42872C74BAD7482484A8E67DA,PART_25F3874B96DA8E29F040CD54AC9B9893,10/4/2023,1,0,684149.2,4,71.48,28.868,26.372,0,1.106999993,114.2419968,268964.3438,0.469000012,248.1880035,55.24
CUST_D59D91D42872C74BAD7482484A8E67DA,PART_25F3874B96DA8E29F040CD54AC9B9893,10/5/2023,1,0,685912,6,107.22,43.302,39.558,0,1.105999947,114.2229996,269024.8125,0.469999999,248.1920013,82.86
CUST_D59D91D42872C74BAD7482484A8E67DA,PART_25F3874B96DA8E29F040CD54AC9B9893,10/12/2023,1,0,705112.53,4,71.48,28.868,26.372,0,1.103000045,114.086998,269447.9688,0.470999986,248.2149963,55.24
CUST_D59D91D42872C74BAD7482484A8E67DA,PART_25F3874B96DA8E29F040CD54AC9B9893,10/17/2023,1,0,709707.57,1,17.87,7.217,6.593,0,1.100999951,113.9899979,269750.2188,0.472000003,248.2319946,13.81
CUST_D59D91D42872C74BAD7482484A8E67DA,PART_25F3874B96DA8E29F040CD54AC9B9893,10/19/2023,1,0,713747.21,2,35.74,14.434,13.186,0,1.100000024,113.9520035,269871.125,0.472000003,248.2389984,27.62
CUST_D59D91D42872C74BAD7482484A8E67DA,PART_25F3874B96DA8E29F040CD54AC9B9893,10/25/2023,1,0,719289.89,3,53.61,21.651,19.779,0,1.097000003,113.8349991,270233.8438,0.47299999,248.2590027,41.43
CUST_D59D91D42872C74BAD7482484A8E67DA,PART_25F3874B96DA8E29F040CD54AC9B9893,10/26/2023,1,0,724140.56,1,17.87,7.217,6.593,0,1.097000003,113.8160019,270294.2813,0.47299999,248.2630005,13.81
CUST_D59D91D42872C74BAD7482484A8E67DA,PART_25F3874B96DA8E29F040CD54AC9B9893,10/30/2023,1,0,726272.8,1,17.87,7.217,6.593,0,1.095000029,113.7389984,270536.0938,0.474000007,248.276001,13.81
CUST_D59D91D42872C74BAD7482484A8E67DA,PART_25F3874B96DA8E29F040CD54AC9B9893,11/2/2023,1,0,732686.99,6,107.22,43.302,39.558,0,1.093000054,113.7770004,270650.8125,0.474000007,248.2870026,82.86
CUST_D59D91D42872C74BAD7482484A8E67DA,PART_25F3874B96DA8E29F040CD54AC9B9893,11/15/2023,1,0,749817.79,4,71.48,28.868,26.372,0,1.085999966,114.7730026,270570.1875,0.479999989,248.3439941,55.24
CUST_D59D91D42872C74BAD7482484A8E67DA,PART_25F3874B96DA8E29F040CD54AC9B9893,11/16/2023,1,0,752265.5,1,17.87,7.217,6.593,0,1.085999966,114.8499985,270564,0.481000006,248.3480072,13.81
CUST_D59D91D42872C74BAD7482484A8E67DA,PART_25F3874B96DA8E29F040CD54AC9B9893,11/17/2023,1,0,755648.18,5,89.35,36.085,32.965,0,1.085000038,114.927002,270557.8125,0.481000006,248.352005,69.05
CUST_D59D91D42872C74BAD7482484A8E67DA,PART_25F3874B96DA8E29F040CD54AC9B9893,11/21/2023,1,0,758839.34,1,17.87,7.217,6.593,0,1.082999945,115.2330017,270533,0.48300001,248.3699951,13.81
CUST_D59D91D42872C74BAD7482484A8E67DA,PART_25F3874B96DA8E29F040CD54AC9B9893,11/22/2023,1,0,762951.82,6,107.22,43.302,39.558,0,1.082000017,115.3099976,270526.8125,0.48300001,248.3739929,82.86
CUST_D59D91D42872C74BAD7482484A8E67DA,PART_25F3874B96DA8E29F040CD54AC9B9893,11/27/2023,1,0,768734.01,1,17.87,7.217,6.593,0,1.078999996,115.6930008,270495.8125,0.485000014,248.3959961,13.81
CUST_D59D91D42872C74BAD7482484A8E67DA,PART_25F3874B96DA8E29F040CD54AC9B9893,11/28/2023,1,0,768219.36,1,17.87,7.217,6.593,0,1.078999996,115.7699966,270489.5938,0.486000001,248.3999939,13.81
CUST_D59D91D42872C74BAD7482484A8E67DA,PART_25F3874B96DA8E29F040CD54AC9B9893,11/29/2023,1,0,768920.63,1,17.87,7.217,6.593,0,1.077999949,115.8470001,270483.4063,0.486000001,248.404007,13.81
CUST_D59D91D42872C74BAD7482484A8E67DA,PART_25F3874B96DA8E29F040CD54AC9B9893,12/5/2023,1,0,774946.84,5,89.35,36.085,32.965,0,1.072000027,115.4319992,270760.8125,0.488000005,248.602005,69.05
CUST_D59D91D42872C74BAD7482484A8E67DA,PART_25F3874B96DA8E29F040CD54AC9B9893,12/6/2023,1,0,779075.99,0,0,0,0,0,1.07099998,115.2900009,270833.25,0.488000005,248.6490021,0
CUST_D59D91D42872C74BAD7482484A8E67DA,PART_25F3874B96DA8E29F040CD54AC9B9893,12/7/2023,1,0,780589.05,7,125.09,50.519,46.151,0,1.070000052,115.1480026,270905.7188,0.488000005,248.6959991,96.67
CUST_D59D91D42872C74BAD7482484A8E67DA,PART_25F3874B96DA8E29F040CD54AC9B9893,12/11/2023,1,0,785702.47,5,89.35,36.085,32.965,0,1.065000057,114.5810013,271195.5313,0.488999993,248.8849945,69.05
CUST_D59D91D42872C74BAD7482484A8E67DA,PART_25F3874B96DA8E29F040CD54AC9B9893,12/12/2023,1,0,789974.49,3,53.61,21.651,19.779,0,1.06400001,114.439003,271267.9688,0.488999993,248.9320068,41.43
CUST_D59D91D42872C74BAD7482484A8E67DA,PART_25F3874B96DA8E29F040CD54AC9B9893,12/13/2023,1,0,795925,5,89.35,36.085,32.965,0,1.062000036,114.2969971,271340.4063,0.488999993,248.9790039,69.05
CUST_D59D91D42872C74BAD7482484A8E67DA,PART_25F3874B96DA8E29F040CD54AC9B9893,12/19/2023,1,0,806395.96,3,53.61,21.651,19.779,0,1.054999948,113.4449997,271775.125,0.49000001,249.2619934,41.43
CUST_D59D91D42872C74BAD7482484A8E67DA,PART_25F3874B96DA8E29F040CD54AC9B9893,12/20/2023,1,0,808369.21,8,142.96,57.736,52.744,0,1.05400002,113.3030014,271847.5938,0.490999997,249.3099976,110.48
CUST_D59D91D42872C74BAD7482484A8E67DA,PART_25F3874B96DA8E29F040CD54AC9B9893,12/26/2023,1,0,813448.99,2,35.74,14.434,13.186,0,1.046000004,112.4520035,272282.2813,0.492000014,249.5930023,27.62
CUST_D59D91D42872C74BAD7482484A8E67DA,PART_25F3874B96DA8E29F040CD54AC9B9893,12/27/2023,1,0,816135.91,5,89.35,36.085,32.965,0,1.044999957,112.3099976,272354.75,0.492000014,249.6399994,69.05
CUST_D59D91D42872C74BAD7482484A8E67DA,PART_25F3874B96DA8E29F040CD54AC9B9893,12/30/2023,1,0,821515.9,3,53.61,21.651,19.779,0,1.041000009,111.8840027,272572.0938,0.493000001,249.7819977,41.43
CUST_D59D91D42872C74BAD7482484A8E67DA,PART_25F3874B96DA8E29F040CD54AC9B9893,1/2/2024,1,0,820185.72,4,71.48,28.868,26.372,0,1.041000009,111.677002,272873.1875,0.493000001,249.8769989,55.24
CUST_D59D91D42872C74BAD7482484A8E67DA,PART_25F3874B96DA8E29F040CD54AC9B9893,1/3/2024,1,0,822364.33,2,35.74,14.434,13.186,0,1.04400003,111.7549973,273029.375,0.493000001,249.8769989,27.62
CUST_D59D91D42872C74BAD7482484A8E67DA,PART_25F3874B96DA8E29F040CD54AC9B9893,1/4/2024,1,0,822611.42,8,142.96,57.736,52.744,0,1.046000004,111.8320007,273185.5938,0.493000001,249.878006,110.48
CUST_D59D91D42872C74BAD7482484A8E67DA,PART_25F3874B96DA8E29F040CD54AC9B9893,1/8/2024,1,0,810659.09,5,89.35,36.085,32.965,0,1.055999994,112.1419983,273810.3438,0.493999988,249.8800049,69.05
CUST_D59D91D42872C74BAD7482484A8E67DA,PART_25F3874B96DA8E29F040CD54AC9B9893,1/9/2024,1,0,812245.81,1,17.87,7.217,6.593,0,1.059000015,112.2190018,273966.5625,0.493999988,249.8809967,13.81
CUST_D59D91D42872C74BAD7482484A8E67DA,PART_25F3874B96DA8E29F040CD54AC9B9893,1/11/2024,1,0,808970.88,1,17.87,7.217,6.593,0,1.06400001,112.3740005,274278.9375,0.493999988,249.8820038,13.81
CUST_D59D91D42872C74BAD7482484A8E67DA,PART_25F3874B96DA8E29F040CD54AC9B9893,1/12/2024,1,0,810483.55,7,125.09,50.519,46.151,0,1.065999985,112.4520035,274435.125,0.493999988,249.8820038,96.67
CUST_D59D91D42872C74BAD7482484A8E67DA,PART_25F3874B96DA8E29F040CD54AC9B9893,1/16/2024,1,0,803138.11,6,107.22,43.302,39.558,0,1.075999975,112.7610016,275059.9063,0.493999988,249.8849945,82.86
CUST_D59D91D42872C74BAD7482484A8E67DA,PART_25F3874B96DA8E29F040CD54AC9B9893,1/18/2024,1,0,787416.67,1,17.87,7.217,6.593,0,1.08099997,112.9160004,275372.2813,0.495000005,249.8860016,13.81
CUST_D59D91D42872C74BAD7482484A8E67DA,PART_25F3874B96DA8E29F040CD54AC9B9893,1/19/2024,1,0,788428.88,1,17.87,7.217,6.593,0,1.082999945,112.9940033,275528.4688,0.495000005,249.8860016,13.81
CUST_D59D91D42872C74BAD7482484A8E67DA,PART_25F3874B96DA8E29F040CD54AC9B9893,1/22/2024,1,0,781324.55,1,17.87,7.217,6.593,0,1.090000033,113.2259979,275997.0625,0.495000005,249.8880005,13.81
CUST_D59D91D42872C74BAD7482484A8E67DA,PART_25F3874B96DA8E29F040CD54AC9B9893,1/23/2024,1,0,783193.45,2,35.74,14.434,13.186,0,1.093000054,113.3030014,276153.25,0.495000005,249.8890076,27.62
CUST_D59D91D42872C74BAD7482484A8E67DA,PART_25F3874B96DA8E29F040CD54AC9B9893,1/24/2024,1,0,778728.52,1,17.87,7.217,6.593,0,1.095000029,113.3809967,276309.4375,0.495000005,249.8890076,13.81
CUST_D59D91D42872C74BAD7482484A8E67DA,PART_25F3874B96DA8E29F040CD54AC9B9893,1/26/2024,1,0,769995.14,4,71.48,28.868,26.372,0,1.100000024,113.5350037,276621.8438,0.495000005,249.8910065,55.24
CUST_D59D91D42872C74BAD7482484A8E67DA,PART_25F3874B96DA8E29F040CD54AC9B9893,1/29/2024,1,0,760915.35,2,35.74,14.434,13.186,0,1.10800004,113.7679977,277090.4063,0.495999992,249.8919983,27.62
CUST_D59D91D42872C74BAD7482484A8E67DA,PART_25F3874B96DA8E29F040CD54AC9B9893,2/1/2024,1,0,760969.58,10,178.7,72.17,65.93,0,1.11500001,114,277559,0.495999992,249.8939972,138.1
CUST_D59D91D42872C74BAD7482484A8E67DA,PART_25F3874B96DA8E29F040CD54AC9B9893,2/5/2024,1,0,757277.44,5,89.35,36.085,32.965,0,1.11500001,113.8759995,276990.4375,0.493999988,249.8990021,69.05
CUST_D59D91D42872C74BAD7482484A8E67DA,PART_25F3874B96DA8E29F040CD54AC9B9893,2/6/2024,1,0,762646.41,4,71.48,28.868,26.372,0,1.11500001,113.8450012,276848.3125,0.493999988,249.8999939,55.24
CUST_D59D91D42872C74BAD7482484A8E67DA,PART_25F3874B96DA8E29F040CD54AC9B9893,2/8/2024,1,0,756878.99,5,89.35,36.085,32.965,0,1.11500001,113.7829971,276564.0313,0.493000001,249.9019928,69.05
CUST_D59D91D42872C74BAD7482484A8E67DA,PART_25F3874B96DA8E29F040CD54AC9B9893,2/12/2024,1,0,755438.18,4,71.48,28.868,26.372,0,1.113999963,113.6589966,275995.4688,0.490999997,249.9069977,55.24
CUST_D59D91D42872C74BAD7482484A8E67DA,PART_25F3874B96DA8E29F040CD54AC9B9893,2/13/2024,1,0,758575.21,4,71.48,28.868,26.372,0,1.113999963,113.6279984,275853.3438,0.49000001,249.9080048,55.24
CUST_D59D91D42872C74BAD7482484A8E67DA,PART_25F3874B96DA8E29F040CD54AC9B9893,2/14/2024,1,0,757932.2,3,53.61,21.651,19.779,0,1.113999963,113.5970001,275711.2188,0.49000001,249.9089966,41.43
CUST_D59D91D42872C74BAD7482484A8E67DA,PART_25F3874B96DA8E29F040CD54AC9B9893,2/15/2024,1,0,757374.94,5,89.35,36.085,32.965,0,1.113999963,113.5660019,275569.0625,0.488999993,249.9100037,69.05
CUST_D59D91D42872C74BAD7482484A8E67DA,PART_25F3874B96DA8E29F040CD54AC9B9893,2/19/2024,1,0,750555.52,32,571.84,230.944,210.976,0,1.113999963,113.4410019,275000.5313,0.486999989,249.9149933,441.92
CUST_D59D91D42872C74BAD7482484A8E67DA,PART_25F3874B96DA8E29F040CD54AC9B9893,2/20/2024,1,0,759902.26,2,35.74,14.434,13.186,0,1.113999963,113.4100037,274858.375,0.486999989,249.9160004,27.62
CUST_D59D91D42872C74BAD7482484A8E67DA,PART_25F3874B96DA8E29F040CD54AC9B9893,2/21/2024,1,0,759279.52,11,196.46,79.387,72.523,0,1.113999963,113.3789978,274716.25,0.486000001,249.9170074,151.91
CUST_D59D91D42872C74BAD7482484A8E67DA,PART_25F3874B96DA8E29F040CD54AC9B9893,2/22/2024,1,0,758664.1,1,17.87,7.217,6.593,0,1.113999963,113.3479996,274574.0938,0.486000001,249.9190063,13.81
CUST_D59D91D42872C74BAD7482484A8E67DA,PART_25F3874B96DA8E29F040CD54AC9B9893,2/26/2024,1,0,754304.29,1,17.87,7.217,6.593,0,1.113000035,113.223999,274005.5625,0.483999997,249.9230042,13.81
CUST_D59D91D42872C74BAD7482484A8E67DA,PART_25F3874B96DA8E29F040CD54AC9B9893,2/27/2024,1,0,755912.05,2,35.74,14.434,13.186,0,1.113000035,113.1930008,273863.4063,0.48300001,249.923996,27.62
CUST_D59D91D42872C74BAD7482484A8E67DA,PART_25F3874B96DA8E29F040CD54AC9B9893,3/1/2024,1,0,751655.23,1,17.87,7.217,6.593,0,1.113000035,113.0999985,273437,0.481999993,249.9279938,13.81
CUST_D59D91D42872C74BAD7482484A8E67DA,PART_25F3874B96DA8E29F040CD54AC9B9893,3/4/2024,1,0,746151.5,9,160.83,64.953,59.337,0,1.111999989,113.0999985,273533.875,0.481999993,249.9329987,124.29
CUST_D59D91D42872C74BAD7482484A8E67DA,PART_25F3874B96DA8E29F040CD54AC9B9893,3/5/2024,1,0,751479.63,2,35.74,14.434,13.186,0,1.110999942,113.0999985,273566.1563,0.481999993,249.9349976,27.62
CUST_D59D91D42872C74BAD7482484A8E67DA,PART_25F3874B96DA8E29F040CD54AC9B9893,3/7/2024,1,0,745450.51,11,196.57,79.387,72.523,0,1.110000014,113.0999985,273630.75,0.481999993,249.9380035,151.91
CUST_D59D91D42872C74BAD7482484A8E67DA,PART_25F3874B96DA8E29F040CD54AC9B9893,3/8/2024,1,0,741726.62,26,464.37,187.642,171.418,0,1.110000014,113.0999985,273663.0313,0.481999993,249.9400024,359.06
CUST_D59D91D42872C74BAD7482484A8E67DA,PART_25F3874B96DA8E29F040CD54AC9B9893,3/11/2024,1,0,739332.36,4,71.48,28.868,26.372,0,1.10800004,113.0999985,273759.9063,0.481000006,249.9450073,55.24
CUST_D59D91D42872C74BAD7482484A8E67DA,PART_25F3874B96DA8E29F040CD54AC9B9893,3/13/2024,1,0,739931.45,9,160.83,64.953,59.337,0,1.106999993,113.0999985,273824.4688,0.481000006,249.947998,124.29
CUST_D59D91D42872C74BAD7482484A8E67DA,PART_25F3874B96DA8E29F040CD54AC9B9893,3/15/2024,1,0,739489.59,4,71.48,28.868,26.372,0,1.105999947,113.0999985,273889.0625,0.481000006,249.951004,55.24
CUST_D59D91D42872C74BAD7482484A8E67DA,PART_25F3874B96DA8E29F040CD54AC9B9893,3/18/2024,1,0,736637.43,3,53.61,21.651,19.779,0,1.105000019,113.0999985,273985.9375,0.481000006,249.9570007,41.43
CUST_D59D91D42872C74BAD7482484A8E67DA,PART_25F3874B96DA8E29F040CD54AC9B9893,3/19/2024,1,0,736038.34,2,35.74,14.434,13.186,0,1.103999972,113.0999985,274018.2188,0.481000006,249.9579926,27.62
CUST_D59D91D42872C74BAD7482484A8E67DA,PART_25F3874B96DA8E29F040CD54AC9B9893,3/20/2024,1,0,732777.73,1,17.87,7.217,6.593,0,1.103999972,113.0999985,274050.5313,0.481000006,249.9600067,13.81
CUST_D59D91D42872C74BAD7482484A8E67DA,PART_25F3874B96DA8E29F040CD54AC9B9893,3/21/2024,1,0,733118.41,5,89.35,36.085,32.965,0,1.103000045,113.0999985,274082.8125,0.481000006,249.9620056,69.05
CUST_D59D91D42872C74BAD7482484A8E67DA,PART_25F3874B96DA8E29F040CD54AC9B9893,3/22/2024,1,0,733863.97,0,0,0,0,0,1.103000045,113.0999985,274115.0938,0.481000006,249.9629974,0
CUST_D59D91D42872C74BAD7482484A8E67DA,PART_25F3874B96DA8E29F040CD54AC9B9893,3/25/2024,1,0,723911.68,2,35.74,14.434,13.186,0,1.100999951,113.0999985,274211.9688,0.479999989,249.9680023,27.62
CUST_D59D91D42872C74BAD7482484A8E67DA,PART_25F3874B96DA8E29F040CD54AC9B9893,3/26/2024,1,0,727765.39,2,35.74,14.434,13.186,0,1.100999951,113.0999985,274244.25,0.479999989,249.9700012,27.62
CUST_D59D91D42872C74BAD7482484A8E67DA,PART_25F3874B96DA8E29F040CD54AC9B9893,3/27/2024,1,0,727581.19,1,17.87,7.217,6.593,0,1.100000024,113.0999985,274276.5625,0.479999989,249.9720001,13.81
CUST_D59D91D42872C74BAD7482484A8E67DA,PART_25F3874B96DA8E29F040CD54AC9B9893,3/29/2024,1,0,721953.87,3,53.61,21.651,19.779,0,1.098999977,113.0999985,274341.125,0.479999989,249.9750061,41.43
CUST_D59D91D42872C74BAD7482484A8E67DA,PART_25F3874B96DA8E29F040CD54AC9B9893,4/2/2024,1,0,719876,12,200.64,86.604,79.116,0,1.09800005,113.1600037,274440.2813,0.479999989,249.9609985,165.72
CUST_D59D91D42872C74BAD7482484A8E67DA,PART_25F3874B96DA8E29F040CD54AC9B9893,4/3/2024,1,0,718654.67,8,133.76,57.736,52.744,0,1.09800005,113.2200012,274442.5313,0.479999989,249.9420013,110.48
CUST_D59D91D42872C74BAD7482484A8E67DA,PART_25F3874B96DA8E29F040CD54AC9B9893,4/4/2024,1,0,718004.58,1,16.72,7.217,6.593,0,1.09800005,113.2799988,274444.8125,0.479000002,249.9230042,13.81
CUST_D59D91D42872C74BAD7482484A8E67DA,PART_25F3874B96DA8E29F040CD54AC9B9893,4/8/2024,1,0,713379.87,1,16.72,7.217,6.593,0,1.09800005,113.5199966,274453.875,0.477999985,249.8470001,13.81
CUST_D59D91D42872C74BAD7482484A8E67DA,PART_25F3874B96DA8E29F040CD54AC9B9893,4/9/2024,1,0,714410.25,2,33.44,14.434,13.186,0,1.09800005,113.5800018,274456.125,0.477999985,249.8289948,27.62
CUST_D59D91D42872C74BAD7482484A8E67DA,PART_25F3874B96DA8E29F040CD54AC9B9893,4/10/2024,1,0,713910.34,3,50.16,21.651,19.779,0,1.09800005,113.6399994,274458.4063,0.477999985,249.8099976,41.43
CUST_D59D91D42872C74BAD7482484A8E67DA,PART_25F3874B96DA8E29F040CD54AC9B9893,4/11/2024,1,0,711585.88,11,183.92,79.387,72.523,0,1.09800005,113.6999969,274460.6563,0.477999985,249.7910004,151.91
CUST_D59D91D42872C74BAD7482484A8E67DA,PART_25F3874B96DA8E29F040CD54AC9B9893,4/12/2024,1,0,713516.82,30,501.6,216.51,197.79,0,1.09800005,113.7600021,274462.9375,0.476999998,249.7720032,414.3
CUST_D59D91D42872C74BAD7482484A8E67DA,PART_25F3874B96DA8E29F040CD54AC9B9893,4/16/2024,1,0,712944.76,1,16.72,7.217,6.593,0,1.09800005,114,274472,0.476999998,249.6959991,13.81
CUST_D59D91D42872C74BAD7482484A8E67DA,PART_25F3874B96DA8E29F040CD54AC9B9893,4/17/2024,1,0,710765.99,7,117.04,50.519,46.151,0,1.09800005,114.0599976,274474.2813,0.476000011,249.677002,96.67
CUST_D59D91D42872C74BAD7482484A8E67DA,PART_25F3874B96DA8E29F040CD54AC9B9893,4/18/2024,1,0,713889.71,1,16.72,7.217,6.593,0,1.09800005,114.1200027,274476.5313,0.476000011,249.6580048,13.81
CUST_D59D91D42872C74BAD7482484A8E67DA,PART_25F3874B96DA8E29F040CD54AC9B9893,4/23/2024,1,0,711882.44,4,66.88,28.868,26.372,0,1.09800005,114.4199982,274487.875,0.474999994,249.5630035,55.24
CUST_D59D91D42872C74BAD7482484A8E67DA,PART_25F3874B96DA8E29F040CD54AC9B9893,4/24/2024,1,0,709518.15,5,83.6,36.085,32.965,0,1.09800005,114.4800034,274490.125,0.474999994,249.5449982,69.05
CUST_D59D91D42872C74BAD7482484A8E67DA,PART_25F3874B96DA8E29F040CD54AC9B9893,4/26/2024,1,0,701882.09,4,66.88,28.868,26.372,0,1.09800005,114.5999985,274494.6563,0.474000007,249.5070038,55.24
CUST_D59D91D42872C74BAD7482484A8E67DA,PART_25F3874B96DA8E29F040CD54AC9B9893,4/29/2024,1,0,703298.75,5,83.6,36.085,32.965,0,1.09800005,114.7799988,274501.4688,0.47299999,249.4499969,69.05
CUST_D59D91D42872C74BAD7482484A8E67DA,PART_25F3874B96DA8E29F040CD54AC9B9893,4/30/2024,1,0,705270.4,8,133.76,57.736,52.744,0,1.09800005,114.8399963,274503.7188,0.47299999,249.4309998,110.48
CUST_D59D91D42872C74BAD7482484A8E67DA,PART_25F3874B96DA8E29F040CD54AC9B9893,5/1/2024,1,0,706362.26,4,66.88,28.868,26.372,0,1.09800005,114.9000015,274506,0.47299999,249.4120026,55.24
CUST_D59D91D42872C74BAD7482484A8E67DA,PART_25F3874B96DA8E29F040CD54AC9B9893,5/2/2024,1,0,704745.75,10,167.2,72.17,65.93,0,1.097000003,114.8679962,274498.125,0.47299999,249.4120026,138.1
CUST_D59D91D42872C74BAD7482484A8E67DA,PART_25F3874B96DA8E29F040CD54AC9B9893,5/9/2024,1,0,705056.52,5,83.6,36.085,32.965,0,1.093000054,114.6419983,274443.0313,0.470999986,249.4160004,69.05
CUST_D59D91D42872C74BAD7482484A8E67DA,PART_25F3874B96DA8E29F040CD54AC9B9893,5/13/2024,1,0,702980.08,8,133.76,57.736,52.744,0,1.090000033,114.5130005,274411.5625,0.469999999,249.4170074,110.48
CUST_D59D91D42872C74BAD7482484A8E67DA,PART_25F3874B96DA8E29F040CD54AC9B9893,5/14/2024,1,0,706542.29,3,50.16,21.651,19.779,0,1.090000033,114.4810028,274403.6875,0.469999999,249.4179993,41.43
CUST_D59D91D42872C74BAD7482484A8E67DA,PART_25F3874B96DA8E29F040CD54AC9B9893,5/15/2024,1,0,707351.67,3,50.16,21.651,19.779,0,1.088999987,114.447998,274395.8125,0.469999999,249.4179993,41.43
CUST_D59D91D42872C74BAD7482484A8E67DA,PART_25F3874B96DA8E29F040CD54AC9B9893,5/21/2024,1,0,704584.7,2,33.44,14.434,13.186,0,1.085000038,114.2549973,274348.5938,0.467999995,249.4210052,27.62
CUST_D59D91D42872C74BAD7482484A8E67DA,PART_25F3874B96DA8E29F040CD54AC9B9893,5/23/2024,1,0,707722.77,0,0,0,0,0,1.083999991,114.1900024,274332.8438,0.467999995,249.4219971,0
CUST_D59D91D42872C74BAD7482484A8E67DA,PART_25F3874B96DA8E29F040CD54AC9B9893,5/24/2024,1,0,708685.06,6,100.32,43.302,39.558,0,1.082999945,114.1579971,274324.9688,0.467999995,249.4219971,82.86
CUST_D59D91D42872C74BAD7482484A8E67DA,PART_25F3874B96DA8E29F040CD54AC9B9893,5/28/2024,1,0,702043.93,7,117.04,50.519,46.151,0,1.08099997,114.0289993,274293.4688,0.467000008,249.423996,96.67
CUST_D59D91D42872C74BAD7482484A8E67DA,PART_25F3874B96DA8E29F040CD54AC9B9893,5/29/2024,1,0,710515.94,0,0,0,0,0,1.080000043,113.9970016,274285.625,0.467000008,249.4250031,0
CUST_D59D91D42872C74BAD7482484A8E67DA,PART_25F3874B96DA8E29F040CD54AC9B9893,5/30/2024,1,0,707149.53,13,217.36,93.821,85.709,0,1.078999996,113.9649963,274277.75,0.465999991,249.4250031,179.53
CUST_D59D91D42872C74BAD7482484A8E67DA,PART_25F3874B96DA8E29F040CD54AC9B9893,5/31/2024,1,0,703200.73,4,66.88,28.868,26.372,0,1.078999996,113.9319992,274269.875,0.465999991,249.4259949,55.24
CUST_D59D91D42872C74BAD7482484A8E67DA,PART_25F3874B96DA8E29F040CD54AC9B9893,6/3/2024,1,0,698433.2,4,75.32,28.868,26.372,0,1.080000043,113.8799973,274203.0625,0.467999995,249.427002,55.24
CUST_D59D91D42872C74BAD7482484A8E67DA,PART_25F3874B96DA8E29F040CD54AC9B9893,6/4/2024,1,0,700034.29,8,150.64,57.736,52.744,0,1.08099997,113.8700027,274173.5938,0.469000012,249.4279938,110.48
CUST_D59D91D42872C74BAD7482484A8E67DA,PART_25F3874B96DA8E29F040CD54AC9B9893,6/5/2024,1,0,701983.63,0,0,0,0,0,1.082000017,113.8600006,274144.125,0.469999999,249.4279938,0
CUST_D59D91D42872C74BAD7482484A8E67DA,PART_25F3874B96DA8E29F040CD54AC9B9893,6/6/2024,1,0,702027.12,0,0,0,0,0,1.082999945,113.8499985,274114.6563,0.470999986,249.4290009,0
CUST_D59D91D42872C74BAD7482484A8E67DA,PART_25F3874B96DA8E29F040CD54AC9B9893,6/11/2024,1,0,704665.23,3,56.49,21.651,19.779,0,1.088999987,113.8000031,273967.3438,0.476000011,249.4309998,41.43
CUST_D59D91D42872C74BAD7482484A8E67DA,PART_25F3874B96DA8E29F040CD54AC9B9893,6/12/2024,1,0,707224.54,1,18.83,7.217,6.593,0,1.090000033,113.7900009,273937.875,0.476999998,249.4320068,13.81
CUST_D59D91D42872C74BAD7482484A8E67DA,PART_25F3874B96DA8E29F040CD54AC9B9893,6/13/2024,1,0,705720.96,3,56.49,21.651,19.779,0,1.090999961,113.7799988,273908.4063,0.477999985,249.4320068,41.43
CUST_D59D91D42872C74BAD7482484A8E67DA,PART_25F3874B96DA8E29F040CD54AC9B9893,6/14/2024,1,0,704058.63,3,56.49,21.651,19.779,0,1.092000008,113.7699966,273878.9375,0.479000002,249.4329987,41.43
CUST_D59D91D42872C74BAD7482484A8E67DA,PART_25F3874B96DA8E29F040CD54AC9B9893,6/17/2024,1,0,700331.21,7,131.81,50.519,46.151,0,1.095000029,113.7399979,273790.5313,0.481000006,249.4349976,96.67
CUST_D59D91D42872C74BAD7482484A8E67DA,PART_25F3874B96DA8E29F040CD54AC9B9893,6/18/2024,1,0,702259.08,12,225.96,86.604,79.116,0,1.095999956,113.7300034,273761.0625,0.481999993,249.4349976,165.72
CUST_D59D91D42872C74BAD7482484A8E67DA,PART_25F3874B96DA8E29F040CD54AC9B9893,6/19/2024,1,0,699246.01,1,18.83,7.217,6.593,0,1.097000003,113.7200012,273731.5938,0.48300001,249.4360046,13.81
CUST_D59D91D42872C74BAD7482484A8E67DA,PART_25F3874B96DA8E29F040CD54AC9B9893,6/21/2024,1,0,704190.84,0,0,0,0,0,1.098999977,113.6999969,273672.6563,0.485000014,249.4369965,0
CUST_D59D91D42872C74BAD7482484A8E67DA,PART_25F3874B96DA8E29F040CD54AC9B9893,6/25/2024,1,0,706892.64,15,282.45,108.255,98.895,0,1.103999972,113.6600037,273554.8125,0.488999993,249.4389954,207.15
CUST_D59D91D42872C74BAD7482484A8E67DA,PART_25F3874B96DA8E29F040CD54AC9B9893,6/27/2024,1,0,700259.12,3,56.49,21.651,19.779,0,1.105999947,113.6399994,273495.875,0.490999997,249.4400024,41.43
CUST_D59D91D42872C74BAD7482484A8E67DA,PART_25F3874B96DA8E29F040CD54AC9B9893,6/28/2024,1,0,698824.36,8,150.64,57.736,52.744,0,1.106999993,113.6299973,273466.4063,0.492000014,249.4400024,110.48
CUST_D59D91D42872C74BAD7482484A8E67DA,PART_25F3874B96DA8E29F040CD54AC9B9893,7/1/2024,1,0,689340.25,4,75.32,28.868,26.372,0,1.110000014,113.5999985,273378,0.495000005,249.4420013,55.24
CUST_D59D91D42872C74BAD7482484A8E67DA,PART_25F3874B96DA8E29F040CD54AC9B9893,7/3/2024,1,0,694975.44,4,75.32,28.868,26.372,0,1.110999942,113.6520004,273438.5938,0.495000005,249.4429932,55.24
CUST_D59D91D42872C74BAD7482484A8E67DA,PART_25F3874B96DA8E29F040CD54AC9B9893,7/9/2024,1,0,696175.65,1,18.83,7.217,6.593,0,1.113000035,113.8059998,273620.3125,0.495000005,249.4450073,13.81
CUST_D59D91D42872C74BAD7482484A8E67DA,PART_25F3874B96DA8E29F040CD54AC9B9893,7/10/2024,1,0,694472.8,1,18.83,7.217,6.593,0,1.113000035,113.8320007,273650.625,0.495000005,249.4450073,13.81
CUST_D59D91D42872C74BAD7482484A8E67DA,PART_25F3874B96DA8E29F040CD54AC9B9893,7/16/2024,1,0,691495.5,13,244.79,93.821,85.709,0,1.11500001,113.9869995,273832.3438,0.495000005,249.4470062,179.53
CUST_D59D91D42872C74BAD7482484A8E67DA,PART_25F3874B96DA8E29F040CD54AC9B9893,7/18/2024,1,0,693254.13,1,18.83,7.217,6.593,0,1.116000056,114.0390015,273892.9375,0.493999988,249.447998,13.81
CUST_D59D91D42872C74BAD7482484A8E67DA,PART_25F3874B96DA8E29F040CD54AC9B9893,7/23/2024,1,0,693378.38,2,37.66,14.434,13.186,0,1.118000031,114.1679993,274044.375,0.493999988,249.4499969,27.62
CUST_D59D91D42872C74BAD7482484A8E67DA,PART_25F3874B96DA8E29F040CD54AC9B9893,7/30/2024,1,0,694390.1,2,37.65,14.434,13.186,0,1.120000005,114.3479996,274256.4063,0.493999988,249.4519958,27.62
CUST_D59D91D42872C74BAD7482484A8E67DA,PART_25F3874B96DA8E29F040CD54AC9B9893,7/31/2024,1,0,693762.01,10,188.3,72.17,65.93,0,1.121000051,114.3740005,274286.7188,0.493999988,249.4530029,138.1
CUST_D59D91D42872C74BAD7482484A8E67DA,PART_25F3874B96DA8E29F040CD54AC9B9893,8/1/2024,1,0,694064.41,4,75.32,28.868,26.372,0,1.121000051,114.4000015,274317,0.493999988,249.4530029,55.24
CUST_D59D91D42872C74BAD7482484A8E67DA,PART_25F3874B96DA8E29F040CD54AC9B9893,8/5/2024,1,0,686384.08,9,169.47,64.953,59.337,0,1.118999958,114.2320023,274166.4063,0.492000014,249.8569946,124.29
CUST_D59D91D42872C74BAD7482484A8E67DA,PART_25F3874B96DA8E29F040CD54AC9B9893,8/6/2024,1,0,688779.32,1,18.83,7.217,6.593,0,1.118000031,114.1900024,274128.7813,0.492000014,249.9579926,13.81
CUST_D59D91D42872C74BAD7482484A8E67DA,PART_25F3874B96DA8E29F040CD54AC9B9893,8/8/2024,1,0,690876.58,3,56.49,21.651,19.779,0,1.116999984,114.1060028,274053.4688,0.490999997,250.1600037,41.43
CUST_D59D91D42872C74BAD7482484A8E67DA,PART_25F3874B96DA8E29F040CD54AC9B9893,8/12/2024,1,0,693143.69,6,112.98,43.302,39.558,0,1.113999963,113.939003,273902.9063,0.488999993,250.5650024,82.86
CUST_D59D91D42872C74BAD7482484A8E67DA,PART_25F3874B96DA8E29F040CD54AC9B9893,8/13/2024,1,0,694966.97,3,56.49,21.651,19.779,0,1.113999963,113.8970032,273865.25,0.488999993,250.6660004,41.43
CUST_D59D91D42872C74BAD7482484A8E67DA,PART_25F3874B96DA8E29F040CD54AC9B9893,8/16/2024,1,0,692024.77,9,169.47,64.953,59.337,0,1.111999989,113.7710037,273752.3125,0.486999989,250.9689941,124.29
CUST_D59D91D42872C74BAD7482484A8E67DA,PART_25F3874B96DA8E29F040CD54AC9B9893,8/20/2024,1,0,689649.02,13,244.79,93.821,85.709,0,1.108999968,113.6029968,273601.75,0.485000014,251.3730011,179.53
CUST_D59D91D42872C74BAD7482484A8E67DA,PART_25F3874B96DA8E29F040CD54AC9B9893,8/23/2024,1,0,683514.95,15,282.45,108.255,98.895,0,1.10800004,113.4769974,273488.8125,0.483999997,251.6759949,207.15
CUST_D59D91D42872C74BAD7482484A8E67DA,PART_25F3874B96DA8E29F040CD54AC9B9893,8/26/2024,1,0,682552.67,2,37.66,14.434,13.186,0,1.105999947,113.3519974,273375.875,0.48300001,251.9799957,27.62
CUST_D59D91D42872C74BAD7482484A8E67DA,PART_25F3874B96DA8E29F040CD54AC9B9893,8/27/2024,1,0,683450.75,2,37.66,14.434,13.186,0,1.105000019,113.3099976,273338.2188,0.481999993,252.0809937,27.62
CUST_D59D91D42872C74BAD7482484A8E67DA,PART_25F3874B96DA8E29F040CD54AC9B9893,8/29/2024,1,0,685824.58,1,18.83,7.217,6.593,0,1.103999972,113.2259979,273262.9375,0.481000006,252.2830048,13.81
CUST_D59D91D42872C74BAD7482484A8E67DA,PART_25F3874B96DA8E29F040CD54AC9B9893,9/3/2024,1,0,686778.75,2,37.66,14.434,13.186,0,1.100999951,113.1600037,273348.3438,0.479000002,252.5859985,27.62
CUST_D59D91D42872C74BAD7482484A8E67DA,PART_25F3874B96DA8E29F040CD54AC9B9893,9/4/2024,1,0,688740.63,3,56.49,21.651,19.779,0,1.100000024,113.1900024,273447.5,0.477999985,252.5859985,41.43
CUST_D59D91D42872C74BAD7482484A8E67DA,PART_25F3874B96DA8E29F040CD54AC9B9893,9/6/2024,1,0,686124.64,5,94.15,36.085,32.965,0,1.098999977,113.25,273645.8438,0.476999998,252.5859985,69.05
CUST_D59D91D42872C74BAD7482484A8E67DA,PART_25F3874B96DA8E29F040CD54AC9B9893,9/10/2024,1,0,686419.79,6,112.98,43.302,39.558,0,1.095999956,113.3700027,274042.5,0.474999994,252.5859985,82.86
CUST_D59D91D42872C74BAD7482484A8E67DA,PART_25F3874B96DA8E29F040CD54AC9B9893,9/12/2024,1,0,683657.27,3,56.49,21.651,19.779,0,1.093999982,113.4300003,274240.8438,0.474000007,252.5859985,41.43
CUST_D59D91D42872C74BAD7482484A8E67DA,PART_25F3874B96DA8E29F040CD54AC9B9893,9/17/2024,1,0,683586.76,22,414.26,158.774,235.406,0,1.090999961,113.5800018,274736.6563,0.470999986,252.5859985,394.18
CUST_D59D91D42872C74BAD7482484A8E67DA,PART_25F3874B96DA8E29F040CD54AC9B9893,9/18/2024,1,0,686204.92,2,37.66,14.434,5.826,0,1.090000033,113.6100006,274835.8438,0.470999986,252.5859985,20.26
CUST_D59D91D42872C74BAD7482484A8E67DA,PART_25F3874B96DA8E29F040CD54AC9B9893,9/23/2024,1,0,681868.27,5,94.15,36.085,32.965,0,1.087000012,113.7600021,275331.6563,0.467999995,252.5859985,69.05
CUST_D59D91D42872C74BAD7482484A8E67DA,PART_25F3874B96DA8E29F040CD54AC9B9893,9/24/2024,1,0,683817.87,2,37.66,14.434,13.186,0,1.085999966,113.7900009,275430.8438,0.467999995,252.5859985,27.62
CUST_D59D91D42872C74BAD7482484A8E67DA,PART_25F3874B96DA8E29F040CD54AC9B9893,9/26/2024,1,0,684441.99,2,37.66,14.434,13.186,0,1.085000038,113.8499985,275629.1563,0.467000008,252.5859985,27.62
CUST_D59D91D42872C74BAD7482484A8E67DA,PART_25F3874B96DA8E29F040CD54AC9B9893,10/1/2024,1,0,680478.84,18,338.94,129.906,118.674,0,1.08099997,114,276125,0.463999987,252.5859985,248.58
CUST_D59D91D42872C74BAD7482484A8E67DA,PART_25F3874B96DA8E29F040CD54AC9B9893,10/2/2024,1,0,682525.58,1,18.83,7.217,6.593,0,1.08099997,113.9680023,276069.9063,0.465000004,252.5870056,13.81
CUST_D59D91D42872C74BAD7482484A8E67DA,PART_25F3874B96DA8E29F040CD54AC9B9893,10/3/2024,1,0,683069.51,4,75.32,28.868,26.372,0,1.08099997,113.9349976,276014.8125,0.465999991,252.5890045,55.24
CUST_D59D91D42872C74BAD7482484A8E67DA,PART_25F3874B96DA8E29F040CD54AC9B9893,10/7/2024,1,0,678210.74,4,75.32,28.868,26.372,0,1.082000017,113.8059998,275794.4063,0.469000012,252.5939941,55.24
CUST_D59D91D42872C74BAD7482484A8E67DA,PART_25F3874B96DA8E29F040CD54AC9B9893,10/8/2024,1,0,680344.55,12,225.96,86.604,79.116,0,1.082000017,113.7740021,275739.3125,0.469999999,252.5950012,165.72
CUST_D59D91D42872C74BAD7482484A8E67DA,PART_25F3874B96DA8E29F040CD54AC9B9893,10/15/2024,1,0,674800.88,15,282.45,108.255,98.895,0,1.082999945,113.5479965,275353.6563,0.476000011,252.6040039,207.15
CUST_D59D91D42872C74BAD7482484A8E67DA,PART_25F3874B96DA8E29F040CD54AC9B9893,10/16/2024,1,0,681771.51,5,94.15,36.085,32.965,0,1.082999945,113.5159988,275298.5625,0.476999998,252.6049957,69.05
CUST_D59D91D42872C74BAD7482484A8E67DA,PART_25F3874B96DA8E29F040CD54AC9B9893,10/17/2024,1,0,684126.77,1,18.83,7.217,6.593,0,1.083999991,113.4840012,275243.4375,0.477999985,252.6069946,13.81
CUST_D59D91D42872C74BAD7482484A8E67DA,PART_25F3874B96DA8E29F040CD54AC9B9893,10/18/2024,1,0,683590.87,3,56.49,21.651,19.779,0,1.083999991,113.4520035,275188.3438,0.479000002,252.6080017,41.43
CUST_D59D91D42872C74BAD7482484A8E67DA,PART_25F3874B96DA8E29F040CD54AC9B9893,10/21/2024,1,0,683079.76,4,75.32,28.868,26.372,0,1.083999991,113.3550034,275023.0625,0.481000006,252.6119995,55.24
CUST_D59D91D42872C74BAD7482484A8E67DA,PART_25F3874B96DA8E29F040CD54AC9B9893,10/22/2024,1,0,685885.55,1,18.83,7.217,6.593,0,1.083999991,113.322998,274967.9688,0.481999993,252.6130066,13.81
CUST_D59D91D42872C74BAD7482484A8E67DA,PART_25F3874B96DA8E29F040CD54AC9B9893,10/23/2024,1,0,686063.23,2,37.66,14.434,13.186,0,1.085000038,113.2900009,274912.875,0.48300001,252.6139984,27.62
CUST_D59D91D42872C74BAD7482484A8E67DA,PART_25F3874B96DA8E29F040CD54AC9B9893,10/28/2024,1,0,681058.48,4,75.32,28.868,26.372,0,1.085000038,113.1289978,274637.375,0.488000005,252.6210022,55.24
CUST_D59D91D42872C74BAD7482484A8E67DA,PART_25F3874B96DA8E29F040CD54AC9B9893,10/29/2024,1,0,682313.41,4,75.32,28.868,26.372,0,1.085999966,113.0970001,274582.2813,0.488000005,252.621994,55.24
CUST_D59D91D42872C74BAD7482484A8E67DA,PART_25F3874B96DA8E29F040CD54AC9B9893,11/5/2024,1,0,681459.68,1,18.83,7.217,6.593,0,1.075000048,112.9469986,274644.1875,0.486999989,252.6439972,13.81
CUST_D59D91D42872C74BAD7482484A8E67DA,PART_25F3874B96DA8E29F040CD54AC9B9893,11/7/2024,1,0,678230.34,1,18.83,7.217,6.593,0,1.070000052,112.9199982,274757.8125,0.485000014,252.6529999,13.81
CUST_D59D91D42872C74BAD7482484A8E67DA,PART_25F3874B96DA8E29F040CD54AC9B9893,11/8/2024,1,0,677870.99,1,18.83,7.217,6.593,0,1.067999959,112.9069977,274814.5938,0.483999997,252.6580048,13.81
CUST_D59D91D42872C74BAD7482484A8E67DA,PART_25F3874B96DA8E29F040CD54AC9B9893,11/11/2024,1,0,675885.06,4,75.32,28.868,26.372,0,1.059999943,112.8669968,274985,0.481000006,252.6710052,55.24
CUST_D59D91D42872C74BAD7482484A8E67DA,PART_25F3874B96DA8E29F040CD54AC9B9893,11/12/2024,1,0,677037.91,15,282.35,108.255,98.895,0,1.057000041,112.8529968,275041.8125,0.479999989,252.6759949,207.15
CUST_D59D91D42872C74BAD7482484A8E67DA,PART_25F3874B96DA8E29F040CD54AC9B9893,11/13/2024,1,0,679570.76,1,18.83,7.217,6.593,0,1.05400002,112.8399963,275098.5938,0.479000002,252.6799927,13.81
CUST_D59D91D42872C74BAD7482484A8E67DA,PART_25F3874B96DA8E29F040CD54AC9B9893,11/15/2024,1,0,683309.03,13,244.79,93.821,85.709,0,1.049000025,112.8130035,275212.1875,0.476999998,252.6889954,179.53
CUST_D59D91D42872C74BAD7482484A8E67DA,PART_25F3874B96DA8E29F040CD54AC9B9893,11/18/2024,1,0,679979.12,1,18.83,7.217,6.593,0,1.041000009,112.7730026,275382.5938,0.474000007,252.7030029,13.81
CUST_D59D91D42872C74BAD7482484A8E67DA,PART_25F3874B96DA8E29F040CD54AC9B9893,11/20/2024,1,0,684660.4,1,18.83,7.217,6.593,0,1.036000013,112.7470016,275496.1875,0.472000003,252.7120056,13.81
CUST_D59D91D42872C74BAD7482484A8E67DA,PART_25F3874B96DA8E29F040CD54AC9B9893,11/27/2024,1,0,684658.62,2,37.66,14.434,13.186,0,1.018000007,112.6529999,275893.8125,0.465000004,252.7440033,27.62
CUST_D59D91D42872C74BAD7482484A8E67DA,PART_25F3874B96DA8E29F040CD54AC9B9893,12/2/2024,1,0,684083.81,2,37.66,14.434,13.186,0,1.004999995,112.5839996,276118.0625,0.460999995,252.7619934,27.62
CUST_D59D91D42872C74BAD7482484A8E67DA,PART_25F3874B96DA8E29F040CD54AC9B9893,12/3/2024,1,0,684149.1,7,131.81,50.519,46.151,0,1.003999949,112.5680008,276115.125,0.462000012,252.7610016,96.67
CUST_D59D91D42872C74BAD7482484A8E67DA,PART_25F3874B96DA8E29F040CD54AC9B9893,12/5/2024,1,0,685118.28,2,37.66,14.434,13.186,0,1,112.5350037,276109.25,0.463,252.7610016,27.62
CUST_D59D91D42872C74BAD7482484A8E67DA,PART_25F3874B96DA8E29F040CD54AC9B9893,12/6/2024,1,0,686597.9,2,37.66,14.434,13.186,0,0.998000026,112.5189972,276106.3125,0.463,252.7610016,27.62
CUST_D59D91D42872C74BAD7482484A8E67DA,PART_25F3874B96DA8E29F040CD54AC9B9893,12/13/2024,1,0,674031.18,3,56.49,21.651,19.779,0,0.986000001,112.4059982,276085.7813,0.465999991,252.7590027,41.43
CUST_D59D91D42872C74BAD7482484A8E67DA,PART_25F3874B96DA8E29F040CD54AC9B9893,12/18/2024,1,0,675516.52,2,37.66,14.434,13.186,0,0.977999985,112.3259964,276071.0938,0.467999995,252.7570038,27.62
CUST_D59D91D42872C74BAD7482484A8E67DA,PART_25F3874B96DA8E29F040CD54AC9B9893,12/19/2024,1,0,676871.41,5,94.15,36.085,32.965,0,0.976000011,112.3099976,276068.1563,0.469000012,252.7570038,69.05
CUST_D59D91D42872C74BAD7482484A8E67DA,PART_25F3874B96DA8E29F040CD54AC9B9893,12/20/2024,1,0,678266.82,10,188.3,72.17,65.93,0,0.975000024,112.2939987,276065.2188,0.469000012,252.7559967,138.1
CUST_D59D91D42872C74BAD7482484A8E67DA,PART_25F3874B96DA8E29F040CD54AC9B9893,12/23/2024,1,0,676511.88,4,75.32,28.868,26.372,0,0.968999982,112.2450027,276056.4063,0.469999999,252.7559967,55.24
CUST_D59D91D42872C74BAD7482484A8E67DA,PART_25F3874B96DA8E29F040CD54AC9B9893,12/24/2024,1,0,679661.58,1,18.83,7.217,6.593,0,0.967999995,112.2289963,276053.4688,0.470999986,252.7550049,13.81
CUST_D59D91D42872C74BAD7482484A8E67DA,PART_25F3874B96DA8E29F040CD54AC9B9893,12/26/2024,1,0,677124.14,3,56.49,21.651,19.779,0,0.963999987,112.1969986,276047.625,0.470999986,252.7550049,41.43
CUST_D59D91D42872C74BAD7482484A8E67DA,PART_25F3874B96DA8E29F040CD54AC9B9893,12/30/2024,1,0,673593.46,2,37.66,14.434,13.186,0,0.957000017,112.1320038,276035.875,0.47299999,252.7539978,27.62
CUST_D59D91D42872C74BAD7482484A8E67DA,PART_25F3874B96DA8E29F040CD54AC9B9893,12/31/2024,1,0,674121.23,1,18.83,7.217,6.593,0,0.95599997,112.1159973,276032.9375,0.474000007,252.753006,13.81
CUST_D59D91D42872C74BAD7482484A8E67DA,PART_25F3874B96DA8E29F040CD54AC9B9893,1/2/2025,1,0,675341.37,7,131.81,50.519,46.151,0,0.957000017,112.1579971,275979.9375,0.47299999,252.7749939,96.67
CUST_D59D91D42872C74BAD7482484A8E67DA,PART_25F3874B96DA8E29F040CD54AC9B9893,1/6/2025,1,0,671847.97,1,18.82,7.217,6.593,0,0.970000029,112.3899994,275779.6875,0.469000012,252.8609924,13.81
CUST_D59D91D42872C74BAD7482484A8E67DA,PART_25F3874B96DA8E29F040CD54AC9B9893,1/7/2025,1,0,673036.46,15,282.45,108.255,98.895,0,0.97299999,112.447998,275729.625,0.469000012,252.8829956,207.15
CUST_D59D91D42872C74BAD7482484A8E67DA,PART_25F3874B96DA8E29F040CD54AC9B9893,1/9/2025,1,0,669532.24,1,18.83,7.217,6.593,0,0.980000019,112.5650024,275629.4688,0.467000008,252.9259949,13.81
CUST_D59D91D42872C74BAD7482484A8E67DA,PART_25F3874B96DA8E29F040CD54AC9B9893,1/15/2025,1,0,669523.02,10,188.3,72.17,65.93,0,0.999000013,112.913002,275329.0938,0.460999995,253.0559998,138.1
CUST_D59D91D42872C74BAD7482484A8E67DA,PART_25F3874B96DA8E29F040CD54AC9B9893,1/16/2025,1,0,669601.61,6,112.98,43.302,39.558,0,1.001999974,112.9710007,275279.0313,0.460000008,253.0769958,82.86
CUST_D59D91D42872C74BAD7482484A8E67DA,PART_25F3874B96DA8E29F040CD54AC9B9893,1/20/2025,1,0,662246.38,5,94.15,36.085,32.965,0,1.014999986,113.2030029,275078.7813,0.456999987,253.1640015,69.05
CUST_D59D91D42872C74BAD7482484A8E67DA,PART_25F3874B96DA8E29F040CD54AC9B9893,1/21/2025,1,0,665028.46,1,18.83,7.217,6.593,0,1.019000053,113.2610016,275028.7188,0.456,253.1849976,13.81
CUST_D59D91D42872C74BAD7482484A8E67DA,PART_25F3874B96DA8E29F040CD54AC9B9893,1/22/2025,1,0,664567.91,3,56.49,21.651,19.779,0,1.021999955,113.3190002,274978.6563,0.455000013,253.2070007,41.43
CUST_D59D91D42872C74BAD7482484A8E67DA,PART_25F3874B96DA8E29F040CD54AC9B9893,1/23/2025,1,0,664041.22,1,18.83,7.217,6.593,0,1.024999976,113.3769989,274928.5938,0.453999996,253.2279968,13.81
CUST_D59D91D42872C74BAD7482484A8E67DA,PART_25F3874B96DA8E29F040CD54AC9B9893,1/27/2025,1,0,662019.66,1,18.83,7.217,6.593,0,1.037999988,113.6100006,274728.3125,0.451000005,253.3150024,13.81
CUST_D59D91D42872C74BAD7482484A8E67DA,PART_25F3874B96DA8E29F040CD54AC9B9893,1/29/2025,1,0,664060.93,6,112.98,43.302,39.558,0,1.04400003,113.7259979,274628.1875,0.449000001,253.3580017,82.86
CUST_D59D91D42872C74BAD7482484A8E67DA,PART_25F3874B96DA8E29F040CD54AC9B9893,1/30/2025,1,0,662591.24,6,112.98,43.302,39.558,0,1.047999978,113.7839966,274578.125,0.448000014,253.3800049,82.86
CUST_D59D91D42872C74BAD7482484A8E67DA,PART_25F3874B96DA8E29F040CD54AC9B9893,2/3/2025,1,0,663537.95,3,56.49,21.651,19.779,0,1.05400002,113.8789978,274675.9375,0.446999997,253.4790039,41.43
CUST_D59D91D42872C74BAD7482484A8E67DA,PART_25F3874B96DA8E29F040CD54AC9B9893,2/4/2025,1,0,666666.58,12,225.96,86.604,79.116,0,1.05400002,113.8679962,274774.9063,0.446999997,253.5070038,165.72
CUST_D59D91D42872C74BAD7482484A8E67DA,PART_25F3874B96DA8E29F040CD54AC9B9893,2/6/2025,1,0,664487.37,5,94.15,36.085,32.965,0,1.05400002,113.8460007,274972.8125,0.448000014,253.5630035,69.05
CUST_D59D91D42872C74BAD7482484A8E67DA,PART_25F3874B96DA8E29F040CD54AC9B9893,2/7/2025,1,0,664833.95,2,37.66,14.434,13.186,0,1.05400002,113.8359985,275071.7813,0.449000001,253.5910034,27.62
CUST_D59D91D42872C74BAD7482484A8E67DA,PART_25F3874B96DA8E29F040CD54AC9B9893,2/11/2025,1,0,661932.92,3,56.49,21.651,19.779,0,1.05400002,113.7929993,275467.6563,0.449999988,253.7019958,41.43
CUST_D59D91D42872C74BAD7482484A8E67DA,PART_25F3874B96DA8E29F040CD54AC9B9893,2/12/2025,1,0,660673.35,1,18.82,7.217,6.593,0,1.05400002,113.7819977,275566.5938,0.451000005,253.7299957,13.81
CUST_D59D91D42872C74BAD7482484A8E67DA,PART_25F3874B96DA8E29F040CD54AC9B9893,2/13/2025,1,0,660624.79,2,37.78,15.532,12.088,0,1.05400002,113.7710037,275665.5625,0.451000005,253.7579956,27.62
CUST_D59D91D42872C74BAD7482484A8E67DA,PART_25F3874B96DA8E29F040CD54AC9B9893,2/18/2025,1,0,655792.52,6,113.34,46.596,36.264,0,1.05400002,113.7180023,276160.4063,0.453000009,253.897995,82.86
CUST_D59D91D42872C74BAD7482484A8E67DA,PART_25F3874B96DA8E29F040CD54AC9B9893,2/20/2025,1,0,648099.83,3,56.67,23.298,18.132,0,1.05400002,113.6959991,276358.3125,0.453999996,253.9539948,41.43
CUST_D59D91D42872C74BAD7482484A8E67DA,PART_25F3874B96DA8E29F040CD54AC9B9893,2/24/2025,1,0,643264.68,4,75.56,31.064,24.176,0,1.05400002,113.6539993,276754.1875,0.456,254.0650024,55.24
CUST_D59D91D42872C74BAD7482484A8E67DA,PART_25F3874B96DA8E29F040CD54AC9B9893,2/25/2025,1,0,646733.39,4,75.56,31.064,24.176,0,1.05400002,113.6429977,276853.1563,0.456,254.0930023,55.24
CUST_D59D91D42872C74BAD7482484A8E67DA,PART_25F3874B96DA8E29F040CD54AC9B9893,2/26/2025,1,0,649411.5,23,434.47,178.618,139.012,0,1.05400002,113.6320038,276952.0938,0.456999987,254.1210022,317.63
CUST_D59D91D42872C74BAD7482484A8E67DA,PART_25F3874B96DA8E29F040CD54AC9B9893,2/27/2025,1,0,645762.3,7,132.23,54.362,42.308,0,1.05400002,113.6210022,277051.0625,0.456999987,254.1490021,96.67
CUST_D59D91D42872C74BAD7482484A8E67DA,PART_25F3874B96DA8E29F040CD54AC9B9893,2/28/2025,1,0,647302.76,16,302.24,124.256,96.704,0,1.05400002,113.6110001,277150.0313,0.458000004,254.177002,220.96
CUST_D59D91D42872C74BAD7482484A8E67DA,PART_25F3874B96DA8E29F040CD54AC9B9893,3/4/2025,1,0,649246.18,4,75.56,31.064,24.176,0,1.05400002,113.6190033,277328.75,0.456999987,254.2120056,55.24
CUST_D59D91D42872C74BAD7482484A8E67DA,PART_25F3874B96DA8E29F040CD54AC9B9893,3/5/2025,1,0,649241.36,1,18.89,7.766,6.044,0,1.054999948,113.6259995,277355.3125,0.456999987,254.2140045,13.81
CUST_D59D91D42872C74BAD7482484A8E67DA,PART_25F3874B96DA8E29F040CD54AC9B9893,3/7/2025,1,0,650500.34,2,37.78,16.63,10.99,0,1.054999948,113.6389999,277408.4688,0.456999987,254.2180023,27.62
CUST_D59D91D42872C74BAD7482484A8E67DA,PART_25F3874B96DA8E29F040CD54AC9B9893,3/10/2025,1,0,644637.56,8,151.12,66.52,43.96,0,1.054999948,113.6579971,277488.2188,0.456,254.2250061,110.48
CUST_D59D91D42872C74BAD7482484A8E67DA,PART_25F3874B96DA8E29F040CD54AC9B9893,3/11/2025,1,0,648221.02,6,113.34,49.89,32.97,0,1.054999948,113.6650009,277514.8125,0.456,254.227005,82.86
CUST_D59D91D42872C74BAD7482484A8E67DA,PART_25F3874B96DA8E29F040CD54AC9B9893,3/12/2025,1,0,648916.93,1,18.89,8.315,5.495,0,1.054999948,113.6709976,277541.375,0.456,254.2290039,13.81
CUST_D59D91D42872C74BAD7482484A8E67DA,PART_25F3874B96DA8E29F040CD54AC9B9893,3/13/2025,1,0,648404.05,3,56.67,24.945,16.485,0,1.055999994,113.677002,277567.9688,0.455000013,254.2310028,41.43
CUST_D59D91D42872C74BAD7482484A8E67DA,PART_25F3874B96DA8E29F040CD54AC9B9893,3/14/2025,1,0,646851.82,10,188.9,83.15,54.95,0,1.055999994,113.6839981,277594.5625,0.455000013,254.2339935,138.1
CUST_D59D91D42872C74BAD7482484A8E67DA,PART_25F3874B96DA8E29F040CD54AC9B9893,3/17/2025,1,0,642010.65,9,170.01,74.835,49.455,0,1.055999994,113.7030029,277674.2813,0.453999996,254.2400055,124.29
CUST_D59D91D42872C74BAD7482484A8E67DA,PART_25F3874B96DA8E29F040CD54AC9B9893,3/18/2025,1,0,645016,9,170.01,74.835,49.455,0,1.055999994,113.7099991,277700.875,0.453999996,254.2420044,124.29
CUST_D59D91D42872C74BAD7482484A8E67DA,PART_25F3874B96DA8E29F040CD54AC9B9893,3/19/2025,1,0,647708.06,1,18.89,8.315,5.495,0,1.055999994,113.7160034,277727.4375,0.453999996,254.2440033,13.81
CUST_D59D91D42872C74BAD7482484A8E67DA,PART_25F3874B96DA8E29F040CD54AC9B9893,3/25/2025,1,0,649825.66,3,56.67,24.945,16.485,0,1.057000041,113.7549973,277886.9375,0.453000009,254.2579956,41.43
CUST_D59D91D42872C74BAD7482484A8E67DA,PART_25F3874B96DA8E29F040CD54AC9B9893,3/27/2025,1,0,645210.84,4,75.56,33.26,21.98,0,1.057000041,113.7679977,277940.0938,0.451999992,254.2619934,55.24
CUST_D59D91D42872C74BAD7482484A8E67DA,PART_25F3874B96DA8E29F040CD54AC9B9893,3/28/2025,1,0,646243.98,12,226.68,99.78,65.94,0,1.057000041,113.7740021,277966.6875,0.451999992,254.2640076,165.72
CUST_D59D91D42872C74BAD7482484A8E67DA,PART_25F3874B96DA8E29F040CD54AC9B9893,3/31/2025,1,0,648388.53,8,151.12,66.52,43.96,0,1.057999969,113.7939987,278046.4063,0.451000005,254.2709961,110.48
CUST_D59D91D42872C74BAD7482484A8E67DA,PART_25F3874B96DA8E29F040CD54AC9B9893,4/2/2025,1,0,654533.72,2,37.78,16.63,10.99,0,1.057999969,113.7929993,278023.1875,0.451000005,254.2740021,27.62
CUST_D59D91D42872C74BAD7482484A8E67DA,PART_25F3874B96DA8E29F040CD54AC9B9893,4/3/2025,1,0,655767.49,3,56.67,24.945,16.485,0,1.057999969,113.7870026,277973.4063,0.451000005,254.2749939,41.43
CUST_D59D91D42872C74BAD7482484A8E67DA,PART_25F3874B96DA8E29F040CD54AC9B9893,4/4/2025,1,0,651647.01,1,18.89,8.315,5.495,0,1.057999969,113.7799988,277923.5938,0.451000005,254.2769928,13.81
CUST_D59D91D42872C74BAD7482484A8E67DA,PART_25F3874B96DA8E29F040CD54AC9B9893,4/8/2025,1,0,652545.55,1,18.89,8.315,5.495,0,1.057000041,113.7529984,277724.4063,0.451999992,254.2810059,13.81
CUST_D59D91D42872C74BAD7482484A8E67DA,PART_25F3874B96DA8E29F040CD54AC9B9893,4/9/2025,1,0,658520.12,8,151.12,66.52,43.96,0,1.057000041,113.7470016,277674.5938,0.451999992,254.2819977,110.48
CUST_D59D91D42872C74BAD7482484A8E67DA,PART_25F3874B96DA8E29F040CD54AC9B9893,4/10/2025,1,0,656454.05,6,113.34,49.89,32.97,0,1.057000041,113.7399979,277624.8125,0.451999992,254.2839966,82.86
CUST_D59D91D42872C74BAD7482484A8E67DA,PART_25F3874B96DA8E29F040CD54AC9B9893,4/11/2025,1,0,659341.03,10,188.9,83.15,54.95,0,1.057000041,113.7330017,277575,0.451999992,254.2850037,138.1
CUST_D59D91D42872C74BAD7482484A8E67DA,PART_25F3874B96DA8E29F040CD54AC9B9893,4/14/2025,1,0,655532.62,16,302.24,133.04,87.92,0,1.055999994,113.7129974,277425.5938,0.451999992,254.2879944,220.96
CUST_D59D91D42872C74BAD7482484A8E67DA,PART_25F3874B96DA8E29F040CD54AC9B9893,4/15/2025,1,0,659313.14,12,226.68,99.78,65.94,0,1.055999994,113.7070007,277375.8125,0.451999992,254.2890015,165.72
CUST_D59D91D42872C74BAD7482484A8E67DA,PART_25F3874B96DA8E29F040CD54AC9B9893,4/17/2025,1,0,657110.87,7,132.23,58.205,38.465,0,1.055999994,113.6930008,277276.1875,0.453000009,254.2920074,96.67
CUST_D59D91D42872C74BAD7482484A8E67DA,PART_25F3874B96DA8E29F040CD54AC9B9893,4/21/2025,1,0,648694.84,21,396.69,174.615,115.395,0,1.054999948,113.6669998,277077,0.453000009,254.2960052,290.01
CUST_D59D91D42872C74BAD7482484A8E67DA,PART_25F3874B96DA8E29F040CD54AC9B9893,4/24/2025,1,0,652408.22,-6,-113.34,-49.89,-32.97,0,1.054999948,113.6470032,276927.5938,0.453000009,254.3000031,-82.86
CUST_D59D91D42872C74BAD7482484A8E67DA,PART_25F3874B96DA8E29F040CD54AC9B9893,4/25/2025,1,0,652724.52,5,94.45,41.575,27.475,0,1.054999948,113.6399994,276877.8125,0.453000009,254.3009949,69.05
CUST_D59D91D42872C74BAD7482484A8E67DA,PART_25F3874B96DA8E29F040CD54AC9B9893,4/29/2025,1,0,653723.31,5,94.45,41.575,27.475,0,1.05400002,113.612999,276678.5938,0.453999996,254.3059998,69.05
CUST_D59D91D42872C74BAD7482484A8E67DA,PART_25F3874B96DA8E29F040CD54AC9B9893,4/30/2025,1,0,654733.05,5,94.45,41.575,27.475,0,1.05400002,113.6070023,276628.8125,0.453999996,254.3070068,69.05
CUST_D59D91D42872C74BAD7482484A8E67DA,PART_25F3874B96DA8E29F040CD54AC9B9893,5/1/2025,1,0,653868.99,1,18.89,8.315,5.495,0,1.05400002,113.5999985,276579,0.453999996,254.3079987,13.81
CUST_D59D91D42872C74BAD7482484A8E67DA,PART_25F3874B96DA8E29F040CD54AC9B9893,5/2/2025,1,0,654064.13,13,245.57,108.095,71.435,0,1.05400002,113.5899963,276571.6563,0.453999996,254.3090057,179.53
CUST_D59D91D42872C74BAD7482484A8E67DA,PART_25F3874B96DA8E29F040CD54AC9B9893,5/8/2025,1,0,647999.73,2,37.78,16.63,10.99,0,1.05400002,113.5319977,276527.5313,0.453999996,254.3130035,27.62
CUST_D59D91D42872C74BAD7482484A8E67DA,PART_25F3874B96DA8E29F040CD54AC9B9893,5/12/2025,1,0,643321.31,4,75.56,33.26,21.98,0,1.052999973,113.4940033,276498.0938,0.453999996,254.3170013,55.24
CUST_D59D91D42872C74BAD7482484A8E67DA,PART_25F3874B96DA8E29F040CD54AC9B9893,5/13/2025,1,0,643873.28,24,453.36,199.56,131.88,0,1.052999973,113.4840012,276490.75,0.453999996,254.3170013,331.44
CUST_D59D91D42872C74BAD7482484A8E67DA,PART_25F3874B96DA8E29F040CD54AC9B9893,5/14/2025,1,0,644046.5,1,18.89,8.315,5.495,0,1.052999973,113.473999,276483.375,0.453999996,254.3179932,13.81
CUST_D59D91D42872C74BAD7482484A8E67DA,PART_25F3874B96DA8E29F040CD54AC9B9893,5/15/2025,1,0,641954.08,11,207.79,91.465,60.445,0,1.052999973,113.4649963,276476.0313,0.453999996,254.3190002,151.91
CUST_D59D91D42872C74BAD7482484A8E67DA,PART_25F3874B96DA8E29F040CD54AC9B9893,5/16/2025,1,0,643230.49,5,94.45,41.575,27.475,0,1.052999973,113.4550018,276468.6875,0.453999996,254.3200073,69.05
CUST_D59D91D42872C74BAD7482484A8E67DA,PART_25F3874B96DA8E29F040CD54AC9B9893,5/19/2025,1,0,637605.6,1,18.89,8.864,4.946,0,1.052999973,113.4260025,276446.625,0.453000009,254.3220062,13.81
CUST_D59D91D42872C74BAD7482484A8E67DA,PART_25F3874B96DA8E29F040CD54AC9B9893,5/21/2025,1,0,642605.22,4,75.56,35.456,19.784,0,1.052999973,113.4059982,276431.9063,0.453000009,254.322998,55.24
CUST_D59D91D42872C74BAD7482484A8E67DA,PART_25F3874B96DA8E29F040CD54AC9B9893,5/22/2025,1,0,642516.04,10,188.9,88.64,49.46,0,1.052999973,113.3970032,276424.5625,0.453000009,254.3240051,138.1
CUST_D59D91D42872C74BAD7482484A8E67DA,PART_25F3874B96DA8E29F040CD54AC9B9893,5/27/2025,1,0,633262.46,7,148.33,62.048,34.622,0,1.052000046,113.3479996,276387.7813,0.453000009,254.3280029,96.67
CUST_D59D91D42872C74BAD7482484A8E67DA,PART_25F3874B96DA8E29F040CD54AC9B9893,5/28/2025,1,0,635419.25,1,21.19,8.864,4.946,0,1.052000046,113.3389969,276380.4063,0.453000009,254.3289948,13.81
CUST_D59D91D42872C74BAD7482484A8E67DA,PART_25F3874B96DA8E29F040CD54AC9B9893,6/3/2025,1,0,628677.29,3,63.57,26.592,21.138,0,1.050999999,113.3529968,276445.125,0.451000005,254.3320007,47.73
CUST_D59D91D42872C74BAD7482484A8E67DA,PART_25F3874B96DA8E29F040CD54AC9B9893,6/5/2025,1,0,629610.9,16,339.04,141.824,112.736,0,1.049000025,113.4069977,276539.2813,0.449000001,254.3320007,254.56
CUST_D59D91D42872C74BAD7482484A8E67DA,PART_25F3874B96DA8E29F040CD54AC9B9893,6/6/2025,1,0,628890.81,16,339.04,141.824,112.736,0,1.049000025,113.4329987,276586.3438,0.448000014,254.3320007,254.56
CUST_D59D91D42872C74BAD7482484A8E67DA,PART_25F3874B96DA8E29F040CD54AC9B9893,6/9/2025,1,0,628948.02,4,84.76,35.456,28.184,0,1.047000051,113.5130005,276727.5313,0.444999993,254.3320007,63.64
CUST_D59D91D42872C74BAD7482484A8E67DA,PART_25F3874B96DA8E29F040CD54AC9B9893,6/11/2025,1,0,631361.31,10,211.9,88.64,70.46,0,1.046000004,113.5670013,276821.6563,0.442999989,254.3320007,159.1
CUST_D59D91D42872C74BAD7482484A8E67DA,PART_25F3874B96DA8E29F040CD54AC9B9893,6/13/2025,1,0,625978.41,4,84.76,35.456,28.184,0,1.04400003,113.6200027,276915.8125,0.441000015,254.3320007,63.64
CUST_D59D91D42872C74BAD7482484A8E67DA,PART_25F3874B96DA8E29F040CD54AC9B9893,6/16/2025,1,0,619219.2,3,63.57,26.592,21.138,0,1.042999983,113.6999969,277057,0.437999994,254.3320007,47.73
CUST_D59D91D42872C74BAD7482484A8E67DA,PART_25F3874B96DA8E29F040CD54AC9B9893,6/17/2025,1,0,619939.36,13,275.47,115.232,91.598,0,1.042000055,113.7269974,277104.0625,0.43599999,254.3320007,206.83
CUST_D59D91D42872C74BAD7482484A8E67DA,PART_25F3874B96DA8E29F040CD54AC9B9893,6/18/2025,1,0,621579.03,13,275.47,115.232,91.598,0,1.041000009,113.7529984,277151.125,0.435000002,254.3320007,206.83
CUST_D59D91D42872C74BAD7482484A8E67DA,PART_25F3874B96DA8E29F040CD54AC9B9893,6/19/2025,1,0,625861.96,2,42.38,17.728,14.092,0,1.041000009,113.7799988,277198.1875,0.433999985,254.3320007,31.82
CUST_D59D91D42872C74BAD7482484A8E67DA,PART_25F3874B96DA8E29F040CD54AC9B9893,6/23/2025,1,0,618327.88,5,105.95,44.32,35.23,0,1.037999988,113.887001,277386.4688,0.430000007,254.3320007,79.55
CUST_D59D91D42872C74BAD7482484A8E67DA,PART_25F3874B96DA8E29F040CD54AC9B9893,6/24/2025,1,0,619582.5,5,105.95,44.32,35.23,0,1.036999941,113.913002,277433.5313,0.42899999,254.3320007,79.55
CUST_D59D91D42872C74BAD7482484A8E67DA,PART_25F3874B96DA8E29F040CD54AC9B9893,7/2/2025,1,0,623234.69,16,339.04,141.824,112.736,0,1.031999946,114.1259995,277758,0.421000004,254.3509979,254.56
CUST_D59D91D42872C74BAD7482484A8E67DA,PART_25F3874B96DA8E29F040CD54AC9B9893,7/3/2025,1,0,626483.63,4,84.76,35.456,28.184,0,1.031999946,114.1520004,277753,0.421000004,254.3699951,63.64
CUST_D59D91D42872C74BAD7482484A8E67DA,PART_25F3874B96DA8E29F040CD54AC9B9893,7/8/2025,1,0,629275.22,1,21.19,8.864,7.046,0,1.029000044,114.2809982,277728,0.416999996,254.4649963,15.91
CUST_D59D91D42872C74BAD7482484A8E67DA,PART_25F3874B96DA8E29F040CD54AC9B9893,7/15/2025,1,0,634135.77,4,84.76,35.456,28.184,0,1.026000023,114.4609985,277693,0.412,254.598999,63.64
CUST_D59D91D42872C74BAD7482484A8E67DA,PART_25F3874B96DA8E29F040CD54AC9B9893,7/21/2025,1,0,626746.64,3,63.57,26.592,21.138,0,1.023000002,114.6159973,277663,0.407999992,254.7129974,47.73
CUST_D59D91D42872C74BAD7482484A8E67DA,PART_25F3874B96DA8E29F040CD54AC9B9893,7/23/2025,1,0,629152.07,13,275.47,115.232,91.598,0,1.021999955,114.6679993,277653,0.405999988,254.7510071,206.83
CUST_D59D91D42872C74BAD7482484A8E67DA,PART_25F3874B96DA8E29F040CD54AC9B9893,7/25/2025,1,0,631628.45,4,84.76,35.456,28.184,0,1.021000028,114.7190018,277643,0.405000001,254.7899933,63.64
CUST_D59D91D42872C74BAD7482484A8E67DA,PART_25F3874B96DA8E29F040CD54AC9B9893,7/28/2025,1,0,630464.32,3,63.57,26.592,21.138,0,1.019000053,114.7969971,277628,0.402999997,254.8470001,47.73
CUST_D59D91D42872C74BAD7482484A8E67DA,PART_25F3874B96DA8E29F040CD54AC9B9893,7/31/2025,1,0,631452.93,4,84.76,35.456,28.184,0,1.018000007,114.8740005,277613,0.400999993,254.904007,63.64
CUST_D59D91D42872C74BAD7482484A8E67DA,PART_25F3874B96DA8E29F040CD54AC9B9893,8/5/2025,1,0,627198.84,1,21.19,8.864,6.596,0,1.019999981,114.7580032,277677.4063,0.398000002,255.0879974,15.46
CUST_D59D91D42872C74BAD7482484A8E67DA,PART_25F3874B96DA8E29F040CD54AC9B9893,8/11/2025,1,0,625698.19,1,21.19,8.864,6.596,0,1.024999976,114.5449982,277781.5625,0.395000011,255.3370056,15.46
CUST_D59D91D42872C74BAD7482484A8E67DA,PART_25F3874B96DA8E29F040CD54AC9B9893,8/13/2025,1,0,626840.95,5,105.95,44.32,32.98,0,1.02699995,114.473999,277816.25,0.393000007,255.4190063,77.3
CUST_D59D91D42872C74BAD7482484A8E67DA,PART_25F3874B96DA8E29F040CD54AC9B9893,8/14/2025,1,0,629915.72,12,254.28,106.368,79.152,0,1.02699995,114.439003,277833.625,0.393000007,255.4609985,185.52
CUST_D59D91D42872C74BAD7482484A8E67DA,PART_25F3874B96DA8E29F040CD54AC9B9893,8/19/2025,1,0,634980.39,1,21.19,8.864,6.596,0,1.031999946,114.2610016,277920.375,0.389999986,255.6670074,15.46
CUST_D59D91D42872C74BAD7482484A8E67DA,PART_25F3874B96DA8E29F040CD54AC9B9893,8/26/2025,1,0,639437.11,5,105.95,44.32,32.98,0,1.036999941,114.0130005,278041.875,0.386000007,255.9570007,77.3
CUST_D59D91D42872C74BAD7482484A8E67DA,PART_25F3874B96DA8E29F040CD54AC9B9893,8/27/2025,1,0,641032.87,7,148.33,62.048,46.172,0,1.037999988,113.9769974,278059.2188,0.386000007,255.9980011,108.22
CUST_D59D91D42872C74BAD7482484A8E67DA,PART_25F3874B96DA8E29F040CD54AC9B9893,8/28/2025,1,0,642692.87,10,211.9,88.64,65.96,0,1.039000034,113.9420013,278076.5938,0.38499999,256.0400085,154.6
CUST_D59D91D42872C74BAD7482484A8E67DA,PART_25F3874B96DA8E29F040CD54AC9B9893,8/29/2025,1,0,645359.96,21,444.99,186.144,138.516,0,1.039999962,113.9059982,278093.9375,0.38499999,256.0809937,324.66
CUST_D59D91D42872C74BAD7482484A8E67DA,PART_25F3874B96DA8E29F040CD54AC9B9893,9/3/2025,1,0,648724.54,1,21.19,8.864,6.596,0,1.039000034,113.6930008,278112.5938,0.379999995,256.2049866,15.46
CUST_D59D91D42872C74BAD7482484A8E67DA,PART_25F3874B96DA8E29F040CD54AC9B9893,9/8/2025,1,0,655779.41,1,21.19,8.864,6.596,0,1.031999946,113.427002,278029.0938,0.372999996,256.2049866,15.46
CUST_D59D91D42872C74BAD7482484A8E67DA,PART_25F3874B96DA8E29F040CD54AC9B9893,9/9/2025,1,0,658284.58,4,84.76,35.456,26.384,0,1.029999971,113.3730011,278012.4063,0.370999992,256.2049866,61.84
CUST_D59D91D42872C74BAD7482484A8E67DA,PART_25F3874B96DA8E29F040CD54AC9B9893,9/10/2025,1,0,658724.22,11,233.09,97.504,72.556,0,1.029000044,113.3199997,277995.6875,0.370000005,256.2049866,170.06
CUST_D59D91D42872C74BAD7482484A8E67DA,PART_25F3874B96DA8E29F040CD54AC9B9893,9/11/2025,1,0,659733.84,2,42.38,17.728,13.192,0,1.02699995,113.2669983,277979,0.368000001,256.2049866,30.92
CUST_D59D91D42872C74BAD7482484A8E67DA,PART_25F3874B96DA8E29F040CD54AC9B9893,9/15/2025,1,0,658107.87,4,84.76,35.456,26.384,0,1.021000028,113.0530014,277912.1875,0.361999989,256.2049866,61.84
CUST_D59D91D42872C74BAD7482484A8E67DA,PART_25F3874B96DA8E29F040CD54AC9B9893,9/16/2025,1,0,659955.27,2,42.38,17.728,13.192,0,1.019999981,113,277895.5,0.361000001,256.2049866,30.92
CUST_D59D91D42872C74BAD7482484A8E67DA,PART_25F3874B96DA8E29F040CD54AC9B9893,9/17/2025,1,0,661396.28,2,42.38,17.728,13.192,0,1.018000007,112.9469986,277878.8125,0.360000014,256.2049866,30.92
CUST_D59D91D42872C74BAD7482484A8E67DA,PART_25F3874B96DA8E29F040CD54AC9B9893,9/18/2025,1,0,659297.66,3,63.57,26.592,19.788,0,1.01699996,112.8929977,277862.0938,0.35800001,256.2049866,46.38
CUST_D59D91D42872C74BAD7482484A8E67DA,PART_25F3874B96DA8E29F040CD54AC9B9893,9/19/2025,1,0,658953.16,4,84.76,35.456,26.384,0,1.014999986,112.8399963,277845.4063,0.356999993,256.2049866,61.84
CUST_D59D91D42872C74BAD7482484A8E67DA,PART_25F3874B96DA8E29F040CD54AC9B9893,9/24/2025,1,0,663424.5,3,63.57,26.592,19.788,0,1.008000016,112.572998,277761.9063,0.349000007,256.2049866,46.38
CUST_D59D91D42872C74BAD7482484A8E67DA,PART_25F3874B96DA8E29F040CD54AC9B9893,9/25/2025,1,0,660798.29,2,42.38,17.728,13.192,0,1.006000042,112.5199966,277745.1875,0.34799999,256.2049866,30.92
CUST_D59D91D42872C74BAD7482484A8E67DA,PART_25F3874B96DA8E29F040CD54AC9B9893,9/29/2025,1,0,661022.53,3,63.57,26.592,19.788,0,1,112.3069992,277678.4063,0.342000008,256.2049866,46.38
CUST_D59D91D42872C74BAD7482484A8E67DA,PART_25F3874B96DA8E29F040CD54AC9B9893,9/30/2025,1,0,665073.99,5,105.95,44.32,32.98,0,0.999000013,112.2529984,277661.6875,0.340000004,256.2049866,77.3
CUST_D1ECB94B336AF3E8BB8D739FA6E9E544,PART_F846361051783347FEEA0BB027E5289C,1/6/2023,1,1,35144.41,2,44.28,17.614,8.526,0,1.131000042,116.8160019,274991.625,0.507000029,244.3919983,26.14
CUST_D1ECB94B336AF3E8BB8D739FA6E9E544,PART_F846361051783347FEEA0BB027E5289C,1/20/2023,1,1,146871,2,40.24,17.614,8.526,0,1.149999976,116.8610001,272798.125,0.513999999,245.0140076,26.14
CUST_D1ECB94B336AF3E8BB8D739FA6E9E544,PART_F846361051783347FEEA0BB027E5289C,1/23/2023,1,1,153008.81,2,40.24,17.614,8.526,0,1.154999971,116.8710022,272328.0938,0.515999973,245.1470032,26.14
CUST_D1ECB94B336AF3E8BB8D739FA6E9E544,PART_F846361051783347FEEA0BB027E5289C,1/25/2023,1,1,172722.19,3,60.36,26.421,12.789,0,1.156999946,116.8769989,272014.75,0.51700002,245.2359924,39.21
CUST_D1ECB94B336AF3E8BB8D739FA6E9E544,PART_F846361051783347FEEA0BB027E5289C,2/8/2023,1,1,258408.1,3,60.36,26.421,12.789,18.88999939,1.164000034,116.3249969,270320.5,0.513999999,245.5500031,39.21
CUST_D1ECB94B336AF3E8BB8D739FA6E9E544,PART_F846361051783347FEEA0BB027E5289C,2/13/2023,1,1,285451.637,1,20.12,8.807,4.263,18.95000076,1.161999941,115.9140015,269893.7188,0.509000003,245.5509949,13.07
CUST_D1ECB94B336AF3E8BB8D739FA6E9E544,PART_F846361051783347FEEA0BB027E5289C,2/15/2023,1,1,299306.927,3,60.36,26.421,12.789,18.97999954,1.161000013,115.75,269723,0.507000029,245.552002,39.21
CUST_D1ECB94B336AF3E8BB8D739FA6E9E544,PART_F846361051783347FEEA0BB027E5289C,2/20/2023,1,1,318491.697,3,60.36,26.421,12.789,19.04000092,1.159000039,115.3389969,269296.2188,0.501999974,245.5540009,39.21
CUST_D1ECB94B336AF3E8BB8D739FA6E9E544,PART_F846361051783347FEEA0BB027E5289C,2/28/2023,1,1,381141.127,1,16.83,8.807,4.393,19.13999939,1.154999971,114.6819992,268613.3438,0.493999988,245.5570068,13.2
CUST_D1ECB94B336AF3E8BB8D739FA6E9E544,PART_F846361051783347FEEA0BB027E5289C,3/2/2023,1,1,398944.627,6,100.98,52.842,26.358,19.12000084,1.154999971,114.5810013,268601.75,0.495000005,245.5630035,79.2
CUST_D1ECB94B336AF3E8BB8D739FA6E9E544,PART_F846361051783347FEEA0BB027E5289C,3/13/2023,1,1,469886.037,4,67.32,35.228,17.572,19,1.151000023,114.3679962,269412.9063,0.514999986,245.6289978,52.8
CUST_D1ECB94B336AF3E8BB8D739FA6E9E544,PART_F846361051783347FEEA0BB027E5289C,3/17/2023,1,1,500289.687,5,84.15,44.035,21.965,18.95999908,1.149000049,114.2900009,269707.875,0.523000002,245.654007,66
CUST_D1ECB94B336AF3E8BB8D739FA6E9E544,PART_F846361051783347FEEA0BB027E5289C,3/21/2023,1,1,529309.197,1,16.83,8.807,4.393,18.92000008,1.148000002,114.2129974,270002.8438,0.529999971,245.6779938,13.2
CUST_D1ECB94B336AF3E8BB8D739FA6E9E544,PART_F846361051783347FEEA0BB027E5289C,3/27/2023,1,1,590473.127,10,168.3,88.07,43.93,18.85000038,1.146000028,114.0970001,270445.2813,0.541999996,245.7140045,132
CUST_D1ECB94B336AF3E8BB8D739FA6E9E544,PART_F846361051783347FEEA0BB027E5289C,4/3/2023,1,1,639273.187,2,33.66,17.614,8.786,18.94000053,1.144999981,113.9800034,270796.2813,0.550000012,245.7649994,26.4
CUST_D1ECB94B336AF3E8BB8D739FA6E9E544,PART_F846361051783347FEEA0BB027E5289C,4/4/2023,1,1,650476.277,8,134.64,70.456,35.144,18.97999954,1.146000028,113.9700012,270787.4063,0.550000012,245.776001,105.6
CUST_D1ECB94B336AF3E8BB8D739FA6E9E544,PART_F846361051783347FEEA0BB027E5289C,4/13/2023,1,1,721264.937,16,276,140.912,70.288,19.37000084,1.152999997,113.8799973,270707.5938,0.546999991,245.871994,211.2
CUST_D1ECB94B336AF3E8BB8D739FA6E9E544,PART_F846361051783347FEEA0BB027E5289C,4/17/2023,1,1,741363.117,1,17.25,9.112,4.088,19.54999924,1.156000018,113.8399963,270672.125,0.546000004,245.9140015,13.2
CUST_D1ECB94B336AF3E8BB8D739FA6E9E544,PART_F846361051783347FEEA0BB027E5289C,5/1/2023,1,1,818232.187,3,51.75,26.421,13.179,20.11000061,1.166000009,113.6999969,270548,0.541000009,246.0630035,39.6
CUST_D1ECB94B336AF3E8BB8D739FA6E9E544,PART_F846361051783347FEEA0BB027E5289C,5/2/2023,1,1,831606.617,6,103.5,52.842,26.358,20.10000038,1.164999962,113.7160034,270540.0313,0.541000009,246.0870056,79.2
CUST_D1ECB94B336AF3E8BB8D739FA6E9E544,PART_F846361051783347FEEA0BB027E5289C,5/9/2023,1,1,884574.177,2,34.5,17.614,8.786,20.07999992,1.161000013,113.8290024,270484.25,0.538999975,246.2539978,26.4
CUST_D1ECB94B336AF3E8BB8D739FA6E9E544,PART_F846361051783347FEEA0BB027E5289C,5/18/2023,1,1,953982.157,6,103.5,52.842,26.358,20.04000092,1.156000018,113.973999,270412.5625,0.537999988,246.4700012,79.2
CUST_D1ECB94B336AF3E8BB8D739FA6E9E544,PART_F846361051783347FEEA0BB027E5289C,5/25/2023,1,1,1005224.037,5,86.25,44.035,21.965,20.01000023,1.151000023,114.086998,270356.7813,0.536000013,246.6369934,66
CUST_D1ECB94B336AF3E8BB8D739FA6E9E544,PART_F846361051783347FEEA0BB027E5289C,5/26/2023,1,1,1011449.757,1,17.25,8.807,4.723,20.01000023,1.151000023,114.1029968,270348.8125,0.536000013,246.6609955,13.53
CUST_D1ECB94B336AF3E8BB8D739FA6E9E544,PART_F846361051783347FEEA0BB027E5289C,5/30/2023,1,1,1016295.197,2,34.5,17.614,9.446,19.98999977,1.148000002,114.1679993,270316.9375,0.535000026,246.7570038,27.06
CUST_D1ECB94B336AF3E8BB8D739FA6E9E544,PART_F846361051783347FEEA0BB027E5289C,6/7/2023,1,1,1070030.027,4,69,35.228,18.892,20.40999985,1.14199996,114.3799973,270413.4063,0.529999971,246.9790039,54.12
CUST_D1ECB94B336AF3E8BB8D739FA6E9E544,PART_F846361051783347FEEA0BB027E5289C,6/12/2023,1,1,1101746.637,1,17.25,8.807,4.723,20.70999908,1.138000011,114.5299988,270507.0625,0.526000023,247.1239929,13.53
CUST_D1ECB94B336AF3E8BB8D739FA6E9E544,PART_F846361051783347FEEA0BB027E5289C,6/15/2023,1,1,1131314.747,3,51.75,26.421,14.169,20.88999939,1.13499999,114.6200027,270563.2813,0.523999989,247.2109985,40.59
CUST_D1ECB94B336AF3E8BB8D739FA6E9E544,PART_F846361051783347FEEA0BB027E5289C,6/29/2023,1,1,1227720.207,2,34.5,17.614,9.446,21.72999954,1.123999953,115.0400009,270825.5313,0.513000011,247.6159973,27.06
CUST_D1ECB94B336AF3E8BB8D739FA6E9E544,PART_F846361051783347FEEA0BB027E5289C,6/30/2023,1,1,1241222.127,1,17.25,8.807,4.723,21.79000092,1.123000026,115.0699997,270844.2813,0.512000024,247.6450043,13.53
CUST_D1ECB94B336AF3E8BB8D739FA6E9E544,PART_F846361051783347FEEA0BB027E5289C,7/3/2023,1,1,1246381.407,1,17.25,8.807,4.723,21.61000061,1.123000026,115.0289993,270887.9063,0.510999978,247.6750031,13.53
CUST_D1ECB94B336AF3E8BB8D739FA6E9E544,PART_F846361051783347FEEA0BB027E5289C,7/5/2023,1,1,1249114.517,7,120.75,61.649,33.061,21.48999977,1.125,114.9580002,270912.8125,0.510999978,247.6750031,94.71
CUST_D1ECB94B336AF3E8BB8D739FA6E9E544,PART_F846361051783347FEEA0BB027E5289C,7/6/2023,1,1,1261988.867,6,103.5,52.842,28.338,21.43000031,1.125,114.9229965,270925.25,0.510999978,247.6759949,81.18
CUST_D1ECB94B336AF3E8BB8D739FA6E9E544,PART_F846361051783347FEEA0BB027E5289C,7/10/2023,1,1,1283803.237,1,18.91,8.807,4.723,21.19000053,1.128000021,114.7809982,270975.0625,0.512000024,247.677002,13.53
CUST_D1ECB94B336AF3E8BB8D739FA6E9E544,PART_F846361051783347FEEA0BB027E5289C,7/13/2023,1,1,1305903.937,0,0,0,0,21.01000023,1.129999995,114.6740036,271012.4063,0.512000024,247.6779938,0
CUST_D1ECB94B336AF3E8BB8D739FA6E9E544,PART_F846361051783347FEEA0BB027E5289C,7/14/2023,1,1,1310753.517,2,37.82,17.614,9.446,20.95000076,1.131000042,114.6389999,271024.875,0.512000024,247.6779938,27.06
CUST_D1ECB94B336AF3E8BB8D739FA6E9E544,PART_F846361051783347FEEA0BB027E5289C,7/20/2023,1,1,1344721.877,2,37.82,17.614,9.446,20.59000015,1.13499999,114.4260025,271099.5938,0.513000011,247.6799927,27.06
CUST_D1ECB94B336AF3E8BB8D739FA6E9E544,PART_F846361051783347FEEA0BB027E5289C,7/21/2023,1,1,1362282.417,1,18.91,8.807,4.723,20.53000069,1.136000037,114.3899994,271112.0313,0.513000011,247.6799927,13.53
CUST_D1ECB94B336AF3E8BB8D739FA6E9E544,PART_F846361051783347FEEA0BB027E5289C,7/27/2023,1,1,1400944.057,2,37.82,17.614,9.446,20.17000008,1.139999986,114.177002,271186.75,0.513999999,247.6820068,27.06
CUST_D1ECB94B336AF3E8BB8D739FA6E9E544,PART_F846361051783347FEEA0BB027E5289C,7/31/2023,1,1,1413592.247,7,132.37,61.649,33.061,19.93000031,1.14199996,114.0350037,271236.5625,0.513999999,247.6840057,94.71
CUST_D1ECB94B336AF3E8BB8D739FA6E9E544,PART_F846361051783347FEEA0BB027E5289C,8/1/2023,1,1,1422592.227,2,37.82,17.614,9.446,19.94000053,1.143000007,114,271249,0.513999999,247.6840057,27.06
CUST_D1ECB94B336AF3E8BB8D739FA6E9E544,PART_F846361051783347FEEA0BB027E5289C,8/3/2023,1,1,1443244.987,3,56.73,26.421,14.169,19.95000076,1.144000053,114.0059967,271153.6563,0.513999999,247.7120056,40.59
CUST_D1ECB94B336AF3E8BB8D739FA6E9E544,PART_F846361051783347FEEA0BB027E5289C,8/8/2023,1,1,1467399.717,1,18.91,8.807,4.723,19.97999954,1.148000002,114.0230026,270915.25,0.512000024,247.7819977,13.53
CUST_D1ECB94B336AF3E8BB8D739FA6E9E544,PART_F846361051783347FEEA0BB027E5289C,8/14/2023,1,1,1492204.727,2,37.82,17.614,9.446,20.01000023,1.151000023,114.0419998,270629.1875,0.510999978,247.8670044,27.06
CUST_D1ECB94B336AF3E8BB8D739FA6E9E544,PART_F846361051783347FEEA0BB027E5289C,8/16/2023,1,1,1506202.287,6,113.46,52.842,28.338,20.02000046,1.152999997,114.0479965,270533.8438,0.510999978,247.8950043,81.18
CUST_D1ECB94B336AF3E8BB8D739FA6E9E544,PART_F846361051783347FEEA0BB027E5289C,8/17/2023,1,1,1515484.967,2,37.82,17.614,9.446,20.03000069,1.152999997,114.052002,270486.1563,0.50999999,247.9089966,27.06
CUST_D1ECB94B336AF3E8BB8D739FA6E9E544,PART_F846361051783347FEEA0BB027E5289C,8/24/2023,1,1,1557114.007,3,56.73,26.421,14.169,20.06999969,1.157999992,114.0739975,270152.4063,0.509000003,248.0070038,40.59
CUST_D1ECB94B336AF3E8BB8D739FA6E9E544,PART_F846361051783347FEEA0BB027E5289C,8/31/2023,1,1,1591713.167,4,75.64,35.228,18.892,20.11000061,1.161999941,114.0970001,269818.6875,0.507000029,248.1060028,54.12
CUST_D1ECB94B336AF3E8BB8D739FA6E9E544,PART_F846361051783347FEEA0BB027E5289C,9/1/2023,1,1,1602339.657,11,208.01,96.877,51.953,20.12999916,1.162999988,114.0999985,269771,0.507000029,248.1199951,148.83
CUST_D1ECB94B336AF3E8BB8D739FA6E9E544,PART_F846361051783347FEEA0BB027E5289C,9/7/2023,1,1,1627413.337,2,37.82,17.614,9.446,20.28000069,1.15199995,114.1399994,269573.4063,0.499000013,248.1320038,27.06
CUST_D1ECB94B336AF3E8BB8D739FA6E9E544,PART_F846361051783347FEEA0BB027E5289C,9/11/2023,1,1,1648226.067,20,378.2,176.14,94.46,20.37999916,1.144999981,114.1669998,269441.6563,0.493999988,248.1390076,270.6
CUST_D1ECB94B336AF3E8BB8D739FA6E9E544,PART_F846361051783347FEEA0BB027E5289C,9/12/2023,1,1,1654487.327,3,56.73,26.421,14.169,20.39999962,1.143000007,114.1729965,269408.7188,0.493000001,248.1410065,40.59
CUST_D1ECB94B336AF3E8BB8D739FA6E9E544,PART_F846361051783347FEEA0BB027E5289C,9/14/2023,1,1,1669754.287,6,113.46,52.842,28.338,20.45000076,1.139000058,114.1869965,269342.875,0.490999997,248.1450043,81.18
CUST_D1ECB94B336AF3E8BB8D739FA6E9E544,PART_F846361051783347FEEA0BB027E5289C,9/21/2023,1,1,1699783.787,1,18.91,8.807,4.723,20.62000084,1.126000047,114.2330017,269112.3438,0.481999993,248.1589966,13.53
CUST_D1ECB94B336AF3E8BB8D739FA6E9E544,PART_F846361051783347FEEA0BB027E5289C,9/26/2023,1,1,1723939.247,7,132.37,61.649,33.061,20.73999977,1.116999984,114.2669983,268947.6563,0.474999994,248.1679993,94.71
CUST_D1ECB94B336AF3E8BB8D739FA6E9E544,PART_F846361051783347FEEA0BB027E5289C,9/28/2023,1,1,1740802.717,0,0,0,0,20.79000092,1.113999963,114.2799988,268881.8125,0.47299999,248.1719971,0
CUST_D1ECB94B336AF3E8BB8D739FA6E9E544,PART_F846361051783347FEEA0BB027E5289C,10/2/2023,1,1,1757063.597,3,56.73,26.421,14.169,20.85000038,1.10800004,114.2809982,268843.4375,0.469000012,248.1809998,40.59
CUST_D1ECB94B336AF3E8BB8D739FA6E9E544,PART_F846361051783347FEEA0BB027E5289C,10/12/2023,1,1,1801793.957,3,56.73,26.421,14.169,20.90999985,1.103000045,114.086998,269447.9688,0.470999986,248.2149963,40.59
CUST_D1ECB94B336AF3E8BB8D739FA6E9E544,PART_F846361051783347FEEA0BB027E5289C,10/16/2023,1,1,1810083.737,1,18.91,8.807,4.723,20.94000053,1.100999951,114.0100021,269689.7813,0.470999986,248.2290039,13.53
CUST_D1ECB94B336AF3E8BB8D739FA6E9E544,PART_F846361051783347FEEA0BB027E5289C,10/19/2023,1,1,1827855.107,1,18.91,8.807,4.723,20.95999908,1.100000024,113.9520035,269871.125,0.472000003,248.2389984,13.53
CUST_D1ECB94B336AF3E8BB8D739FA6E9E544,PART_F846361051783347FEEA0BB027E5289C,10/23/2023,1,1,1838176.897,2,37.82,17.614,9.446,20.97999954,1.09800005,113.8740005,270112.9375,0.47299999,248.253006,27.06
CUST_D1ECB94B336AF3E8BB8D739FA6E9E544,PART_F846361051783347FEEA0BB027E5289C,10/30/2023,1,1,1872447.267,3,56.73,26.421,14.169,21.02000046,1.095000029,113.7389984,270536.0938,0.474000007,248.276001,40.59
CUST_D1ECB94B336AF3E8BB8D739FA6E9E544,PART_F846361051783347FEEA0BB027E5289C,10/31/2023,1,1,1880285.967,1,18.91,8.807,4.723,21.03000069,1.093999982,113.7190018,270596.5625,0.474000007,248.2799988,13.53
CUST_D1ECB94B336AF3E8BB8D739FA6E9E544,PART_F846361051783347FEEA0BB027E5289C,11/9/2023,1,1,1929306.457,3,56.73,26.421,14.169,21.02000046,1.088999987,114.3130035,270607.4063,0.476999998,248.3179932,40.59
CUST_D1ECB94B336AF3E8BB8D739FA6E9E544,PART_F846361051783347FEEA0BB027E5289C,11/14/2023,1,1,1954992.697,8,151.28,70.456,37.784,21.01000023,1.087000012,114.6969986,270576.4063,0.479999989,248.3390045,108.24
CUST_D1ECB94B336AF3E8BB8D739FA6E9E544,PART_F846361051783347FEEA0BB027E5289C,11/15/2023,1,1,1964378.597,2,37.82,17.614,9.446,21.01000023,1.085999966,114.7730026,270570.1875,0.479999989,248.3439941,27.06
CUST_D1ECB94B336AF3E8BB8D739FA6E9E544,PART_F846361051783347FEEA0BB027E5289C,11/16/2023,1,1,1971784.557,2,37.82,17.614,9.446,21.01000023,1.085999966,114.8499985,270564,0.481000006,248.3480072,27.06
CUST_D1ECB94B336AF3E8BB8D739FA6E9E544,PART_F846361051783347FEEA0BB027E5289C,11/20/2023,1,1,1985494.817,2,37.82,17.614,9.446,21,1.082999945,115.1569977,270539.1875,0.481999993,248.3650055,27.06
CUST_D1ECB94B336AF3E8BB8D739FA6E9E544,PART_F846361051783347FEEA0BB027E5289C,11/27/2023,1,1,2008239.587,2,37.82,17.614,9.446,20.98999977,1.078999996,115.6930008,270495.8125,0.485000014,248.3959961,27.06
CUST_D1ECB94B336AF3E8BB8D739FA6E9E544,PART_F846361051783347FEEA0BB027E5289C,11/30/2023,1,1,2025200.807,2,37.82,17.614,9.446,20.98999977,1.077999949,115.9229965,270477.1875,0.486999989,248.4089966,27.06
CUST_D1ECB94B336AF3E8BB8D739FA6E9E544,PART_F846361051783347FEEA0BB027E5289C,12/4/2023,1,1,2037912.127,2,37.82,17.614,9.446,21.26000023,1.072999954,115.5739975,270688.3438,0.488000005,248.5549927,27.06
CUST_D1ECB94B336AF3E8BB8D739FA6E9E544,PART_F846361051783347FEEA0BB027E5289C,12/7/2023,1,1,2054717.717,7,132.37,61.649,33.061,21.46999931,1.070000052,115.1480026,270905.7188,0.488000005,248.6959991,94.71
CUST_D1ECB94B336AF3E8BB8D739FA6E9E544,PART_F846361051783347FEEA0BB027E5289C,12/11/2023,1,1,2064763.617,2,37.82,17.614,9.446,21.75,1.065000057,114.5810013,271195.5313,0.488999993,248.8849945,27.06
CUST_D1ECB94B336AF3E8BB8D739FA6E9E544,PART_F846361051783347FEEA0BB027E5289C,12/18/2023,1,1,2092840.877,3,56.73,26.421,14.169,22.22999954,1.055999994,113.586998,271702.6875,0.49000001,249.2149963,40.59
CUST_D1ECB94B336AF3E8BB8D739FA6E9E544,PART_F846361051783347FEEA0BB027E5289C,12/21/2023,1,1,2113428.737,3,56.73,26.421,14.169,22.43000031,1.052000046,113.1610031,271920.0313,0.490999997,249.3569946,40.59
CUST_D1ECB94B336AF3E8BB8D739FA6E9E544,PART_F846361051783347FEEA0BB027E5289C,12/22/2023,1,1,2118465.487,7,132.37,61.649,33.061,22.5,1.050999999,113.0189972,271992.4688,0.490999997,249.404007,94.71
CUST_D1ECB94B336AF3E8BB8D739FA6E9E544,PART_F846361051783347FEEA0BB027E5289C,12/26/2023,1,1,2124501.927,7,132.37,61.649,33.061,22.78000069,1.046000004,112.4520035,272282.2813,0.492000014,249.5930023,94.71
CUST_D1ECB94B336AF3E8BB8D739FA6E9E544,PART_F846361051783347FEEA0BB027E5289C,12/27/2023,1,1,2129147.417,2,37.82,17.614,9.446,22.85000038,1.044999957,112.3099976,272354.75,0.492000014,249.6399994,27.06
CUST_D1ECB94B336AF3E8BB8D739FA6E9E544,PART_F846361051783347FEEA0BB027E5289C,1/5/2024,1,1,2141247.107,1,18.91,8.807,4.723,23.55999947,1.049000025,111.9100037,273341.7813,0.493000001,249.878006,13.53
CUST_D1ECB94B336AF3E8BB8D739FA6E9E544,PART_F846361051783347FEEA0BB027E5289C,1/10/2024,1,1,2134782.537,2,37.82,17.614,9.446,23.98999977,1.06099999,112.2969971,274122.75,0.493999988,249.8809967,27.06
CUST_D1ECB94B336AF3E8BB8D739FA6E9E544,PART_F846361051783347FEEA0BB027E5289C,1/11/2024,1,1,2130951.297,10,189.1,88.07,47.23,24.07999992,1.06400001,112.3740005,274278.9375,0.493999988,249.8820038,135.3
CUST_D1ECB94B336AF3E8BB8D739FA6E9E544,PART_F846361051783347FEEA0BB027E5289C,1/16/2024,1,1,2103329.457,3,56.73,26.421,14.169,24.52000046,1.075999975,112.7610016,275059.9063,0.493999988,249.8849945,40.59
CUST_D1ECB94B336AF3E8BB8D739FA6E9E544,PART_F846361051783347FEEA0BB027E5289C,1/18/2024,1,1,2098651.477,1,18.91,8.807,4.723,24.69000053,1.08099997,112.9160004,275372.2813,0.495000005,249.8860016,13.53
CUST_D1ECB94B336AF3E8BB8D739FA6E9E544,PART_F846361051783347FEEA0BB027E5289C,1/19/2024,1,1,2080192.197,4,75.64,35.228,18.892,24.78000069,1.082999945,112.9940033,275528.4688,0.495000005,249.8860016,54.12
CUST_D1ECB94B336AF3E8BB8D739FA6E9E544,PART_F846361051783347FEEA0BB027E5289C,1/24/2024,1,1,2069678.517,4,75.64,35.228,18.892,25.21999931,1.095000029,113.3809967,276309.4375,0.495000005,249.8890076,54.12
CUST_D1ECB94B336AF3E8BB8D739FA6E9E544,PART_F846361051783347FEEA0BB027E5289C,1/25/2024,1,1,2076728.757,1,18.91,8.807,4.723,25.30999947,1.09800005,113.4580002,276465.6563,0.495000005,249.8899994,13.53
CUST_D1ECB94B336AF3E8BB8D739FA6E9E544,PART_F846361051783347FEEA0BB027E5289C,2/7/2024,1,1,2054859.317,2,30.3,17.614,9.446,25.72999954,1.11500001,113.814003,276706.1875,0.493000001,249.901001,27.06
CUST_D1ECB94B336AF3E8BB8D739FA6E9E544,PART_F846361051783347FEEA0BB027E5289C,2/8/2024,1,1,2052519.297,2,30.3,17.614,9.446,25.70999908,1.11500001,113.7829971,276564.0313,0.493000001,249.9019928,27.06
CUST_D1ECB94B336AF3E8BB8D739FA6E9E544,PART_F846361051783347FEEA0BB027E5289C,2/15/2024,1,1,2042120.26,4,60.6,35.228,18.892,25.61000061,1.113999963,113.5660019,275569.0625,0.488999993,249.9100037,54.12
CUST_D1ECB94B336AF3E8BB8D739FA6E9E544,PART_F846361051783347FEEA0BB027E5289C,2/27/2024,1,1,2014871.1,2,31.56,17.614,9.446,25.44000053,1.113000035,113.1930008,273863.4063,0.48300001,249.923996,27.06
CUST_D1ECB94B336AF3E8BB8D739FA6E9E544,PART_F846361051783347FEEA0BB027E5289C,2/28/2024,1,1,2017351.57,8,126.24,70.456,37.784,25.42000008,1.113000035,113.1620026,273721.2813,0.48300001,249.9259949,108.24
CUST_D1ECB94B336AF3E8BB8D739FA6E9E544,PART_F846361051783347FEEA0BB027E5289C,3/1/2024,1,1,2012149.49,2,31.56,17.614,9.446,25.21999931,1.113000035,113.0999985,273437,0.481999993,249.9279938,27.06
CUST_D1ECB94B336AF3E8BB8D739FA6E9E544,PART_F846361051783347FEEA0BB027E5289C,3/4/2024,1,1,1991542.76,1,15.78,8.807,-8.567,24.64999962,1.111999989,113.0999985,273533.875,0.481999993,249.9329987,0.24
CUST_D1ECB94B336AF3E8BB8D739FA6E9E544,PART_F846361051783347FEEA0BB027E5289C,3/8/2024,1,1,1996674.1,4,63.12,35.228,18.892,23.89999962,1.110000014,113.0999985,273663.0313,0.481999993,249.9400024,54.12
CUST_D1ECB94B336AF3E8BB8D739FA6E9E544,PART_F846361051783347FEEA0BB027E5289C,3/14/2024,1,1,1990098.81,4,63.12,35.228,18.892,22.76000023,1.106999993,113.0999985,273856.7813,0.481000006,249.9499969,54.12
CUST_D1ECB94B336AF3E8BB8D739FA6E9E544,PART_F846361051783347FEEA0BB027E5289C,3/15/2024,1,1,1992322.27,4,63.12,35.228,18.892,22.56999969,1.105999947,113.0999985,273889.0625,0.481000006,249.951004,54.12
CUST_D1ECB94B336AF3E8BB8D739FA6E9E544,PART_F846361051783347FEEA0BB027E5289C,3/28/2024,1,1,1928955.65,8,126.24,70.456,37.784,20.12000084,1.100000024,113.0999985,274308.8438,0.479999989,249.9730072,108.24
CUST_D1ECB94B336AF3E8BB8D739FA6E9E544,PART_F846361051783347FEEA0BB027E5289C,4/3/2024,1,1,1912574.55,4,63.12,35.228,18.892,19.90999985,1.09800005,113.2200012,274442.5313,0.479999989,249.9420013,54.12
CUST_D1ECB94B336AF3E8BB8D739FA6E9E544,PART_F846361051783347FEEA0BB027E5289C,4/16/2024,1,1,1866818.3,6,94.68,52.842,28.338,21.48999977,1.09800005,114,274472,0.476999998,249.6959991,81.18
CUST_D1ECB94B336AF3E8BB8D739FA6E9E544,PART_F846361051783347FEEA0BB027E5289C,4/17/2024,1,1,1865999.95,2,31.56,17.614,9.446,21.61000061,1.09800005,114.0599976,274474.2813,0.476000011,249.677002,27.06
CUST_D1ECB94B336AF3E8BB8D739FA6E9E544,PART_F846361051783347FEEA0BB027E5289C,4/23/2024,1,1,1872552.57,5,78.9,44.035,23.615,22.32999992,1.09800005,114.4199982,274487.875,0.474999994,249.5630035,67.65
CUST_D1ECB94B336AF3E8BB8D739FA6E9E544,PART_F846361051783347FEEA0BB027E5289C,5/7/2024,1,1,1840339.66,2,31.56,17.614,9.446,24.06999969,1.093999982,114.7060013,274458.7813,0.472000003,249.4149933,27.06
CUST_D1ECB94B336AF3E8BB8D739FA6E9E544,PART_F846361051783347FEEA0BB027E5289C,5/15/2024,1,1,1816806.57,12,189.36,105.684,56.676,25.09000015,1.088999987,114.447998,274395.8125,0.469999999,249.4179993,162.36
CUST_D1ECB94B336AF3E8BB8D739FA6E9E544,PART_F846361051783347FEEA0BB027E5289C,5/20/2024,1,1,1793202.25,2,31.56,17.614,9.446,25.72999954,1.085999966,114.2870026,274356.4375,0.469000012,249.4210052,27.06
CUST_D1ECB94B336AF3E8BB8D739FA6E9E544,PART_F846361051783347FEEA0BB027E5289C,5/21/2024,1,1,1804376.52,6,94.68,52.842,28.338,25.86000061,1.085000038,114.2549973,274348.5938,0.467999995,249.4210052,81.18
CUST_D1ECB94B336AF3E8BB8D739FA6E9E544,PART_F846361051783347FEEA0BB027E5289C,5/23/2024,1,1,1791982.67,3,47.34,26.421,14.169,26.11000061,1.083999991,114.1900024,274332.8438,0.467999995,249.4219971,40.59
CUST_D1ECB94B336AF3E8BB8D739FA6E9E544,PART_F846361051783347FEEA0BB027E5289C,5/31/2024,1,1,1784163.83,2,31.56,17.614,9.446,27.12999916,1.078999996,113.9319992,274269.875,0.465999991,249.4259949,27.06
CUST_D1ECB94B336AF3E8BB8D739FA6E9E544,PART_F846361051783347FEEA0BB027E5289C,6/20/2024,1,1,1742794.64,5,78.9,43.175,24.475,23.01000023,1.09800005,113.7099991,273702.125,0.483999997,249.4360046,67.65
CUST_D1ECB94B336AF3E8BB8D739FA6E9E544,PART_F846361051783347FEEA0BB027E5289C,6/27/2024,1,1,1728092.85,26,410.28,224.51,127.27,21.56999969,1.105999947,113.6399994,273495.875,0.490999997,249.4400024,351.78
CUST_D1ECB94B336AF3E8BB8D739FA6E9E544,PART_F846361051783347FEEA0BB027E5289C,7/3/2024,1,1,1720563.29,0,-3.1,0,0,20.87999916,1.110999942,113.6520004,273438.5938,0.495000005,249.4429932,0
CUST_D1ECB94B336AF3E8BB8D739FA6E9E544,PART_F846361051783347FEEA0BB027E5289C,7/8/2024,1,1,1698072.31,1,15.47,8.635,4.895,20.75,1.111999989,113.7809982,273590.0313,0.495000005,249.4440002,13.53
CUST_D1ECB94B336AF3E8BB8D739FA6E9E544,PART_F846361051783347FEEA0BB027E5289C,7/10/2024,1,1,1705688.77,3,46.41,25.905,14.685,20.70000076,1.113000035,113.8320007,273650.625,0.495000005,249.4450073,40.59
CUST_D1ECB94B336AF3E8BB8D739FA6E9E544,PART_F846361051783347FEEA0BB027E5289C,7/11/2024,1,1,1705034.44,1,15.47,8.635,4.895,20.68000031,1.113999963,113.8580017,273680.9063,0.495000005,249.4459991,13.53
CUST_D1ECB94B336AF3E8BB8D739FA6E9E544,PART_F846361051783347FEEA0BB027E5289C,7/15/2024,1,1,1693416.44,1,15.47,8.635,4.895,20.57999992,1.11500001,113.9609985,273802.0625,0.495000005,249.4470062,13.53
CUST_D1ECB94B336AF3E8BB8D739FA6E9E544,PART_F846361051783347FEEA0BB027E5289C,7/17/2024,1,1,1692006.29,2,30.94,17.27,9.79,20.53000069,1.116000056,114.0130005,273862.6563,0.493999988,249.447998,27.06
CUST_D1ECB94B336AF3E8BB8D739FA6E9E544,PART_F846361051783347FEEA0BB027E5289C,7/22/2024,1,1,1677233.55,1,15.47,8.635,4.895,20.40999985,1.116999984,114.1419983,274014.0938,0.493999988,249.4490051,13.53
CUST_D1ECB94B336AF3E8BB8D739FA6E9E544,PART_F846361051783347FEEA0BB027E5289C,7/24/2024,1,1,1684863.63,3,46.41,25.905,14.685,20.36000061,1.118000031,114.1940002,274074.6875,0.493999988,249.4499969,40.59
CUST_D1ECB94B336AF3E8BB8D739FA6E9E544,PART_F846361051783347FEEA0BB027E5289C,7/26/2024,1,1,1675814.35,3,46.41,25.905,14.685,20.30999947,1.118999958,114.2450027,274135.25,0.493999988,249.451004,40.59
CUST_D1ECB94B336AF3E8BB8D739FA6E9E544,PART_F846361051783347FEEA0BB027E5289C,7/31/2024,1,1,1669537.87,5,77.35,43.175,24.475,20.19000053,1.121000051,114.3740005,274286.7188,0.493999988,249.4530029,67.65
CUST_D1ECB94B336AF3E8BB8D739FA6E9E544,PART_F846361051783347FEEA0BB027E5289C,8/1/2024,1,1,1662435.74,2,30.94,17.27,9.79,20.17000008,1.121000051,114.4000015,274317,0.493999988,249.4530029,27.06
CUST_D1ECB94B336AF3E8BB8D739FA6E9E544,PART_F846361051783347FEEA0BB027E5289C,8/8/2024,1,1,1658513.64,5,77.35,43.175,24.475,19.98999977,1.116999984,114.1060028,274053.4688,0.490999997,250.1600037,67.65
CUST_D1ECB94B336AF3E8BB8D739FA6E9E544,PART_F846361051783347FEEA0BB027E5289C,8/13/2024,1,1,1658520.66,2,30.94,17.27,9.79,19.87000084,1.113999963,113.8970032,273865.25,0.488999993,250.6660004,27.06
CUST_D1ECB94B336AF3E8BB8D739FA6E9E544,PART_F846361051783347FEEA0BB027E5289C,8/14/2024,1,1,1653089.94,3,46.41,25.905,14.685,19.84000015,1.113000035,113.8550034,273827.625,0.488000005,250.7669983,40.59
CUST_D1ECB94B336AF3E8BB8D739FA6E9E544,PART_F846361051783347FEEA0BB027E5289C,8/16/2024,1,1,1650713.1,1,15.47,8.635,4.895,19.79000092,1.111999989,113.7710037,273752.3125,0.486999989,250.9689941,13.53
CUST_D1ECB94B336AF3E8BB8D739FA6E9E544,PART_F846361051783347FEEA0BB027E5289C,8/19/2024,1,1,1641471.76,3,46.41,25.905,14.655,19.71999931,1.110000014,113.6449966,273639.375,0.486000001,251.2720032,40.56
CUST_D1ECB94B336AF3E8BB8D739FA6E9E544,PART_F846361051783347FEEA0BB027E5289C,8/20/2024,1,1,1650025.51,2,30.94,17.27,9.77,19.69000053,1.108999968,113.6029968,273601.75,0.485000014,251.3730011,27.04
CUST_D1ECB94B336AF3E8BB8D739FA6E9E544,PART_F846361051783347FEEA0BB027E5289C,8/22/2024,1,1,1644721.93,1,15.47,8.635,4.885,19.63999939,1.10800004,113.5189972,273526.4375,0.485000014,251.5749969,13.52
CUST_D1ECB94B336AF3E8BB8D739FA6E9E544,PART_F846361051783347FEEA0BB027E5289C,8/29/2024,1,1,1648853.34,4,61.88,34.54,19.54,19.46999931,1.103999972,113.2259979,273262.9375,0.481000006,252.2830048,54.08
CUST_D1ECB94B336AF3E8BB8D739FA6E9E544,PART_F846361051783347FEEA0BB027E5289C,9/3/2024,1,1,1636799.06,2,30.94,17.27,9.77,19.5,1.100999951,113.1600037,273348.3438,0.479000002,252.5859985,27.04
CUST_D1ECB94B336AF3E8BB8D739FA6E9E544,PART_F846361051783347FEEA0BB027E5289C,9/16/2024,1,1,1625202.81,7,108.29,60.445,34.195,19.82999992,1.092000008,113.5500031,274637.5,0.472000003,252.5859985,94.64
CUST_D1ECB94B336AF3E8BB8D739FA6E9E544,PART_F846361051783347FEEA0BB027E5289C,9/24/2024,1,1,1617275.42,10,154.7,86.35,48.85,20.03000069,1.085999966,113.7900009,275430.8438,0.467999995,252.5859985,135.2
CUST_D1ECB94B336AF3E8BB8D739FA6E9E544,PART_F846361051783347FEEA0BB027E5289C,10/1/2024,1,1,1611955.8,3,46.41,25.905,14.655,20.71999931,1.08099997,114,276125,0.463999987,252.5859985,40.56
CUST_D1ECB94B336AF3E8BB8D739FA6E9E544,PART_F846361051783347FEEA0BB027E5289C,10/3/2024,1,1,1612298.39,5,77.35,43.175,24.425,21.79999924,1.08099997,113.9349976,276014.8125,0.465999991,252.5890045,67.6
CUST_D1ECB94B336AF3E8BB8D739FA6E9E544,PART_F846361051783347FEEA0BB027E5289C,10/10/2024,1,1,1611103.47,1,16.29,8.635,4.885,25.55999947,1.082000017,113.7099991,275629.125,0.472000003,252.5980072,13.52
CUST_D1ECB94B336AF3E8BB8D739FA6E9E544,PART_F846361051783347FEEA0BB027E5289C,10/14/2024,1,1,1606662.81,3,48.87,25.905,14.655,27.71999931,1.082999945,113.5810013,275408.75,0.474999994,252.6029968,40.56
CUST_D1ECB94B336AF3E8BB8D739FA6E9E544,PART_F846361051783347FEEA0BB027E5289C,10/16/2024,1,1,1608564.27,1,16.29,8.635,4.885,28.79000092,1.082999945,113.5159988,275298.5625,0.476999998,252.6049957,13.52
CUST_D1ECB94B336AF3E8BB8D739FA6E9E544,PART_F846361051783347FEEA0BB027E5289C,10/17/2024,1,1,1608081.71,2,32.58,17.27,9.77,29.32999992,1.083999991,113.4840012,275243.4375,0.477999985,252.6069946,27.04
CUST_D1ECB94B336AF3E8BB8D739FA6E9E544,PART_F846361051783347FEEA0BB027E5289C,10/18/2024,1,1,1610760.31,12,195.48,103.62,58.62,29.87000084,1.083999991,113.4520035,275188.3438,0.479000002,252.6080017,162.24
CUST_D1ECB94B336AF3E8BB8D739FA6E9E544,PART_F846361051783347FEEA0BB027E5289C,10/22/2024,1,1,1613215.51,3,48.87,25.905,14.655,32.02000046,1.083999991,113.322998,274967.9688,0.481999993,252.6130066,40.56
CUST_D1ECB94B336AF3E8BB8D739FA6E9E544,PART_F846361051783347FEEA0BB027E5289C,10/24/2024,1,1,1612674.49,20,325.8,172.7,97.7,33.09999847,1.085000038,113.2580032,274857.7813,0.483999997,252.6159973,270.4
CUST_D1ECB94B336AF3E8BB8D739FA6E9E544,PART_F846361051783347FEEA0BB027E5289C,10/25/2024,1,1,1614617.49,5,81.45,43.175,24.425,33.63999939,1.085000038,113.2259979,274802.6875,0.485000014,252.6170044,67.6
CUST_D1ECB94B336AF3E8BB8D739FA6E9E544,PART_F846361051783347FEEA0BB027E5289C,10/28/2024,1,1,1600148.53,1,16.29,8.635,4.885,35.25,1.085000038,113.1289978,274637.375,0.488000005,252.6210022,13.52
CUST_D1ECB94B336AF3E8BB8D739FA6E9E544,PART_F846361051783347FEEA0BB027E5289C,10/29/2024,1,1,1605337.83,11,179.19,94.985,53.735,35.79000092,1.085999966,113.0970001,274582.2813,0.488000005,252.621994,148.72
CUST_D1ECB94B336AF3E8BB8D739FA6E9E544,PART_F846361051783347FEEA0BB027E5289C,10/30/2024,1,1,1604569.38,6,97.74,51.81,29.31,36.33000183,1.085999966,113.0650024,274527.1875,0.488999993,252.6230011,81.12
CUST_D1ECB94B336AF3E8BB8D739FA6E9E544,PART_F846361051783347FEEA0BB027E5289C,10/31/2024,1,1,1616905.63,7,114.03,60.445,34.195,36.86999893,1.085999966,113.0319977,274472.0938,0.49000001,252.625,94.64
CUST_D1ECB94B336AF3E8BB8D739FA6E9E544,PART_F846361051783347FEEA0BB027E5289C,11/1/2024,1,1,1612794.83,4,65.16,34.54,19.54,36.40999985,1.085999966,113,274417,0.490999997,252.6260071,54.08
CUST_D1ECB94B336AF3E8BB8D739FA6E9E544,PART_F846361051783347FEEA0BB027E5289C,11/4/2024,1,1,1606386.7,4,65.16,34.54,19.54,35.04000092,1.077999949,112.9599991,274587.4063,0.488000005,252.6399994,54.08
CUST_D1ECB94B336AF3E8BB8D739FA6E9E544,PART_F846361051783347FEEA0BB027E5289C,11/5/2024,1,1,1611513.84,4,65.16,34.54,19.54,34.58000183,1.075000048,112.9469986,274644.1875,0.486999989,252.6439972,54.08
CUST_D1ECB94B336AF3E8BB8D739FA6E9E544,PART_F846361051783347FEEA0BB027E5289C,11/6/2024,1,1,1609867.36,7,114.03,60.445,34.195,34.13000107,1.072999954,112.9329987,274701,0.486000001,252.6490021,94.64
CUST_D1ECB94B336AF3E8BB8D739FA6E9E544,PART_F846361051783347FEEA0BB027E5289C,11/7/2024,1,1,1605294.08,5,81.45,43.175,24.425,33.66999817,1.070000052,112.9199982,274757.8125,0.485000014,252.6529999,67.6
CUST_D1ECB94B336AF3E8BB8D739FA6E9E544,PART_F846361051783347FEEA0BB027E5289C,11/8/2024,1,1,1606104.49,4,65.16,34.54,19.54,33.20999908,1.067999959,112.9069977,274814.5938,0.483999997,252.6580048,54.08
CUST_D1ECB94B336AF3E8BB8D739FA6E9E544,PART_F846361051783347FEEA0BB027E5289C,11/12/2024,1,1,1598950.95,11,179.19,94.985,53.735,31.38999939,1.057000041,112.8529968,275041.8125,0.479999989,252.6759949,148.72
CUST_D1ECB94B336AF3E8BB8D739FA6E9E544,PART_F846361051783347FEEA0BB027E5289C,11/14/2024,1,1,1592679.18,1,16.29,8.635,4.885,30.46999931,1.052000046,112.8270035,275155.4063,0.477999985,252.6849976,13.52
CUST_D1ECB94B336AF3E8BB8D739FA6E9E544,PART_F846361051783347FEEA0BB027E5289C,11/15/2024,1,1,1590206.89,5,81.45,43.175,24.425,30.02000046,1.049000025,112.8130035,275212.1875,0.476999998,252.6889954,67.6
CUST_D1ECB94B336AF3E8BB8D739FA6E9E544,PART_F846361051783347FEEA0BB027E5289C,11/21/2024,1,1,1588446.96,6,97.74,51.81,29.31,27.27000046,1.032999992,112.7330017,275553,0.470999986,252.7169952,81.12
CUST_D1ECB94B336AF3E8BB8D739FA6E9E544,PART_F846361051783347FEEA0BB027E5289C,11/25/2024,1,1,1588544.85,7,114.03,60.445,34.195,25.44000053,1.023000002,112.6800003,275780.1875,0.467000008,252.7350006,94.64
CUST_D1ECB94B336AF3E8BB8D739FA6E9E544,PART_F846361051783347FEEA0BB027E5289C,11/26/2024,1,1,1592585.14,6,97.74,51.81,29.31,24.98999977,1.019999981,112.6669998,275837,0.465999991,252.7389984,81.12
CUST_D1ECB94B336AF3E8BB8D739FA6E9E544,PART_F846361051783347FEEA0BB027E5289C,11/27/2024,1,1,1594473.81,8,130.32,69.08,39.08,24.53000069,1.018000007,112.6529999,275893.8125,0.465000004,252.7440033,108.16
CUST_D1ECB94B336AF3E8BB8D739FA6E9E544,PART_F846361051783347FEEA0BB027E5289C,12/2/2024,1,1,1578486.2,8,130.32,69.08,39.08,23.22999954,1.004999995,112.5839996,276118.0625,0.460999995,252.7619934,108.16
CUST_D1ECB94B336AF3E8BB8D739FA6E9E544,PART_F846361051783347FEEA0BB027E5289C,12/4/2024,1,1,1588074.63,10,162.9,86.35,48.85,23.30999947,1.001999974,112.552002,276112.1875,0.462000012,252.7610016,135.2
CUST_D1ECB94B336AF3E8BB8D739FA6E9E544,PART_F846361051783347FEEA0BB027E5289C,12/5/2024,1,1,1587758.14,7,114.03,60.445,34.195,23.34000015,1,112.5350037,276109.25,0.463,252.7610016,94.64
CUST_D1ECB94B336AF3E8BB8D739FA6E9E544,PART_F846361051783347FEEA0BB027E5289C,12/6/2024,1,1,1589471.24,3,48.87,25.905,14.655,23.37999916,0.998000026,112.5189972,276106.3125,0.463,252.7610016,40.56
CUST_D1ECB94B336AF3E8BB8D739FA6E9E544,PART_F846361051783347FEEA0BB027E5289C,12/9/2024,1,1,1583334.48,18,293.22,155.43,87.93,23.48999977,0.992999971,112.4710007,276097.5313,0.463999987,252.7599945,243.36
CUST_D1ECB94B336AF3E8BB8D739FA6E9E544,PART_F846361051783347FEEA0BB027E5289C,12/10/2024,1,1,1590023.49,1,16.29,8.635,4.885,23.52000046,0.991999984,112.4550018,276094.5938,0.465000004,252.7590027,13.52
CUST_D1ECB94B336AF3E8BB8D739FA6E9E544,PART_F846361051783347FEEA0BB027E5289C,12/18/2024,1,1,1587335.9,11,179.19,94.985,53.735,23.81999969,0.977999985,112.3259964,276071.0938,0.467999995,252.7570038,148.72
CUST_D1ECB94B336AF3E8BB8D739FA6E9E544,PART_F846361051783347FEEA0BB027E5289C,12/19/2024,1,1,1584631.63,2,32.58,17.27,9.77,23.85000038,0.976000011,112.3099976,276068.1563,0.469000012,252.7570038,27.04
CUST_D1ECB94B336AF3E8BB8D739FA6E9E544,PART_F846361051783347FEEA0BB027E5289C,12/20/2024,1,1,1583839.39,4,65.16,34.54,19.54,23.88999939,0.975000024,112.2939987,276065.2188,0.469000012,252.7559967,54.08
CUST_D1ECB94B336AF3E8BB8D739FA6E9E544,PART_F846361051783347FEEA0BB027E5289C,12/26/2024,1,1,1582606.82,3,48.87,25.905,14.655,24.11000061,0.963999987,112.1969986,276047.625,0.470999986,252.7550049,40.56
CUST_D1ECB94B336AF3E8BB8D739FA6E9E544,PART_F846361051783347FEEA0BB027E5289C,12/27/2024,1,1,1580290.44,6,97.74,51.81,29.31,24.13999939,0.963,112.1809998,276044.6875,0.472000003,252.7539978,81.12
CUST_D1ECB94B336AF3E8BB8D739FA6E9E544,PART_F846361051783347FEEA0BB027E5289C,12/30/2024,1,1,1575265.52,3,48.87,25.905,14.655,24.25,0.957000017,112.1320038,276035.875,0.47299999,252.7539978,40.56
CUST_D1ECB94B336AF3E8BB8D739FA6E9E544,PART_F846361051783347FEEA0BB027E5289C,12/31/2024,1,1,1582896.28,3,48.87,25.905,14.655,24.29000092,0.95599997,112.1159973,276032.9375,0.474000007,252.753006,40.56
CUST_D1ECB94B336AF3E8BB8D739FA6E9E544,PART_F846361051783347FEEA0BB027E5289C,1/2/2025,1,1,1583191.83,6,97.74,51.81,29.31,24.20000076,0.957000017,112.1579971,275979.9375,0.47299999,252.7749939,81.12
CUST_D1ECB94B336AF3E8BB8D739FA6E9E544,PART_F846361051783347FEEA0BB027E5289C,1/3/2025,1,1,1580326.87,3,48.87,25.905,14.655,24.14999962,0.959999979,112.2160034,275929.875,0.472000003,252.7960052,40.56
CUST_D1ECB94B336AF3E8BB8D739FA6E9E544,PART_F846361051783347FEEA0BB027E5289C,1/6/2025,1,1,1571953.36,7,114.03,60.445,34.195,24.02000046,0.970000029,112.3899994,275779.6875,0.469000012,252.8609924,94.64
CUST_D1ECB94B336AF3E8BB8D739FA6E9E544,PART_F846361051783347FEEA0BB027E5289C,1/13/2025,1,1,1573900.66,10,162.9,86.35,48.85,23.70000076,0.992999971,112.7969971,275429.2188,0.463,253.0119934,135.2
CUST_D1ECB94B336AF3E8BB8D739FA6E9E544,PART_F846361051783347FEEA0BB027E5289C,1/16/2025,1,1,1591409.4,18,293.22,155.43,87.93,23.55999947,1.001999974,112.9710007,275279.0313,0.460000008,253.0769958,243.36
CUST_D1ECB94B336AF3E8BB8D739FA6E9E544,PART_F846361051783347FEEA0BB027E5289C,1/17/2025,1,1,1593463.24,10,174.9,86.35,48.85,23.52000046,1.006000042,113.0289993,275228.9688,0.460000008,253.098999,135.2
CUST_D1ECB94B336AF3E8BB8D739FA6E9E544,PART_F846361051783347FEEA0BB027E5289C,1/24/2025,1,1,1583868.09,2,37.38,17.27,9.77,23.20000076,1.027999997,113.4349976,274878.5313,0.453000009,253.25,27.04
CUST_D1ECB94B336AF3E8BB8D739FA6E9E544,PART_F846361051783347FEEA0BB027E5289C,1/27/2025,1,1,1579224.04,2,37.38,17.27,9.77,23.05999947,1.037999988,113.6100006,274728.3125,0.451000005,253.3150024,27.04
CUST_D1ECB94B336AF3E8BB8D739FA6E9E544,PART_F846361051783347FEEA0BB027E5289C,1/28/2025,1,1,1585162.52,6,112.14,51.81,29.31,23.02000046,1.041000009,113.6679993,274678.25,0.449999988,253.3370056,81.12
CUST_D1ECB94B336AF3E8BB8D739FA6E9E544,PART_F846361051783347FEEA0BB027E5289C,1/29/2025,1,1,1586042.34,7,130.83,60.445,34.195,22.96999931,1.04400003,113.7259979,274628.1875,0.449000001,253.3580017,94.64
CUST_D1ECB94B336AF3E8BB8D739FA6E9E544,PART_F846361051783347FEEA0BB027E5289C,1/30/2025,1,1,1591183.79,0,0,0,0,22.93000031,1.047999978,113.7839966,274578.125,0.448000014,253.3800049,0
CUST_D1ECB94B336AF3E8BB8D739FA6E9E544,PART_F846361051783347FEEA0BB027E5289C,2/3/2025,1,1,1582881.44,3,56.07,25.905,14.655,22.87999916,1.05400002,113.8789978,274675.9375,0.446999997,253.4790039,40.56
CUST_D1ECB94B336AF3E8BB8D739FA6E9E544,PART_F846361051783347FEEA0BB027E5289C,2/6/2025,1,1,1585254.09,11,205.59,94.985,53.735,22.87999916,1.05400002,113.8460007,274972.8125,0.448000014,253.5630035,148.72
CUST_D1ECB94B336AF3E8BB8D739FA6E9E544,PART_F846361051783347FEEA0BB027E5289C,2/7/2025,1,1,1586071.34,3,56.07,25.905,14.655,22.87999916,1.05400002,113.8359985,275071.7813,0.449000001,253.5910034,40.56
CUST_D1ECB94B336AF3E8BB8D739FA6E9E544,PART_F846361051783347FEEA0BB027E5289C,2/10/2025,1,1,1576762.83,5,93.45,43.175,24.425,22.87999916,1.05400002,113.8040009,275368.6875,0.449999988,253.673996,67.6
CUST_D1ECB94B336AF3E8BB8D739FA6E9E544,PART_F846361051783347FEEA0BB027E5289C,2/12/2025,1,1,1589202.52,10,186.9,86.35,48.85,22.87999916,1.05400002,113.7819977,275566.5938,0.451000005,253.7299957,135.2
CUST_D1ECB94B336AF3E8BB8D739FA6E9E544,PART_F846361051783347FEEA0BB027E5289C,2/13/2025,1,1,1588487.84,9,202.41,77.715,43.965,22.87999916,1.05400002,113.7710037,275665.5625,0.451000005,253.7579956,121.68
CUST_D1ECB94B336AF3E8BB8D739FA6E9E544,PART_F846361051783347FEEA0BB027E5289C,2/17/2025,1,1,1576916.89,8,179.92,69.08,39.08,22.88999939,1.05400002,113.7289963,276061.4375,0.453000009,253.8699951,108.16
CUST_D1ECB94B336AF3E8BB8D739FA6E9E544,PART_F846361051783347FEEA0BB027E5289C,2/18/2025,1,1,1579523.19,26,584.74,224.51,127.01,22.88999939,1.05400002,113.7180023,276160.4063,0.453000009,253.897995,351.52
CUST_D1ECB94B336AF3E8BB8D739FA6E9E544,PART_F846361051783347FEEA0BB027E5289C,2/20/2025,1,1,1580657.8,6,134.94,51.81,29.31,22.88999939,1.05400002,113.6959991,276358.3125,0.453999996,253.9539948,81.12
CUST_D1ECB94B336AF3E8BB8D739FA6E9E544,PART_F846361051783347FEEA0BB027E5289C,2/21/2025,1,1,1571323.5,2,44.98,17.27,9.77,22.88999939,1.05400002,113.685997,276457.2813,0.455000013,253.9819946,27.04
CUST_D1ECB94B336AF3E8BB8D739FA6E9E544,PART_F846361051783347FEEA0BB027E5289C,2/24/2025,1,1,1566216.37,6,134.94,51.81,29.31,22.88999939,1.05400002,113.6539993,276754.1875,0.456,254.0650024,81.12
CUST_D1ECB94B336AF3E8BB8D739FA6E9E544,PART_F846361051783347FEEA0BB027E5289C,2/25/2025,1,1,1571546.23,6,134.94,51.81,29.31,22.88999939,1.05400002,113.6429977,276853.1563,0.456,254.0930023,81.12
CUST_D1ECB94B336AF3E8BB8D739FA6E9E544,PART_F846361051783347FEEA0BB027E5289C,2/27/2025,1,1,1573631.73,5,112.45,43.175,24.425,22.88999939,1.05400002,113.6210022,277051.0625,0.456999987,254.1490021,67.6
CUST_D1ECB94B336AF3E8BB8D739FA6E9E544,PART_F846361051783347FEEA0BB027E5289C,3/3/2025,1,1,1575532.26,8,179.92,69.08,39.08,22.90999985,1.05400002,113.612999,277302.1563,0.458000004,254.2089996,108.16
CUST_D1ECB94B336AF3E8BB8D739FA6E9E544,PART_F846361051783347FEEA0BB027E5289C,3/4/2025,1,1,1584595.65,2,44.98,17.27,9.77,22.92000008,1.05400002,113.6190033,277328.75,0.456999987,254.2120056,27.04
CUST_D1ECB94B336AF3E8BB8D739FA6E9E544,PART_F846361051783347FEEA0BB027E5289C,3/5/2025,1,1,1592023.55,5,112.45,43.175,24.425,22.92000008,1.054999948,113.6259995,277355.3125,0.456999987,254.2140045,67.6
CUST_D1ECB94B336AF3E8BB8D739FA6E9E544,PART_F846361051783347FEEA0BB027E5289C,3/6/2025,1,1,1587469.73,1,22.49,8.635,4.885,22.93000031,1.054999948,113.6320038,277381.9063,0.456999987,254.2160034,13.52
CUST_D1ECB94B336AF3E8BB8D739FA6E9E544,PART_F846361051783347FEEA0BB027E5289C,3/10/2025,1,1,1573532.09,2,44.98,17.27,9.77,22.95000076,1.054999948,113.6579971,277488.2188,0.456,254.2250061,27.04
CUST_D1ECB94B336AF3E8BB8D739FA6E9E544,PART_F846361051783347FEEA0BB027E5289C,3/12/2025,1,1,1569321.18,3,67.47,25.905,14.655,22.96999931,1.054999948,113.6709976,277541.375,0.456,254.2290039,40.56
CUST_D1ECB94B336AF3E8BB8D739FA6E9E544,PART_F846361051783347FEEA0BB027E5289C,3/13/2025,1,1,1572115.21,16,359.84,150.28,66.04,22.96999931,1.055999994,113.677002,277567.9688,0.455000013,254.2310028,216.32
CUST_D1ECB94B336AF3E8BB8D739FA6E9E544,PART_F846361051783347FEEA0BB027E5289C,3/14/2025,1,1,1579074.23,1,22.49,9.847,3.673,22.97999954,1.055999994,113.6839981,277594.5625,0.455000013,254.2339935,13.52
CUST_D1ECB94B336AF3E8BB8D739FA6E9E544,PART_F846361051783347FEEA0BB027E5289C,3/17/2025,1,1,1565076.96,4,89.96,39.388,14.692,23,1.055999994,113.7030029,277674.2813,0.453999996,254.2400055,54.08
CUST_D1ECB94B336AF3E8BB8D739FA6E9E544,PART_F846361051783347FEEA0BB027E5289C,3/18/2025,1,1,1575672.48,5,112.45,49.235,18.365,23.01000023,1.055999994,113.7099991,277700.875,0.453999996,254.2420044,67.6
CUST_D1ECB94B336AF3E8BB8D739FA6E9E544,PART_F846361051783347FEEA0BB027E5289C,3/19/2025,1,1,1573361.66,2,44.98,19.694,7.346,23.01000023,1.055999994,113.7160034,277727.4375,0.453999996,254.2440033,27.04
CUST_D1ECB94B336AF3E8BB8D739FA6E9E544,PART_F846361051783347FEEA0BB027E5289C,3/20/2025,1,1,1572723.43,6,134.94,59.082,22.038,23.02000046,1.055999994,113.7229996,277754.0313,0.453999996,254.246994,81.12
CUST_D1ECB94B336AF3E8BB8D739FA6E9E544,PART_F846361051783347FEEA0BB027E5289C,3/23/2025,1,1,1576587.72,2,44.98,19.694,7.346,23.04000092,1.057000041,113.7419968,277833.7813,0.453000009,254.253006,27.04
CUST_D1ECB94B336AF3E8BB8D739FA6E9E544,PART_F846361051783347FEEA0BB027E5289C,3/24/2025,1,1,1576697.63,5,112.45,49.235,18.365,23.04000092,1.057000041,113.7480011,277860.3438,0.453000009,254.2550049,67.6
CUST_D1ECB94B336AF3E8BB8D739FA6E9E544,PART_F846361051783347FEEA0BB027E5289C,3/25/2025,1,1,1589458.1,4,89.96,39.388,14.692,23.04999924,1.057000041,113.7549973,277886.9375,0.453000009,254.2579956,54.08
CUST_D1ECB94B336AF3E8BB8D739FA6E9E544,PART_F846361051783347FEEA0BB027E5289C,3/26/2025,1,1,1592614.14,4,89.96,39.388,14.692,23.05999947,1.057000041,113.7610016,277913.5313,0.451999992,254.2599945,54.08
CUST_D1ECB94B336AF3E8BB8D739FA6E9E544,PART_F846361051783347FEEA0BB027E5289C,3/27/2025,1,1,1589913.76,3,67.47,29.541,11.019,23.05999947,1.057000041,113.7679977,277940.0938,0.451999992,254.2619934,40.56
CUST_D1ECB94B336AF3E8BB8D739FA6E9E544,PART_F846361051783347FEEA0BB027E5289C,3/30/2025,1,1,1587260.92,3,67.47,29.541,11.019,23.07999992,1.057999969,113.7870026,278019.8438,0.451000005,254.2689972,40.56
CUST_D1ECB94B336AF3E8BB8D739FA6E9E544,PART_F846361051783347FEEA0BB027E5289C,4/1/2025,1,1,1593759.89,10,224.9,98.47,36.73,23.14999962,1.057999969,113.8000031,278073,0.451000005,254.272995,135.2
CUST_D1ECB94B336AF3E8BB8D739FA6E9E544,PART_F846361051783347FEEA0BB027E5289C,4/3/2025,1,1,1605422.42,3,67.47,29.541,11.019,23.28000069,1.057999969,113.7870026,277973.4063,0.451000005,254.2749939,40.56
CUST_D1ECB94B336AF3E8BB8D739FA6E9E544,PART_F846361051783347FEEA0BB027E5289C,4/4/2025,1,1,1606458.38,1,22.49,9.847,3.673,23.35000038,1.057999969,113.7799988,277923.5938,0.451000005,254.2769928,13.52
CUST_D1ECB94B336AF3E8BB8D739FA6E9E544,PART_F846361051783347FEEA0BB027E5289C,4/9/2025,1,1,1620120.49,10,224.9,98.47,36.73,23.67000008,1.057000041,113.7470016,277674.5938,0.451999992,254.2819977,135.2
CUST_D1ECB94B336AF3E8BB8D739FA6E9E544,PART_F846361051783347FEEA0BB027E5289C,4/10/2025,1,1,1626678.45,13,292.37,128.011,47.749,23.72999954,1.057000041,113.7399979,277624.8125,0.451999992,254.2839966,175.76
CUST_D1ECB94B336AF3E8BB8D739FA6E9E544,PART_F846361051783347FEEA0BB027E5289C,4/15/2025,1,1,1626913.33,6,134.94,59.082,22.038,24.05999947,1.055999994,113.7070007,277375.8125,0.451999992,254.2890015,81.12
CUST_D1ECB94B336AF3E8BB8D739FA6E9E544,PART_F846361051783347FEEA0BB027E5289C,4/22/2025,1,1,1625035.24,8,179.92,78.776,29.384,24.51000023,1.054999948,113.6600037,277027.1875,0.453000009,254.2980042,108.16
CUST_D1ECB94B336AF3E8BB8D739FA6E9E544,PART_F846361051783347FEEA0BB027E5289C,4/24/2025,1,1,1615290.62,7,157.43,68.929,25.711,24.62999916,1.054999948,113.6470032,276927.5938,0.453000009,254.3000031,94.64
CUST_D1ECB94B336AF3E8BB8D739FA6E9E544,PART_F846361051783347FEEA0BB027E5289C,4/30/2025,1,1,1619996.86,1,22.49,16.23,-2.71,25.02000046,1.05400002,113.6070023,276628.8125,0.453999996,254.3070068,13.52
CUST_D1ECB94B336AF3E8BB8D739FA6E9E544,PART_F846361051783347FEEA0BB027E5289C,5/1/2025,1,1,1624527.64,1,22.49,16.23,-2.71,25.54000092,1.05400002,113.5999985,276579,0.453999996,254.3079987,13.52
CUST_D1ECB94B336AF3E8BB8D739FA6E9E544,PART_F846361051783347FEEA0BB027E5289C,5/6/2025,1,1,1624630.26,4,89.96,64.92,-10.84,28.13999939,1.05400002,113.552002,276542.2188,0.453999996,254.3119965,54.08
CUST_D1ECB94B336AF3E8BB8D739FA6E9E544,PART_F846361051783347FEEA0BB027E5289C,5/7/2025,1,1,1623460.29,15,337.35,243.45,-40.65,28.65999985,1.05400002,113.5419998,276534.875,0.453999996,254.3130035,202.8
CUST_D1ECB94B336AF3E8BB8D739FA6E9E544,PART_F846361051783347FEEA0BB027E5289C,5/19/2025,1,1,1639911.44,12,269.88,125.436,36.804,34.90000153,1.052999973,113.4260025,276446.625,0.453000009,254.3220062,162.24
CUST_D1ECB94B336AF3E8BB8D739FA6E9E544,PART_F846361051783347FEEA0BB027E5289C,5/20/2025,1,1,1645886.4,2,44.98,20.906,6.134,35.41999817,1.052999973,113.4160004,276439.25,0.453000009,254.322998,27.04
CUST_D1ECB94B336AF3E8BB8D739FA6E9E544,PART_F846361051783347FEEA0BB027E5289C,5/21/2025,1,1,1638930.79,2,44.98,20.906,6.134,35.93999863,1.052999973,113.4059982,276431.9063,0.453000009,254.322998,27.04
CUST_D1ECB94B336AF3E8BB8D739FA6E9E544,PART_F846361051783347FEEA0BB027E5289C,5/22/2025,1,1,1638411.22,9,202.41,94.077,27.603,36.45999908,1.052999973,113.3970032,276424.5625,0.453000009,254.3240051,121.68
CUST_D1ECB94B336AF3E8BB8D739FA6E9E544,PART_F846361051783347FEEA0BB027E5289C,5/23/2025,1,1,1645775.6,2,44.98,20.906,6.134,36.97999954,1.052999973,113.387001,276417.1875,0.453000009,254.3249969,27.04
CUST_D1ECB94B336AF3E8BB8D739FA6E9E544,PART_F846361051783347FEEA0BB027E5289C,5/27/2025,1,1,1640946.5,7,157.43,73.171,21.469,39.06000137,1.052000046,113.3479996,276387.7813,0.453000009,254.3280029,94.64
CUST_D1ECB94B336AF3E8BB8D739FA6E9E544,PART_F846361051783347FEEA0BB027E5289C,5/28/2025,1,1,1645871.93,4,89.96,41.812,12.268,39.58000183,1.052000046,113.3389969,276380.4063,0.453000009,254.3289948,54.08
CUST_D1ECB94B336AF3E8BB8D739FA6E9E544,PART_F846361051783347FEEA0BB027E5289C,5/29/2025,1,1,1647810.6,2,44.98,20.906,6.134,40.09999847,1.052000046,113.3290024,276373.0625,0.453000009,254.3300018,27.04
CUST_D1ECB94B336AF3E8BB8D739FA6E9E544,PART_F846361051783347FEEA0BB027E5289C,6/1/2025,1,1,1643439.82,6,134.94,62.718,18.402,40.68999863,1.052000046,113.3000031,276351,0.453000009,254.3320007,81.12
CUST_D1ECB94B336AF3E8BB8D739FA6E9E544,PART_F846361051783347FEEA0BB027E5289C,6/3/2025,1,1,1654910.14,2,50.98,20.906,9.934,39.77999878,1.050999999,113.3529968,276445.125,0.451000005,254.3320007,30.84
CUST_D1ECB94B336AF3E8BB8D739FA6E9E544,PART_F846361051783347FEEA0BB027E5289C,6/5/2025,1,1,1663917.01,6,134.94,62.718,29.802,38.88000107,1.049000025,113.4069977,276539.2813,0.449000001,254.3320007,92.52
CUST_D1ECB94B336AF3E8BB8D739FA6E9E544,PART_F846361051783347FEEA0BB027E5289C,6/6/2025,1,1,1667052.27,18,404.82,188.154,89.406,38.43000031,1.049000025,113.4329987,276586.3438,0.448000014,254.3320007,277.56
CUST_D1ECB94B336AF3E8BB8D739FA6E9E544,PART_F846361051783347FEEA0BB027E5289C,6/9/2025,1,1,1660687.87,4,89.96,41.812,19.868,37.06999969,1.047000051,113.5130005,276727.5313,0.444999993,254.3320007,61.68
CUST_D1ECB94B336AF3E8BB8D739FA6E9E544,PART_F846361051783347FEEA0BB027E5289C,6/11/2025,1,1,1671667.82,2,44.98,20.906,9.934,36.15999985,1.046000004,113.5670013,276821.6563,0.442999989,254.3320007,30.84
CUST_D1ECB94B336AF3E8BB8D739FA6E9E544,PART_F846361051783347FEEA0BB027E5289C,6/19/2025,1,1,1665938.45,1,22.49,10.453,4.967,32.54999924,1.041000009,113.7799988,277198.1875,0.433999985,254.3320007,15.42
CUST_D1ECB94B336AF3E8BB8D739FA6E9E544,PART_F846361051783347FEEA0BB027E5289C,6/22/2025,1,1,1665230.74,9,202.41,94.077,44.703,31.19000053,1.039000034,113.8600006,277339.4063,0.430999994,254.3320007,138.78
CUST_D1ECB94B336AF3E8BB8D739FA6E9E544,PART_F846361051783347FEEA0BB027E5289C,6/27/2025,1,1,1679390.63,4,89.96,41.812,19.868,28.93000031,1.036000013,113.9929962,277574.7188,0.425999999,254.3320007,61.68
CUST_D1ECB94B336AF3E8BB8D739FA6E9E544,PART_F846361051783347FEEA0BB027E5289C,6/30/2025,1,1,1673891.45,18,404.82,183.306,94.254,27.56999969,1.034000039,114.072998,277715.9375,0.423000008,254.3320007,277.56
CUST_D1ECB94B336AF3E8BB8D739FA6E9E544,PART_F846361051783347FEEA0BB027E5289C,7/1/2025,1,1,1690468,2,44.98,19.694,11.146,27.45999908,1.032999992,114.0999985,277763,0.421999991,254.3320007,30.84
CUST_D1ECB94B336AF3E8BB8D739FA6E9E544,PART_F846361051783347FEEA0BB027E5289C,7/3/2025,1,1,1739925.51,1,22.49,9.847,5.573,27.23999977,1.031999946,114.1520004,277753,0.421000004,254.3699951,15.42
CUST_D1ECB94B336AF3E8BB8D739FA6E9E544,PART_F846361051783347FEEA0BB027E5289C,7/8/2025,1,1,1745589.58,7,157.43,68.929,39.011,26.69000053,1.029000044,114.2809982,277728,0.416999996,254.4649963,107.94
CUST_D1ECB94B336AF3E8BB8D739FA6E9E544,PART_F846361051783347FEEA0BB027E5289C,7/9/2025,1,1,1745212.1,10,224.9,98.47,55.73,26.57999992,1.029000044,114.3059998,277723,0.416000009,254.4850006,154.2
CUST_D1ECB94B336AF3E8BB8D739FA6E9E544,PART_F846361051783347FEEA0BB027E5289C,7/10/2025,1,1,1742498.45,8,179.92,78.776,44.584,26.46999931,1.027999997,114.3320007,277718,0.416000009,254.5039978,123.36
CUST_D1ECB94B336AF3E8BB8D739FA6E9E544,PART_F846361051783347FEEA0BB027E5289C,7/16/2025,1,1,1746779.65,9,202.41,88.623,50.157,25.79999924,1.024999976,114.4869995,277688,0.411000013,254.6179962,138.78
CUST_D1ECB94B336AF3E8BB8D739FA6E9E544,PART_F846361051783347FEEA0BB027E5289C,7/17/2025,1,1,1748535.57,1,22.49,9.847,5.573,25.69000053,1.024999976,114.5130005,277683,0.411000013,254.6369934,15.42
CUST_D1ECB94B336AF3E8BB8D739FA6E9E544,PART_F846361051783347FEEA0BB027E5289C,7/24/2025,1,1,1759369.35,2,44.98,19.694,11.146,24.92000008,1.021000028,114.6940002,277648,0.405999988,254.7700043,30.84
CUST_D1ECB94B336AF3E8BB8D739FA6E9E544,PART_F846361051783347FEEA0BB027E5289C,7/29/2025,1,1,1769469.35,11,247.39,108.317,61.303,24.37000084,1.019000053,114.822998,277623,0.40200001,254.8659973,169.62
CUST_D1ECB94B336AF3E8BB8D739FA6E9E544,PART_F846361051783347FEEA0BB027E5289C,7/30/2025,1,1,1769762.69,3,67.47,29.541,16.719,24.26000023,1.018000007,114.8479996,277618,0.400999993,254.8849945,46.26
CUST_D1ECB94B336AF3E8BB8D739FA6E9E544,PART_F846361051783347FEEA0BB027E5289C,7/31/2025,1,1,1770545.67,7,157.43,68.929,39.011,24.14999962,1.018000007,114.8740005,277613,0.400999993,254.904007,107.94
CUST_D1ECB94B336AF3E8BB8D739FA6E9E544,PART_F846361051783347FEEA0BB027E5289C,8/5/2025,1,1,1777321.14,10,223.9,98.47,54.93,24.18000031,1.019999981,114.7580032,277677.4063,0.398000002,255.0879974,153.4
CUST_D1ECB94B336AF3E8BB8D739FA6E9E544,PART_F846361051783347FEEA0BB027E5289C,8/6/2025,1,1,1777710.37,7,156.73,68.929,38.451,24.19000053,1.021000028,114.7229996,277694.7813,0.397000015,255.1300049,107.38
CUST_D1ECB94B336AF3E8BB8D739FA6E9E544,PART_F846361051783347FEEA0BB027E5289C,8/7/2025,1,1,1780128.93,4,89.56,39.388,21.972,24.20000076,1.021999955,114.6869965,277712.125,0.397000015,255.1710052,61.36
CUST_D1ECB94B336AF3E8BB8D739FA6E9E544,PART_F846361051783347FEEA0BB027E5289C,8/11/2025,1,1,1777830.27,5,111.95,49.235,27.465,24.21999931,1.024999976,114.5449982,277781.5625,0.395000011,255.3370056,76.7
CUST_D1ECB94B336AF3E8BB8D739FA6E9E544,PART_F846361051783347FEEA0BB027E5289C,8/13/2025,1,1,1782238.08,5,111.95,49.235,27.465,24.22999954,1.02699995,114.473999,277816.25,0.393000007,255.4190063,76.7
CUST_D1ECB94B336AF3E8BB8D739FA6E9E544,PART_F846361051783347FEEA0BB027E5289C,8/18/2025,1,1,1780022.42,2,44.78,19.694,10.986,24.27000046,1.031000018,114.2969971,277903.0313,0.391000003,255.6260071,30.68
CUST_D1ECB94B336AF3E8BB8D739FA6E9E544,PART_F846361051783347FEEA0BB027E5289C,8/21/2025,1,1,1784552.96,10,223.9,98.47,54.93,24.29000092,1.032999992,114.1900024,277955.0938,0.388999999,255.75,153.4
CUST_D1ECB94B336AF3E8BB8D739FA6E9E544,PART_F846361051783347FEEA0BB027E5289C,8/26/2025,1,1,1781706.21,6,134.34,59.082,32.958,24.31999969,1.036999941,114.0130005,278041.875,0.386000007,255.9570007,92.04
CUST_D1ECB94B336AF3E8BB8D739FA6E9E544,PART_F846361051783347FEEA0BB027E5289C,8/27/2025,1,1,1779886.77,10,223.9,98.47,54.93,24.31999969,1.037999988,113.9769974,278059.2188,0.386000007,255.9980011,153.4
CUST_D1ECB94B336AF3E8BB8D739FA6E9E544,PART_F846361051783347FEEA0BB027E5289C,9/2/2025,1,1,1768745.6,10,223.9,98.47,54.93,24.36000061,1.041000009,113.7470016,278129.3125,0.381999999,256.2049866,153.4
CUST_D1ECB94B336AF3E8BB8D739FA6E9E544,PART_F846361051783347FEEA0BB027E5289C,9/3/2025,1,1,1778555.57,12,268.68,118.164,65.916,24.36000061,1.039000034,113.6930008,278112.5938,0.379999995,256.2049866,184.08
CUST_D1ECB94B336AF3E8BB8D739FA6E9E544,PART_F846361051783347FEEA0BB027E5289C,9/4/2025,1,1,1776533.59,9,201.51,88.623,49.437,24.37000084,1.037999988,113.6399994,278095.9063,0.379000008,256.2049866,138.06
CUST_D1ECB94B336AF3E8BB8D739FA6E9E544,PART_F846361051783347FEEA0BB027E5289C,9/9/2025,1,1,1768343.62,6,134.34,59.082,32.958,24.38999939,1.029999971,113.3730011,278012.4063,0.370999992,256.2049866,92.04
CUST_D1ECB94B336AF3E8BB8D739FA6E9E544,PART_F846361051783347FEEA0BB027E5289C,9/10/2025,1,1,1764808.38,7,156.73,68.929,38.451,24.39999962,1.029000044,113.3199997,277995.6875,0.370000005,256.2049866,107.38
CUST_D1ECB94B336AF3E8BB8D739FA6E9E544,PART_F846361051783347FEEA0BB027E5289C,9/12/2025,1,1,1767595.26,9,201.51,88.623,49.437,24.40999985,1.026000023,113.2129974,277962.3125,0.367000014,256.2049866,138.06
CUST_D1ECB94B336AF3E8BB8D739FA6E9E544,PART_F846361051783347FEEA0BB027E5289C,9/16/2025,1,1,1776323.09,4,89.56,39.388,21.972,24.42000008,1.019999981,113,277895.5,0.361000001,256.2049866,61.36
CUST_D1ECB94B336AF3E8BB8D739FA6E9E544,PART_F846361051783347FEEA0BB027E5289C,9/17/2025,1,1,1779004.01,10,223.9,98.47,54.93,24.43000031,1.018000007,112.9469986,277878.8125,0.360000014,256.2049866,153.4
CUST_D1ECB94B336AF3E8BB8D739FA6E9E544,PART_F846361051783347FEEA0BB027E5289C,9/18/2025,1,1,1778192.24,3,67.17,29.541,16.479,24.43000031,1.01699996,112.8929977,277862.0938,0.35800001,256.2049866,46.02
CUST_D1ECB94B336AF3E8BB8D739FA6E9E544,PART_F846361051783347FEEA0BB027E5289C,9/19/2025,1,1,1785269.53,1,22.39,9.847,5.493,24.44000053,1.014999986,112.8399963,277845.4063,0.356999993,256.2049866,15.34
CUST_D1ECB94B336AF3E8BB8D739FA6E9E544,PART_F846361051783347FEEA0BB027E5289C,9/24/2025,1,1,1789727.94,11,246.29,108.317,60.423,24.45999908,1.008000016,112.572998,277761.9063,0.349000007,256.2049866,168.74
CUST_D1ECB94B336AF3E8BB8D739FA6E9E544,PART_F846361051783347FEEA0BB027E5289C,9/29/2025,1,1,1785039.86,1,22.39,9.847,5.493,24.48999977,1,112.3069992,277678.4063,0.342000008,256.2049866,15.34
CUST_D1ECB94B336AF3E8BB8D739FA6E9E544,PART_A275DACB776C28E5F2260A3C3583F6B1,11/22/2023,1,0,1997826.767,2,9.08,3.85,5.23,0,1.082000017,115.3099976,270526.8125,0.48300001,248.3739929,9.08
CUST_D1ECB94B336AF3E8BB8D739FA6E9E544,PART_26833137ECA6E727C0ED32EFAEC82997,3/6/2023,1,0,423640.347,10,52.7,24.17,14.23,0,1.152999997,114.5029984,268896.7188,0.501999974,245.5870056,38.4
CUST_D1ECB94B336AF3E8BB8D739FA6E9E544,PART_26833137ECA6E727C0ED32EFAEC82997,5/31/2023,1,0,1025114.717,10,50.4,25.71,14.79,0,1.148000002,114.1839981,270308.9688,0.535000026,246.7810059,40.5
CUST_D1ECB94B336AF3E8BB8D739FA6E9E544,PART_26833137ECA6E727C0ED32EFAEC82997,7/11/2023,1,0,1289846.257,19,95.76,48.849,28.101,0,1.128999949,114.7450027,270987.5313,0.512000024,247.677002,76.95
CUST_D1ECB94B336AF3E8BB8D739FA6E9E544,PART_26833137ECA6E727C0ED32EFAEC82997,9/26/2023,1,0,1723939.247,10,50.4,25.71,14.79,0,1.116999984,114.2669983,268947.6563,0.474999994,248.1679993,40.5
CUST_D1ECB94B336AF3E8BB8D739FA6E9E544,PART_26833137ECA6E727C0ED32EFAEC82997,2/27/2024,1,0,2014871.1,10,49,24.3,16.2,0,1.113000035,113.1930008,273863.4063,0.48300001,249.923996,40.5
CUST_D1ECB94B336AF3E8BB8D739FA6E9E544,PART_26833137ECA6E727C0ED32EFAEC82997,4/9/2024,1,0,1887770.48,10,49,24.3,8,0,1.09800005,113.5800018,274456.125,0.477999985,249.8289948,32.3
CUST_D1ECB94B336AF3E8BB8D739FA6E9E544,PART_26833137ECA6E727C0ED32EFAEC82997,7/10/2024,1,0,1705688.77,5,24.5,12.15,4,0,1.113000035,113.8320007,273650.625,0.495000005,249.4450073,16.15
CUST_D1ECB94B336AF3E8BB8D739FA6E9E544,PART_26833137ECA6E727C0ED32EFAEC82997,7/15/2024,1,0,1693416.44,5,24.5,12.15,4,0,1.11500001,113.9609985,273802.0625,0.495000005,249.4470062,16.15
CUST_D1ECB94B336AF3E8BB8D739FA6E9E544,PART_26833137ECA6E727C0ED32EFAEC82997,7/22/2024,1,0,1677233.55,10,49,24.3,8,0,1.116999984,114.1419983,274014.0938,0.493999988,249.4490051,32.3
CUST_D1ECB94B336AF3E8BB8D739FA6E9E544,PART_26833137ECA6E727C0ED32EFAEC82997,9/9/2024,1,0,1626882.55,20,98,48.6,16,0,1.095999956,113.3399963,273943.3438,0.476000011,252.5859985,64.6
CUST_D1ECB94B336AF3E8BB8D739FA6E9E544,PART_26833137ECA6E727C0ED32EFAEC82997,12/6/2024,1,0,1589471.24,2,9.8,4.86,1.6,0,0.998000026,112.5189972,276106.3125,0.463,252.7610016,6.46
CUST_D1ECB94B336AF3E8BB8D739FA6E9E544,PART_26833137ECA6E727C0ED32EFAEC82997,1/13/2025,1,0,1573900.66,10,49,24.94,7.36,0,0.992999971,112.7969971,275429.2188,0.463,253.0119934,32.3
CUST_D1ECB94B336AF3E8BB8D739FA6E9E544,PART_26833137ECA6E727C0ED32EFAEC82997,2/27/2025,1,0,1573631.73,10,78.9,26.56,5.74,0,1.05400002,113.6210022,277051.0625,0.456999987,254.1490021,32.3
CUST_D1ECB94B336AF3E8BB8D739FA6E9E544,PART_26833137ECA6E727C0ED32EFAEC82997,3/14/2025,1,0,1579074.23,4,31.56,6.704,9.256,0,1.055999994,113.6839981,277594.5625,0.455000013,254.2339935,15.96
CUST_D1ECB94B336AF3E8BB8D739FA6E9E544,PART_875F83D4C1E0185B862F17EC4716D04A,4/1/2025,1,0,1593759.89,1,28.39,15.967,5.753,0,1.057999969,113.8000031,278073,0.451000005,254.272995,21.72
CUST_D1ECB94B336AF3E8BB8D739FA6E9E544,PART_875F83D4C1E0185B862F17EC4716D04A,8/4/2025,1,0,1767125.37,1,28.99,15.967,5.753,0,1.019000053,114.7939987,277660.0625,0.398000002,255.0469971,21.72
CUST_D1ECB94B336AF3E8BB8D739FA6E9E544,PART_49BC3AEB5BC7A4B6AAB9074E61E8B3BF,1/5/2023,1,1,27425.61,1,12.87,5.248,2.752,0,1.129999995,116.8130035,275148.2813,0.505999982,244.3480072,8
CUST_D1ECB94B336AF3E8BB8D739FA6E9E544,PART_49BC3AEB5BC7A4B6AAB9074E61E8B3BF,1/12/2023,1,1,76622.29,24,315.12,125.952,66.048,0,1.139000058,116.8349991,274051.5625,0.50999999,244.6589966,192
CUST_D1ECB94B336AF3E8BB8D739FA6E9E544,PART_49BC3AEB5BC7A4B6AAB9074E61E8B3BF,1/26/2023,1,1,183063.21,2,26.54,10.496,5.504,0,1.159000039,116.8809967,271858.0625,0.518000007,245.2799988,16
CUST_D1ECB94B336AF3E8BB8D739FA6E9E544,PART_49BC3AEB5BC7A4B6AAB9074E61E8B3BF,1/27/2023,1,1,188052.81,4,53.08,20.992,11.008,0,1.159999967,116.8840027,271701.375,0.518000007,245.3249969,32
CUST_D1ECB94B336AF3E8BB8D739FA6E9E544,PART_49BC3AEB5BC7A4B6AAB9074E61E8B3BF,2/16/2023,1,1,306377.497,0,0,0,0,9.579999924,1.161000013,115.6679993,269637.6563,0.505999982,245.552002,0
CUST_D1ECB94B336AF3E8BB8D739FA6E9E544,PART_49BC3AEB5BC7A4B6AAB9074E61E8B3BF,2/20/2023,1,1,318491.697,10,132.7,52.48,27.52,9.680000305,1.159000039,115.3389969,269296.2188,0.501999974,245.5540009,80
CUST_D1ECB94B336AF3E8BB8D739FA6E9E544,PART_49BC3AEB5BC7A4B6AAB9074E61E8B3BF,2/24/2023,1,1,363139.337,4,53.08,20.992,11.008,9.779999733,1.156999946,115.0110016,268954.7813,0.497999996,245.5549927,32
CUST_D1ECB94B336AF3E8BB8D739FA6E9E544,PART_49BC3AEB5BC7A4B6AAB9074E61E8B3BF,3/21/2023,1,1,529309.197,3,39.81,15.744,8.736,9.659999847,1.148000002,114.2129974,270002.8438,0.529999971,245.6779938,24.48
CUST_D1ECB94B336AF3E8BB8D739FA6E9E544,PART_49BC3AEB5BC7A4B6AAB9074E61E8B3BF,3/29/2023,1,1,616625.927,1,13.27,5.248,2.912,9.579999924,1.144999981,114.0579987,270592.7813,0.545000017,245.7259979,8.16
CUST_D1ECB94B336AF3E8BB8D739FA6E9E544,PART_49BC3AEB5BC7A4B6AAB9074E61E8B3BF,3/31/2023,1,1,630816.217,3,39.81,15.744,8.736,9.56000042,1.144000053,114.0189972,270740.25,0.549000025,245.7380066,24.48
CUST_D1ECB94B336AF3E8BB8D739FA6E9E544,PART_49BC3AEB5BC7A4B6AAB9074E61E8B3BF,4/3/2023,1,1,639273.187,7,92.89,36.736,20.384,9.619999886,1.144999981,113.9800034,270796.2813,0.550000012,245.7649994,57.12
CUST_D1ECB94B336AF3E8BB8D739FA6E9E544,PART_49BC3AEB5BC7A4B6AAB9074E61E8B3BF,4/12/2023,1,1,710021.207,-7,-92.89,-36.736,-20.384,9.789999962,1.15199995,113.8899994,270716.4688,0.546999991,245.8609924,-57.12
CUST_D1ECB94B336AF3E8BB8D739FA6E9E544,PART_49BC3AEB5BC7A4B6AAB9074E61E8B3BF,4/20/2023,1,1,757073.577,4,53.08,19.476,13.164,9.949999809,1.157999992,113.8099976,270645.5313,0.545000017,245.9459991,32.64
CUST_D1ECB94B336AF3E8BB8D739FA6E9E544,PART_49BC3AEB5BC7A4B6AAB9074E61E8B3BF,4/25/2023,1,1,785975.337,8,106.16,38.952,26.328,10.03999996,1.161999941,113.7600021,270601.1875,0.542999983,245.9989929,65.28
CUST_D1ECB94B336AF3E8BB8D739FA6E9E544,PART_49BC3AEB5BC7A4B6AAB9074E61E8B3BF,6/1/2023,1,1,1037590.707,1,13.27,4.869,2.631,10.02000046,1.146999955,114.1999969,270301,0.535000026,246.8049927,7.5
CUST_D1ECB94B336AF3E8BB8D739FA6E9E544,PART_49BC3AEB5BC7A4B6AAB9074E61E8B3BF,7/17/2023,1,1,1321523.727,2,26.54,9.738,5.262,10.27000046,1.133000016,114.5319977,271062.2188,0.513000011,247.6790009,15
CUST_D1ECB94B336AF3E8BB8D739FA6E9E544,PART_F8400FE193854A06AA58390118BCF325,5/1/2023,1,1,818232.187,0,0,0,0,21.5,1.166000009,113.6999969,270548,0.541000009,246.0630035,0
CUST_D1ECB94B336AF3E8BB8D739FA6E9E544,PART_F8400FE193854A06AA58390118BCF325,5/2/2023,1,1,831606.617,5,136,71.84,64.16,21.45000076,1.164999962,113.7160034,270540.0313,0.541000009,246.0870056,136
CUST_D1ECB94B336AF3E8BB8D739FA6E9E544,PART_F8400FE193854A06AA58390118BCF325,7/26/2023,1,1,1388681.087,2,54.4,28.736,25.664,22.82999992,1.139000058,114.2129974,271174.2813,0.513000011,247.6820068,54.4
CUST_D1ECB94B336AF3E8BB8D739FA6E9E544,PART_F8400FE193854A06AA58390118BCF325,12/1/2023,1,1,2030634.637,2,54.4,28.736,25.664,23.09000015,1.077000022,116,270471,0.486999989,248.4129944,54.4
CUST_D1ECB94B336AF3E8BB8D739FA6E9E544,PART_F8400FE193854A06AA58390118BCF325,3/21/2024,1,1,1975516.51,0,0,0,0,39.65000153,1.103000045,113.0999985,274082.8125,0.481000006,249.9620056,0
CUST_D1ECB94B336AF3E8BB8D739FA6E9E544,PART_F8400FE193854A06AA58390118BCF325,3/26/2024,1,1,1936931.28,2,59.58,29.448,30.132,38.81999969,1.100999951,113.0999985,274244.25,0.479999989,249.9700012,59.58
CUST_D1ECB94B336AF3E8BB8D739FA6E9E544,PART_F8400FE193854A06AA58390118BCF325,5/14/2024,1,1,1820336.7,2,59.58,29.448,30.132,29,1.090000033,114.4810028,274403.6875,0.469999999,249.4179993,59.58
CUST_D1ECB94B336AF3E8BB8D739FA6E9E544,PART_F8400FE193854A06AA58390118BCF325,2/26/2025,1,1,1574190.3,3,98.07,40.722,57.348,27.51000023,1.05400002,113.6320038,276952.0938,0.456999987,254.1210022,98.07
CUST_D1ECB94B336AF3E8BB8D739FA6E9E544,PART_F8400FE193854A06AA58390118BCF325,5/7/2025,1,1,1623460.29,2,65.38,27.838,37.542,32.11999893,1.05400002,113.5419998,276534.875,0.453999996,254.3130035,65.38
CUST_D1ECB94B336AF3E8BB8D739FA6E9E544,PART_012C41EC3774276BB02E78F7C0D99F43,1/3/2023,1,1,9918.94,13,176.02,67.34,15.6,0,1.126999974,116.8059998,275461.6563,0.504999995,244.2590027,82.94
CUST_D1ECB94B336AF3E8BB8D739FA6E9E544,PART_012C41EC3774276BB02E78F7C0D99F43,1/4/2023,1,1,16497.79,11,148.94,56.98,13.2,0,1.128000021,116.8099976,275304.9688,0.505999982,244.3029938,70.18
CUST_D1ECB94B336AF3E8BB8D739FA6E9E544,PART_012C41EC3774276BB02E78F7C0D99F43,1/5/2023,1,1,27425.61,24,324.96,124.32,28.8,0,1.129999995,116.8130035,275148.2813,0.505999982,244.3480072,153.12
CUST_D1ECB94B336AF3E8BB8D739FA6E9E544,PART_012C41EC3774276BB02E78F7C0D99F43,1/6/2023,1,1,35144.41,6,81.24,31.08,7.2,0,1.131000042,116.8160019,274991.625,0.507000029,244.3919983,38.28
CUST_D1ECB94B336AF3E8BB8D739FA6E9E544,PART_012C41EC3774276BB02E78F7C0D99F43,1/9/2023,1,1,37824.35,6,81.24,31.08,7.2,0,1.13499999,116.8259964,274521.5938,0.508000016,244.5249939,38.28
CUST_D1ECB94B336AF3E8BB8D739FA6E9E544,PART_012C41EC3774276BB02E78F7C0D99F43,1/10/2023,1,1,46732.25,4,54.16,20.72,4.8,0,1.136000037,116.8290024,274364.9063,0.509000003,244.5700073,25.52
CUST_D1ECB94B336AF3E8BB8D739FA6E9E544,PART_012C41EC3774276BB02E78F7C0D99F43,1/11/2023,1,1,52827.86,14,189.56,72.52,16.8,0,1.138000011,116.8320007,274208.2188,0.509000003,244.6139984,89.32
CUST_D1ECB94B336AF3E8BB8D739FA6E9E544,PART_012C41EC3774276BB02E78F7C0D99F43,1/12/2023,1,1,76622.29,13,176.02,67.34,15.6,0,1.139000058,116.8349991,274051.5625,0.50999999,244.6589966,82.94
CUST_D1ECB94B336AF3E8BB8D739FA6E9E544,PART_012C41EC3774276BB02E78F7C0D99F43,1/13/2023,1,1,88998.15,15,203.1,77.7,18,0,1.141000032,116.8389969,273894.875,0.510999978,244.7030029,95.7
CUST_D1ECB94B336AF3E8BB8D739FA6E9E544,PART_012C41EC3774276BB02E78F7C0D99F43,1/16/2023,1,1,98152.34,6,82.08,31.08,7.2,0,1.144999981,116.8479996,273424.8438,0.512000024,244.8359985,38.28
CUST_D1ECB94B336AF3E8BB8D739FA6E9E544,PART_012C41EC3774276BB02E78F7C0D99F43,1/17/2023,1,1,106995.86,3,41.04,15.54,3.6,0,1.146000028,116.8519974,273268.1563,0.513000011,244.8809967,19.14
CUST_D1ECB94B336AF3E8BB8D739FA6E9E544,PART_012C41EC3774276BB02E78F7C0D99F43,1/18/2023,1,1,113364.72,12,164.16,62.16,14.4,0,1.148000002,116.8550034,273111.4688,0.513000011,244.9250031,76.56
CUST_D1ECB94B336AF3E8BB8D739FA6E9E544,PART_012C41EC3774276BB02E78F7C0D99F43,1/19/2023,1,1,136448.98,2,27.36,10.36,2.4,0,1.149000049,116.8580017,272954.8125,0.513999999,244.9700012,12.76
CUST_D1ECB94B336AF3E8BB8D739FA6E9E544,PART_012C41EC3774276BB02E78F7C0D99F43,1/20/2023,1,1,146871,8,83.36,41.44,9.6,0,1.149999976,116.8610001,272798.125,0.513999999,245.0140076,51.04
CUST_D1ECB94B336AF3E8BB8D739FA6E9E544,PART_012C41EC3774276BB02E78F7C0D99F43,1/23/2023,1,1,153008.81,21,218.82,108.78,25.2,0,1.154999971,116.8710022,272328.0938,0.515999973,245.1470032,133.98
CUST_D1ECB94B336AF3E8BB8D739FA6E9E544,PART_012C41EC3774276BB02E78F7C0D99F43,1/24/2023,1,1,167320.08,8,83.36,41.44,9.6,0,1.156000018,116.8740005,272171.4063,0.51700002,245.1920013,51.04
CUST_D1ECB94B336AF3E8BB8D739FA6E9E544,PART_012C41EC3774276BB02E78F7C0D99F43,1/25/2023,1,1,172722.19,8,83.36,41.44,9.6,0,1.156999946,116.8769989,272014.75,0.51700002,245.2359924,51.04
CUST_D1ECB94B336AF3E8BB8D739FA6E9E544,PART_012C41EC3774276BB02E78F7C0D99F43,1/26/2023,1,1,183063.21,4,41.68,20.72,4.8,0,1.159000039,116.8809967,271858.0625,0.518000007,245.2799988,25.52
CUST_D1ECB94B336AF3E8BB8D739FA6E9E544,PART_012C41EC3774276BB02E78F7C0D99F43,1/27/2023,1,1,188052.81,3,31.26,15.54,3.6,0,1.159999967,116.8840027,271701.375,0.518000007,245.3249969,19.14
CUST_D1ECB94B336AF3E8BB8D739FA6E9E544,PART_012C41EC3774276BB02E78F7C0D99F43,1/30/2023,1,1,199366.24,10,104.2,51.8,12,0,1.164000034,116.8939972,271231.3438,0.519999981,245.4579926,63.8
CUST_D1ECB94B336AF3E8BB8D739FA6E9E544,PART_012C41EC3774276BB02E78F7C0D99F43,1/31/2023,1,1,206209.82,3,31.26,15.54,3.6,14.01000023,1.166000009,116.8970032,271074.6875,0.519999981,245.503006,19.14
CUST_D1ECB94B336AF3E8BB8D739FA6E9E544,PART_012C41EC3774276BB02E78F7C0D99F43,2/1/2023,1,1,213524.98,8,83.36,41.44,9.6,13.97999954,1.167000055,116.9000015,270918,0.521000028,245.5469971,51.04
CUST_D1ECB94B336AF3E8BB8D739FA6E9E544,PART_012C41EC3774276BB02E78F7C0D99F43,2/2/2023,1,1,221456.7,5,52.1,25.9,6,13.93999958,1.167000055,116.8180008,270832.6563,0.519999981,245.5469971,31.9
CUST_D1ECB94B336AF3E8BB8D739FA6E9E544,PART_012C41EC3774276BB02E78F7C0D99F43,2/3/2023,1,1,228911.02,2,20.84,10.36,2.4,13.90999985,1.166000009,116.7360001,270747.2813,0.518999994,245.5480042,12.76
CUST_D1ECB94B336AF3E8BB8D739FA6E9E544,PART_012C41EC3774276BB02E78F7C0D99F43,2/6/2023,1,1,239800.2,10,104.2,51.8,12,13.81000042,1.164999962,116.4889984,270491.2188,0.515999973,245.548996,63.8
CUST_D1ECB94B336AF3E8BB8D739FA6E9E544,PART_012C41EC3774276BB02E78F7C0D99F43,2/7/2023,1,1,250002.12,5,52.1,25.9,6,13.77999973,1.164000034,116.4069977,270405.8438,0.514999986,245.548996,31.9
CUST_D1ECB94B336AF3E8BB8D739FA6E9E544,PART_012C41EC3774276BB02E78F7C0D99F43,2/8/2023,1,1,258408.1,15,156.3,77.7,18,13.75,1.164000034,116.3249969,270320.5,0.513999999,245.5500031,95.7
CUST_D1ECB94B336AF3E8BB8D739FA6E9E544,PART_012C41EC3774276BB02E78F7C0D99F43,2/9/2023,1,1,265742.297,18,187.56,93.24,21.6,13.71000004,1.164000034,116.2429962,270235.1563,0.513000011,245.5500031,114.84
CUST_D1ECB94B336AF3E8BB8D739FA6E9E544,PART_012C41EC3774276BB02E78F7C0D99F43,2/10/2023,1,1,276467.577,10,104.2,51.8,12,13.68000031,1.162999988,116.1610031,270149.7813,0.512000024,245.5500031,63.8
CUST_D1ECB94B336AF3E8BB8D739FA6E9E544,PART_012C41EC3774276BB02E78F7C0D99F43,2/13/2023,1,1,285451.637,8,83.36,41.44,9.6,13.57999992,1.161999941,115.9140015,269893.7188,0.509000003,245.5509949,51.04
CUST_D1ECB94B336AF3E8BB8D739FA6E9E544,PART_012C41EC3774276BB02E78F7C0D99F43,2/14/2023,1,1,292426.267,4,41.68,20.72,4.8,13.55000019,1.161000013,115.8320007,269808.3438,0.508000016,245.552002,25.52
CUST_D1ECB94B336AF3E8BB8D739FA6E9E544,PART_012C41EC3774276BB02E78F7C0D99F43,2/15/2023,1,1,299306.927,2,20.84,10.36,2.4,13.52000046,1.161000013,115.75,269723,0.507000029,245.552002,12.76
CUST_D1ECB94B336AF3E8BB8D739FA6E9E544,PART_012C41EC3774276BB02E78F7C0D99F43,2/16/2023,1,1,306377.497,11,114.62,56.98,13.2,13.47999954,1.161000013,115.6679993,269637.6563,0.505999982,245.552002,70.18
CUST_D1ECB94B336AF3E8BB8D739FA6E9E544,PART_012C41EC3774276BB02E78F7C0D99F43,2/20/2023,1,1,318491.697,15,156.3,77.7,18,13.35000038,1.159000039,115.3389969,269296.2188,0.501999974,245.5540009,95.7
CUST_D1ECB94B336AF3E8BB8D739FA6E9E544,PART_012C41EC3774276BB02E78F7C0D99F43,2/21/2023,1,1,330931.447,9,93.78,46.62,10.8,13.31999969,1.157999992,115.2570038,269210.8438,0.500999987,245.5540009,57.42
CUST_D1ECB94B336AF3E8BB8D739FA6E9E544,PART_012C41EC3774276BB02E78F7C0D99F43,2/22/2023,1,1,339376.287,2,20.84,10.36,2.4,13.28999996,1.157999992,115.1750031,269125.5,0.5,245.5549927,12.76
CUST_D1ECB94B336AF3E8BB8D739FA6E9E544,PART_012C41EC3774276BB02E78F7C0D99F43,2/23/2023,1,1,356038.767,3,31.26,15.54,3.6,13.25,1.157999992,115.0930023,269040.1563,0.499000013,245.5549927,19.14
CUST_D1ECB94B336AF3E8BB8D739FA6E9E544,PART_012C41EC3774276BB02E78F7C0D99F43,2/24/2023,1,1,363139.337,7,72.94,36.26,8.4,13.22000027,1.156999946,115.0110016,268954.7813,0.497999996,245.5549927,44.66
CUST_D1ECB94B336AF3E8BB8D739FA6E9E544,PART_012C41EC3774276BB02E78F7C0D99F43,2/27/2023,1,1,376396.737,11,114.62,56.98,13.2,13.11999989,1.156000018,114.7639999,268698.7188,0.495000005,245.5559998,70.18
CUST_D1ECB94B336AF3E8BB8D739FA6E9E544,PART_012C41EC3774276BB02E78F7C0D99F43,2/28/2023,1,1,381141.127,9,93.78,46.62,11.97,13.09000015,1.154999971,114.6819992,268613.3438,0.493999988,245.5570068,58.59
CUST_D1ECB94B336AF3E8BB8D739FA6E9E544,PART_012C41EC3774276BB02E78F7C0D99F43,3/1/2023,1,1,389794.357,16,166.72,82.88,21.28,13.11999989,1.154999971,114.5999985,268528,0.493000001,245.5570068,104.16
CUST_D1ECB94B336AF3E8BB8D739FA6E9E544,PART_012C41EC3774276BB02E78F7C0D99F43,3/2/2023,1,1,398944.627,5,52.1,25.9,6.65,13.14999962,1.154999971,114.5810013,268601.75,0.495000005,245.5630035,32.55
CUST_D1ECB94B336AF3E8BB8D739FA6E9E544,PART_012C41EC3774276BB02E78F7C0D99F43,3/6/2023,1,1,423640.347,2,20.84,10.36,2.66,13.27999973,1.152999997,114.5029984,268896.7188,0.501999974,245.5870056,13.02
CUST_D1ECB94B336AF3E8BB8D739FA6E9E544,PART_012C41EC3774276BB02E78F7C0D99F43,3/8/2023,1,1,439620.167,4,41.68,20.72,5.32,13.34000015,1.152999997,114.4649963,269044.1875,0.505999982,245.598999,26.04
CUST_D1ECB94B336AF3E8BB8D739FA6E9E544,PART_012C41EC3774276BB02E78F7C0D99F43,3/10/2023,1,1,463221.557,5,52.1,25.9,6.65,13.39999962,1.15199995,114.4260025,269191.6875,0.50999999,245.6109924,32.55
CUST_D1ECB94B336AF3E8BB8D739FA6E9E544,PART_012C41EC3774276BB02E78F7C0D99F43,3/13/2023,1,1,469886.037,5,52.1,25.9,6.65,13.48999977,1.151000023,114.3679962,269412.9063,0.514999986,245.6289978,32.55
CUST_D1ECB94B336AF3E8BB8D739FA6E9E544,PART_012C41EC3774276BB02E78F7C0D99F43,3/14/2023,1,1,478526.167,7,72.94,36.26,9.31,13.52000046,1.149999976,114.3479996,269486.6563,0.51700002,245.6349945,45.57
CUST_D1ECB94B336AF3E8BB8D739FA6E9E544,PART_012C41EC3774276BB02E78F7C0D99F43,3/15/2023,1,1,485130.857,18,187.56,93.24,23.94,13.55000019,1.149999976,114.3290024,269560.375,0.518999994,245.6410065,117.18
CUST_D1ECB94B336AF3E8BB8D739FA6E9E544,PART_012C41EC3774276BB02E78F7C0D99F43,3/16/2023,1,1,493721.117,7,72.94,36.26,9.31,13.59000015,1.149999976,114.3099976,269634.125,0.521000028,245.6470032,45.57
CUST_D1ECB94B336AF3E8BB8D739FA6E9E544,PART_012C41EC3774276BB02E78F7C0D99F43,3/17/2023,1,1,500289.687,4,41.68,20.72,5.32,13.61999989,1.149000049,114.2900009,269707.875,0.523000002,245.654007,26.04
CUST_D1ECB94B336AF3E8BB8D739FA6E9E544,PART_012C41EC3774276BB02E78F7C0D99F43,3/20/2023,1,1,517052.257,11,114.62,56.98,14.63,13.71000004,1.148000002,114.2320023,269929.0938,0.528999984,245.6719971,71.61
CUST_D1ECB94B336AF3E8BB8D739FA6E9E544,PART_012C41EC3774276BB02E78F7C0D99F43,3/21/2023,1,1,529309.197,2,20.84,10.36,2.66,13.73999977,1.148000002,114.2129974,270002.8438,0.529999971,245.6779938,13.02
CUST_D1ECB94B336AF3E8BB8D739FA6E9E544,PART_012C41EC3774276BB02E78F7C0D99F43,3/22/2023,1,1,540794.767,8,83.36,41.44,10.64,13.77000046,1.148000002,114.1940002,270076.5938,0.532000005,245.6840057,52.08
CUST_D1ECB94B336AF3E8BB8D739FA6E9E544,PART_012C41EC3774276BB02E78F7C0D99F43,3/23/2023,1,1,560298.447,2,20.84,10.36,2.66,13.80000019,1.146999955,114.1740036,270150.3125,0.533999979,245.6900024,13.02
CUST_D1ECB94B336AF3E8BB8D739FA6E9E544,PART_012C41EC3774276BB02E78F7C0D99F43,3/27/2023,1,1,590473.127,11,114.62,56.98,14.63,13.93000031,1.146000028,114.0970001,270445.2813,0.541999996,245.7140045,71.61
CUST_D1ECB94B336AF3E8BB8D739FA6E9E544,PART_012C41EC3774276BB02E78F7C0D99F43,3/28/2023,1,1,601049.737,6,62.52,31.08,7.98,13.96000004,1.144999981,114.0770035,270519.0313,0.54400003,245.7200012,39.06
CUST_D1ECB94B336AF3E8BB8D739FA6E9E544,PART_012C41EC3774276BB02E78F7C0D99F43,3/29/2023,1,1,616625.927,4,41.68,20.72,5.32,13.98999977,1.144999981,114.0579987,270592.7813,0.545000017,245.7259979,26.04
CUST_D1ECB94B336AF3E8BB8D739FA6E9E544,PART_012C41EC3774276BB02E78F7C0D99F43,3/30/2023,1,1,621113.477,7,72.94,36.26,9.31,14.02000046,1.144999981,114.0390015,270666.5313,0.546999991,245.7319946,45.57
CUST_D1ECB94B336AF3E8BB8D739FA6E9E544,PART_012C41EC3774276BB02E78F7C0D99F43,3/31/2023,1,1,630816.217,2,20.84,10.36,2.66,14.05000019,1.144000053,114.0189972,270740.25,0.549000025,245.7380066,13.02
CUST_D1ECB94B336AF3E8BB8D739FA6E9E544,PART_012C41EC3774276BB02E78F7C0D99F43,4/3/2023,1,1,639273.187,23,239.66,119.14,30.59,14.01000023,1.144999981,113.9800034,270796.2813,0.550000012,245.7649994,149.73
CUST_D1ECB94B336AF3E8BB8D739FA6E9E544,PART_012C41EC3774276BB02E78F7C0D99F43,4/4/2023,1,1,650476.277,3,31.26,15.54,3.99,14,1.146000028,113.9700012,270787.4063,0.550000012,245.776001,19.53
CUST_D1ECB94B336AF3E8BB8D739FA6E9E544,PART_012C41EC3774276BB02E78F7C0D99F43,4/5/2023,1,1,660638.337,2,20.84,10.36,2.66,13.98999977,1.146999955,113.9599991,270778.5313,0.550000012,245.7870026,13.02
CUST_D1ECB94B336AF3E8BB8D739FA6E9E544,PART_012C41EC3774276BB02E78F7C0D99F43,4/6/2023,1,1,672674.087,5,52.1,25.9,6.65,13.97000027,1.148000002,113.9499969,270769.6563,0.549000025,245.7969971,32.55
CUST_D1ECB94B336AF3E8BB8D739FA6E9E544,PART_012C41EC3774276BB02E78F7C0D99F43,4/7/2023,1,1,681827.487,42,437.64,217.56,55.86,13.96000004,1.148000002,113.9400024,270760.8125,0.549000025,245.8079987,273.42
CUST_D1ECB94B336AF3E8BB8D739FA6E9E544,PART_012C41EC3774276BB02E78F7C0D99F43,4/10/2023,1,1,693791.097,6,64.68,31.08,7.98,13.92000008,1.151000023,113.9100037,270734.1875,0.547999978,245.8399963,39.06
CUST_D1ECB94B336AF3E8BB8D739FA6E9E544,PART_012C41EC3774276BB02E78F7C0D99F43,4/11/2023,1,1,703637.507,7,75.46,36.26,9.31,13.90999985,1.151000023,113.9000015,270725.3438,0.547999978,245.8500061,45.57
CUST_D1ECB94B336AF3E8BB8D739FA6E9E544,PART_012C41EC3774276BB02E78F7C0D99F43,4/12/2023,1,1,710021.207,7,75.46,36.26,9.31,13.89000034,1.15199995,113.8899994,270716.4688,0.546999991,245.8609924,45.57
CUST_D1ECB94B336AF3E8BB8D739FA6E9E544,PART_012C41EC3774276BB02E78F7C0D99F43,4/13/2023,1,1,721264.937,7,75.46,36.26,9.31,13.88000011,1.152999997,113.8799973,270707.5938,0.546999991,245.871994,45.57
CUST_D1ECB94B336AF3E8BB8D739FA6E9E544,PART_012C41EC3774276BB02E78F7C0D99F43,4/14/2023,1,1,729807.437,6,64.68,31.08,7.98,13.86999989,1.154000044,113.8700027,270698.7188,0.546999991,245.8820038,39.06
CUST_D1ECB94B336AF3E8BB8D739FA6E9E544,PART_012C41EC3774276BB02E78F7C0D99F43,4/17/2023,1,1,741363.117,5,53.9,26.805,5.745,13.82999992,1.156000018,113.8399963,270672.125,0.546000004,245.9140015,32.55
CUST_D1ECB94B336AF3E8BB8D739FA6E9E544,PART_012C41EC3774276BB02E78F7C0D99F43,4/18/2023,1,1,745358.687,6,64.68,32.166,6.894,13.81999969,1.156000018,113.8300018,270663.2813,0.545000017,245.9250031,39.06
CUST_D1ECB94B336AF3E8BB8D739FA6E9E544,PART_012C41EC3774276BB02E78F7C0D99F43,4/19/2023,1,1,748518.987,10,107.8,53.61,11.49,13.80000019,1.156999946,113.8199997,270654.4063,0.545000017,245.9349976,65.1
CUST_D1ECB94B336AF3E8BB8D739FA6E9E544,PART_012C41EC3774276BB02E78F7C0D99F43,4/20/2023,1,1,757073.577,6,64.68,32.166,6.894,13.78999996,1.157999992,113.8099976,270645.5313,0.545000017,245.9459991,39.06
CUST_D1ECB94B336AF3E8BB8D739FA6E9E544,PART_012C41EC3774276BB02E78F7C0D99F43,4/21/2023,1,1,764988.947,5,53.9,26.805,5.745,13.77999973,1.159000039,113.8000031,270636.6563,0.54400003,245.9570007,32.55
CUST_D1ECB94B336AF3E8BB8D739FA6E9E544,PART_012C41EC3774276BB02E78F7C0D99F43,4/24/2023,1,1,774105.157,24,258.72,128.664,27.576,13.73999977,1.161000013,113.7699966,270610.0625,0.542999983,245.9889984,156.24
CUST_D1ECB94B336AF3E8BB8D739FA6E9E544,PART_012C41EC3774276BB02E78F7C0D99F43,4/25/2023,1,1,785975.337,0,0,0,0,13.72000027,1.161999941,113.7600021,270601.1875,0.542999983,245.9989929,0
CUST_D1ECB94B336AF3E8BB8D739FA6E9E544,PART_012C41EC3774276BB02E78F7C0D99F43,4/26/2023,1,1,791291.597,11,118.58,58.971,12.639,13.71000004,1.161999941,113.75,270592.3438,0.542999983,246.0099945,71.61
CUST_D1ECB94B336AF3E8BB8D739FA6E9E544,PART_012C41EC3774276BB02E78F7C0D99F43,4/27/2023,1,1,803652.237,1,10.78,5.361,1.149,13.69999981,1.162999988,113.7399979,270583.4688,0.541999996,246.0200043,6.51
CUST_D1ECB94B336AF3E8BB8D739FA6E9E544,PART_012C41EC3774276BB02E78F7C0D99F43,4/28/2023,1,1,809297.577,12,129.36,64.332,13.788,13.68999958,1.164000034,113.7300034,270574.5938,0.541999996,246.0310059,78.12
CUST_D1ECB94B336AF3E8BB8D739FA6E9E544,PART_012C41EC3774276BB02E78F7C0D99F43,5/1/2023,1,1,818232.187,19,204.82,101.859,21.831,13.67000008,1.166000009,113.6999969,270548,0.541000009,246.0630035,123.69
CUST_D1ECB94B336AF3E8BB8D739FA6E9E544,PART_012C41EC3774276BB02E78F7C0D99F43,5/2/2023,1,1,831606.617,2,21.56,10.722,2.298,13.68999958,1.164999962,113.7160034,270540.0313,0.541000009,246.0870056,13.02
CUST_D1ECB94B336AF3E8BB8D739FA6E9E544,PART_012C41EC3774276BB02E78F7C0D99F43,5/3/2023,1,1,841100.097,4,43.12,21.444,4.596,13.69999981,1.164999962,113.7320023,270532.0625,0.541000009,246.1109924,26.04
CUST_D1ECB94B336AF3E8BB8D739FA6E9E544,PART_012C41EC3774276BB02E78F7C0D99F43,5/4/2023,1,1,852534.347,8,86.24,42.888,9.192,13.71000004,1.164000034,113.7480011,270524.0938,0.540000021,246.1349945,52.08
CUST_D1ECB94B336AF3E8BB8D739FA6E9E544,PART_012C41EC3774276BB02E78F7C0D99F43,5/5/2023,1,1,864683.137,5,53.9,26.805,5.745,13.72000027,1.164000034,113.7649994,270516.125,0.540000021,246.1589966,32.55
CUST_D1ECB94B336AF3E8BB8D739FA6E9E544,PART_012C41EC3774276BB02E78F7C0D99F43,5/6/2023,1,1,871564.317,2,21.56,10.722,2.298,13.73999977,1.162999988,113.7809982,270508.1563,0.540000021,246.1829987,13.02
CUST_D1ECB94B336AF3E8BB8D739FA6E9E544,PART_012C41EC3774276BB02E78F7C0D99F43,5/8/2023,1,1,871682.977,8,86.24,42.888,9.192,13.76000023,1.161999941,113.8130035,270492.2188,0.540000021,246.2310028,52.08
CUST_D1ECB94B336AF3E8BB8D739FA6E9E544,PART_012C41EC3774276BB02E78F7C0D99F43,5/9/2023,1,1,884574.177,3,32.34,16.083,3.447,13.77999973,1.161000013,113.8290024,270484.25,0.538999975,246.2539978,19.53
CUST_D1ECB94B336AF3E8BB8D739FA6E9E544,PART_012C41EC3774276BB02E78F7C0D99F43,5/10/2023,1,1,890586.557,0,-7.11E-15,0,0,13.78999996,1.159999967,113.8450012,270476.2813,0.538999975,246.2779999,0
CUST_D1ECB94B336AF3E8BB8D739FA6E9E544,PART_012C41EC3774276BB02E78F7C0D99F43,5/11/2023,1,1,897779.137,4,43.12,21.444,4.596,13.80000019,1.159999967,113.8610001,270468.3125,0.538999975,246.302002,26.04
CUST_D1ECB94B336AF3E8BB8D739FA6E9E544,PART_012C41EC3774276BB02E78F7C0D99F43,5/12/2023,1,1,903862.687,8,86.24,42.888,9.192,13.81000042,1.159000039,113.8769989,270460.3438,0.538999975,246.326004,52.08
CUST_D1ECB94B336AF3E8BB8D739FA6E9E544,PART_012C41EC3774276BB02E78F7C0D99F43,5/15/2023,1,1,919175.437,11,118.58,58.971,12.639,13.85000038,1.156999946,113.9260025,270436.4375,0.537999988,246.397995,71.61
CUST_D1ECB94B336AF3E8BB8D739FA6E9E544,PART_012C41EC3774276BB02E78F7C0D99F43,5/16/2023,1,1,929487.727,1,10.78,5.361,1.149,13.86999989,1.156999946,113.9420013,270428.4688,0.537999988,246.4219971,6.51
CUST_D1ECB94B336AF3E8BB8D739FA6E9E544,PART_012C41EC3774276BB02E78F7C0D99F43,5/17/2023,1,1,942354.877,5,53.9,26.805,5.745,13.88000011,1.156000018,113.9580002,270420.5313,0.537999988,246.4459991,32.55
CUST_D1ECB94B336AF3E8BB8D739FA6E9E544,PART_012C41EC3774276BB02E78F7C0D99F43,5/18/2023,1,1,953982.157,12,129.36,64.332,13.788,13.89000034,1.156000018,113.973999,270412.5625,0.537999988,246.4700012,78.12
CUST_D1ECB94B336AF3E8BB8D739FA6E9E544,PART_012C41EC3774276BB02E78F7C0D99F43,5/19/2023,1,1,959818.887,1,10.78,5.361,1.149,13.90999985,1.154999971,113.9899979,270404.5938,0.537999988,246.4940033,6.51
CUST_D1ECB94B336AF3E8BB8D739FA6E9E544,PART_012C41EC3774276BB02E78F7C0D99F43,5/22/2023,1,1,974094.537,14,150.92,75.054,16.086,13.93999958,1.152999997,114.0390015,270380.6875,0.537,246.5659943,91.14
CUST_D1ECB94B336AF3E8BB8D739FA6E9E544,PART_012C41EC3774276BB02E78F7C0D99F43,5/23/2023,1,1,990591.857,3,32.34,16.083,3.447,13.96000004,1.152999997,114.0550003,270372.7188,0.537,246.5899963,19.53
CUST_D1ECB94B336AF3E8BB8D739FA6E9E544,PART_012C41EC3774276BB02E78F7C0D99F43,5/24/2023,1,1,998600.267,5,53.9,26.805,5.745,13.97000027,1.15199995,114.0709991,270364.75,0.537,246.6139984,32.55
CUST_D1ECB94B336AF3E8BB8D739FA6E9E544,PART_012C41EC3774276BB02E78F7C0D99F43,5/25/2023,1,1,1005224.037,2,21.56,10.722,2.758,13.97999954,1.151000023,114.086998,270356.7813,0.536000013,246.6369934,13.48
CUST_D1ECB94B336AF3E8BB8D739FA6E9E544,PART_012C41EC3774276BB02E78F7C0D99F43,5/26/2023,1,1,1011449.757,10,107.8,53.61,13.79,14,1.151000023,114.1029968,270348.8125,0.536000013,246.6609955,67.4
CUST_D1ECB94B336AF3E8BB8D739FA6E9E544,PART_012C41EC3774276BB02E78F7C0D99F43,5/30/2023,1,1,1016295.197,7,75.46,37.527,9.653,14.05000019,1.148000002,114.1679993,270316.9375,0.535000026,246.7570038,47.18
CUST_D1ECB94B336AF3E8BB8D739FA6E9E544,PART_012C41EC3774276BB02E78F7C0D99F43,5/31/2023,1,1,1025114.717,10,107.8,53.61,13.79,14.06000042,1.148000002,114.1839981,270308.9688,0.535000026,246.7810059,67.4
CUST_D1ECB94B336AF3E8BB8D739FA6E9E544,PART_012C41EC3774276BB02E78F7C0D99F43,6/1/2023,1,1,1037590.707,3,32.34,16.083,4.137,14.05000019,1.146999955,114.1999969,270301,0.535000026,246.8049927,20.22
CUST_D1ECB94B336AF3E8BB8D739FA6E9E544,PART_012C41EC3774276BB02E78F7C0D99F43,6/2/2023,1,1,1045514.537,3,32.34,16.083,4.137,14.03999996,1.146000028,114.2300034,270319.7188,0.533999979,246.8339996,20.22
CUST_D1ECB94B336AF3E8BB8D739FA6E9E544,PART_012C41EC3774276BB02E78F7C0D99F43,6/5/2023,1,1,1049781.457,7,75.46,37.527,9.653,14.02000046,1.144000053,114.3199997,270375.9375,0.532000005,246.9210052,47.18
CUST_D1ECB94B336AF3E8BB8D739FA6E9E544,PART_012C41EC3774276BB02E78F7C0D99F43,6/6/2023,1,1,1059403.007,11,118.58,58.971,15.169,14.01000023,1.143000007,114.3499985,270394.6563,0.531000018,246.9499969,74.14
CUST_D1ECB94B336AF3E8BB8D739FA6E9E544,PART_012C41EC3774276BB02E78F7C0D99F43,6/7/2023,1,1,1070030.027,6,64.68,32.166,8.274,14.01000023,1.14199996,114.3799973,270413.4063,0.529999971,246.9790039,40.44
CUST_D1ECB94B336AF3E8BB8D739FA6E9E544,PART_012C41EC3774276BB02E78F7C0D99F43,6/8/2023,1,1,1082211.507,4,43.12,21.444,5.516,14,1.141000032,114.4100037,270432.125,0.528999984,247.0079956,26.96
CUST_D1ECB94B336AF3E8BB8D739FA6E9E544,PART_012C41EC3774276BB02E78F7C0D99F43,6/9/2023,1,1,1092419.657,7,75.46,37.527,9.653,13.98999977,1.139999986,114.4400024,270450.875,0.528999984,247.0370026,47.18
CUST_D1ECB94B336AF3E8BB8D739FA6E9E544,PART_012C41EC3774276BB02E78F7C0D99F43,6/12/2023,1,1,1101746.637,8,86.24,42.888,11.032,13.97000027,1.138000011,114.5299988,270507.0625,0.526000023,247.1239929,53.92
CUST_D1ECB94B336AF3E8BB8D739FA6E9E544,PART_012C41EC3774276BB02E78F7C0D99F43,6/13/2023,1,1,1115001.927,14,150.92,75.054,19.306,13.96000004,1.136999965,114.5599976,270525.8125,0.524999976,247.1529999,94.36
CUST_D1ECB94B336AF3E8BB8D739FA6E9E544,PART_012C41EC3774276BB02E78F7C0D99F43,6/14/2023,1,1,1124058.947,2,21.56,10.722,2.758,13.94999981,1.136000037,114.5899963,270544.5313,0.524999976,247.1820068,13.48
CUST_D1ECB94B336AF3E8BB8D739FA6E9E544,PART_012C41EC3774276BB02E78F7C0D99F43,6/15/2023,1,1,1131314.747,6,64.68,32.166,8.274,13.93999958,1.13499999,114.6200027,270563.2813,0.523999989,247.2109985,40.44
CUST_D1ECB94B336AF3E8BB8D739FA6E9E544,PART_012C41EC3774276BB02E78F7C0D99F43,6/16/2023,1,1,1145073.507,18,194.04,96.498,24.822,13.93999958,1.13499999,114.6500015,270582,0.523000002,247.2400055,121.32
CUST_D1ECB94B336AF3E8BB8D739FA6E9E544,PART_012C41EC3774276BB02E78F7C0D99F43,6/19/2023,1,1,1151906.107,12,129.36,64.332,16.548,13.90999985,1.131999969,114.7399979,270638.1875,0.521000028,247.326004,80.88
CUST_D1ECB94B336AF3E8BB8D739FA6E9E544,PART_012C41EC3774276BB02E78F7C0D99F43,6/20/2023,1,1,1162960.097,3,32.34,16.083,4.137,13.90999985,1.131000042,114.7699966,270656.9375,0.519999981,247.3549957,20.22
CUST_D1ECB94B336AF3E8BB8D739FA6E9E544,PART_012C41EC3774276BB02E78F7C0D99F43,6/21/2023,1,1,1175542.197,1,10.78,5.361,1.379,13.89999962,1.129999995,114.8000031,270675.6563,0.518999994,247.3840027,6.74
CUST_D1ECB94B336AF3E8BB8D739FA6E9E544,PART_012C41EC3774276BB02E78F7C0D99F43,6/22/2023,1,1,1182879.617,7,75.46,37.527,9.653,13.89000034,1.129999995,114.8300018,270694.4063,0.518000007,247.4129944,47.18
CUST_D1ECB94B336AF3E8BB8D739FA6E9E544,PART_012C41EC3774276BB02E78F7C0D99F43,6/23/2023,1,1,1193015.927,8,86.24,42.888,11.032,13.88000011,1.128999949,114.8600006,270713.125,0.51700002,247.4420013,53.92
CUST_D1ECB94B336AF3E8BB8D739FA6E9E544,PART_012C41EC3774276BB02E78F7C0D99F43,6/26/2023,1,1,1196948.767,12,129.36,64.332,16.548,13.85999966,1.126000047,114.9499969,270769.3438,0.514999986,247.529007,80.88
CUST_D1ECB94B336AF3E8BB8D739FA6E9E544,PART_012C41EC3774276BB02E78F7C0D99F43,6/27/2023,1,1,1204844.647,10,107.8,53.61,13.79,13.85000038,1.125,114.9800034,270788.0625,0.513999999,247.5579987,67.4
CUST_D1ECB94B336AF3E8BB8D739FA6E9E544,PART_012C41EC3774276BB02E78F7C0D99F43,6/28/2023,1,1,1216505.967,5,53.9,26.805,6.895,13.85000038,1.125,115.0100021,270806.8125,0.513000011,247.5870056,33.7
CUST_D1ECB94B336AF3E8BB8D739FA6E9E544,PART_012C41EC3774276BB02E78F7C0D99F43,6/30/2023,1,1,1241222.127,11,118.58,58.971,15.169,13.82999992,1.123000026,115.0699997,270844.2813,0.512000024,247.6450043,74.14
CUST_D1ECB94B336AF3E8BB8D739FA6E9E544,PART_012C41EC3774276BB02E78F7C0D99F43,7/5/2023,1,1,1249114.517,18,194.04,96.498,24.822,13.89000034,1.125,114.9580002,270912.8125,0.510999978,247.6750031,121.32
CUST_D1ECB94B336AF3E8BB8D739FA6E9E544,PART_012C41EC3774276BB02E78F7C0D99F43,7/6/2023,1,1,1261988.867,3,32.34,16.083,4.137,13.90999985,1.125,114.9229965,270925.25,0.510999978,247.6759949,20.22
CUST_D1ECB94B336AF3E8BB8D739FA6E9E544,PART_012C41EC3774276BB02E78F7C0D99F43,7/7/2023,1,1,1277641.927,10,107.8,53.61,13.79,13.92000008,1.126000047,114.887001,270937.7188,0.512000024,247.6759949,67.4
CUST_D1ECB94B336AF3E8BB8D739FA6E9E544,PART_012C41EC3774276BB02E78F7C0D99F43,7/10/2023,1,1,1283803.237,14,150.92,75.054,19.306,13.96000004,1.128000021,114.7809982,270975.0625,0.512000024,247.677002,94.36
CUST_D1ECB94B336AF3E8BB8D739FA6E9E544,PART_012C41EC3774276BB02E78F7C0D99F43,7/11/2023,1,1,1289846.257,9,97.02,48.249,12.411,13.97000027,1.128999949,114.7450027,270987.5313,0.512000024,247.677002,60.66
CUST_D1ECB94B336AF3E8BB8D739FA6E9E544,PART_012C41EC3774276BB02E78F7C0D99F43,7/12/2023,1,1,1298297.697,4,43.12,21.444,5.516,13.97999954,1.128999949,114.7099991,270999.9688,0.512000024,247.6779938,26.96
CUST_D1ECB94B336AF3E8BB8D739FA6E9E544,PART_012C41EC3774276BB02E78F7C0D99F43,7/13/2023,1,1,1305903.937,2,21.56,10.722,2.758,14,1.129999995,114.6740036,271012.4063,0.512000024,247.6779938,13.48
CUST_D1ECB94B336AF3E8BB8D739FA6E9E544,PART_012C41EC3774276BB02E78F7C0D99F43,7/14/2023,1,1,1310753.517,3,32.34,16.083,4.137,14.01000023,1.131000042,114.6389999,271024.875,0.512000024,247.6779938,20.22
CUST_D1ECB94B336AF3E8BB8D739FA6E9E544,PART_012C41EC3774276BB02E78F7C0D99F43,7/17/2023,1,1,1321523.727,11,118.58,58.971,15.169,14.05000019,1.133000016,114.5319977,271062.2188,0.513000011,247.6790009,74.14
CUST_D1ECB94B336AF3E8BB8D739FA6E9E544,PART_012C41EC3774276BB02E78F7C0D99F43,7/18/2023,1,1,1329306.577,4,43.12,21.444,5.516,14.06000042,1.133999944,114.4970016,271074.6875,0.513000011,247.6790009,26.96
CUST_D1ECB94B336AF3E8BB8D739FA6E9E544,PART_012C41EC3774276BB02E78F7C0D99F43,7/19/2023,1,1,1334127.967,7,75.46,37.527,9.653,14.07999992,1.133999944,114.4609985,271087.125,0.513000011,247.6799927,47.18
CUST_D1ECB94B336AF3E8BB8D739FA6E9E544,PART_012C41EC3774276BB02E78F7C0D99F43,7/20/2023,1,1,1344721.877,2,21.56,10.722,2.758,14.09000015,1.13499999,114.4260025,271099.5938,0.513000011,247.6799927,13.48
CUST_D1ECB94B336AF3E8BB8D739FA6E9E544,PART_012C41EC3774276BB02E78F7C0D99F43,7/21/2023,1,1,1362282.417,20,215.6,107.22,27.58,14.10000038,1.136000037,114.3899994,271112.0313,0.513000011,247.6799927,134.8
CUST_D1ECB94B336AF3E8BB8D739FA6E9E544,PART_012C41EC3774276BB02E78F7C0D99F43,7/24/2023,1,1,1370201.827,16,172.48,85.776,22.064,14.14000034,1.138000011,114.2839966,271149.375,0.513000011,247.6809998,107.84
CUST_D1ECB94B336AF3E8BB8D739FA6E9E544,PART_012C41EC3774276BB02E78F7C0D99F43,7/26/2023,1,1,1388681.087,3,32.34,16.083,4.137,14.17000008,1.139000058,114.2129974,271174.2813,0.513000011,247.6820068,20.22
CUST_D1ECB94B336AF3E8BB8D739FA6E9E544,PART_012C41EC3774276BB02E78F7C0D99F43,7/27/2023,1,1,1400944.057,14,150.92,75.054,19.306,14.18000031,1.139999986,114.177002,271186.75,0.513999999,247.6820068,94.36
CUST_D1ECB94B336AF3E8BB8D739FA6E9E544,PART_012C41EC3774276BB02E78F7C0D99F43,7/28/2023,1,1,1409078.397,3,32.34,16.083,4.137,14.18999958,1.139999986,114.1419983,271199.1875,0.513999999,247.6829987,20.22
CUST_D1ECB94B336AF3E8BB8D739FA6E9E544,PART_012C41EC3774276BB02E78F7C0D99F43,7/31/2023,1,1,1413592.247,13,140.14,69.693,17.927,14.22999954,1.14199996,114.0350037,271236.5625,0.513999999,247.6840057,87.62
CUST_D1ECB94B336AF3E8BB8D739FA6E9E544,PART_012C41EC3774276BB02E78F7C0D99F43,8/1/2023,1,1,1422592.227,2,21.56,10.722,2.758,14.22000027,1.143000007,114,271249,0.513999999,247.6840057,13.48
CUST_D1ECB94B336AF3E8BB8D739FA6E9E544,PART_012C41EC3774276BB02E78F7C0D99F43,8/2/2023,1,1,1436709.337,2,21.56,10.722,2.758,14.19999981,1.144000053,114.0029984,271201.3125,0.513999999,247.697998,13.48
CUST_D1ECB94B336AF3E8BB8D739FA6E9E544,PART_012C41EC3774276BB02E78F7C0D99F43,8/3/2023,1,1,1443244.987,2,21.56,10.722,2.758,14.18999958,1.144000053,114.0059967,271153.6563,0.513999999,247.7120056,13.48
CUST_D1ECB94B336AF3E8BB8D739FA6E9E544,PART_012C41EC3774276BB02E78F7C0D99F43,8/4/2023,1,1,1447978.717,10,107.8,53.61,13.79,14.18000031,1.144999981,114.0100021,271105.9688,0.513000011,247.7259979,67.4
CUST_D1ECB94B336AF3E8BB8D739FA6E9E544,PART_012C41EC3774276BB02E78F7C0D99F43,8/7/2023,1,1,1457239.047,4,43.12,21.444,5.516,14.14000034,1.146999955,114.0189972,270962.9375,0.513000011,247.7680054,26.96
CUST_D1ECB94B336AF3E8BB8D739FA6E9E544,PART_012C41EC3774276BB02E78F7C0D99F43,8/8/2023,1,1,1467399.717,7,75.46,37.527,9.653,14.11999989,1.148000002,114.0230026,270915.25,0.512000024,247.7819977,47.18
CUST_D1ECB94B336AF3E8BB8D739FA6E9E544,PART_012C41EC3774276BB02E78F7C0D99F43,8/9/2023,1,1,1475631.877,1,10.78,5.361,1.379,14.10999966,1.148000002,114.026001,270867.5938,0.512000024,247.7969971,6.74
CUST_D1ECB94B336AF3E8BB8D739FA6E9E544,PART_012C41EC3774276BB02E78F7C0D99F43,8/10/2023,1,1,1481928.997,4,43.12,21.444,5.516,14.09000015,1.149000049,114.0289993,270819.9063,0.512000024,247.8110046,26.96
CUST_D1ECB94B336AF3E8BB8D739FA6E9E544,PART_012C41EC3774276BB02E78F7C0D99F43,8/11/2023,1,1,1487343.577,5,53.9,26.805,6.895,14.07999992,1.149000049,114.0319977,270772.2188,0.512000024,247.8249969,33.7
CUST_D1ECB94B336AF3E8BB8D739FA6E9E544,PART_012C41EC3774276BB02E78F7C0D99F43,8/14/2023,1,1,1492204.727,9,97.02,48.249,12.411,14.03999996,1.151000023,114.0419998,270629.1875,0.510999978,247.8670044,60.66
CUST_D1ECB94B336AF3E8BB8D739FA6E9E544,PART_012C41EC3774276BB02E78F7C0D99F43,8/15/2023,1,1,1500859.707,4,43.12,21.444,5.516,14.02999973,1.15199995,114.0449982,270581.5313,0.510999978,247.8809967,26.96
CUST_D1ECB94B336AF3E8BB8D739FA6E9E544,PART_012C41EC3774276BB02E78F7C0D99F43,8/16/2023,1,1,1506202.287,12,129.36,64.332,16.548,14.01000023,1.152999997,114.0479965,270533.8438,0.510999978,247.8950043,80.88
CUST_D1ECB94B336AF3E8BB8D739FA6E9E544,PART_012C41EC3774276BB02E78F7C0D99F43,8/17/2023,1,1,1515484.967,4,43.12,21.444,5.516,14,1.152999997,114.052002,270486.1563,0.50999999,247.9089966,26.96
CUST_D1ECB94B336AF3E8BB8D739FA6E9E544,PART_012C41EC3774276BB02E78F7C0D99F43,8/18/2023,1,1,1523770.077,3,32.34,16.083,4.137,13.98999977,1.154000044,114.0550003,270438.4688,0.50999999,247.9230042,20.22
CUST_D1ECB94B336AF3E8BB8D739FA6E9E544,PART_012C41EC3774276BB02E78F7C0D99F43,8/21/2023,1,1,1530176.677,5,53.9,26.805,6.895,13.94999981,1.156000018,114.0650024,270295.4375,0.509000003,247.9649963,33.7
CUST_D1ECB94B336AF3E8BB8D739FA6E9E544,PART_012C41EC3774276BB02E78F7C0D99F43,8/22/2023,1,1,1539862.097,7,75.46,37.527,9.653,13.93000031,1.156999946,114.0680008,270247.7813,0.509000003,247.9790039,47.18
CUST_D1ECB94B336AF3E8BB8D739FA6E9E544,PART_012C41EC3774276BB02E78F7C0D99F43,8/23/2023,1,1,1546580.427,6,64.68,32.166,8.274,13.92000008,1.156999946,114.0709991,270200.0938,0.509000003,247.9929962,40.44
CUST_D1ECB94B336AF3E8BB8D739FA6E9E544,PART_012C41EC3774276BB02E78F7C0D99F43,8/24/2023,1,1,1557114.007,7,75.46,37.527,9.653,13.89999962,1.157999992,114.0739975,270152.4063,0.509000003,248.0070038,47.18
CUST_D1ECB94B336AF3E8BB8D739FA6E9E544,PART_012C41EC3774276BB02E78F7C0D99F43,8/25/2023,1,1,1564430.287,12,129.36,64.332,16.548,13.89000034,1.157999992,114.0770035,270104.75,0.509000003,248.0220032,80.88
CUST_D1ECB94B336AF3E8BB8D739FA6E9E544,PART_012C41EC3774276BB02E78F7C0D99F43,8/28/2023,1,1,1568736.097,11,118.58,58.971,15.169,13.85000038,1.159999967,114.086998,269961.7188,0.508000016,248.0639954,74.14
CUST_D1ECB94B336AF3E8BB8D739FA6E9E544,PART_012C41EC3774276BB02E78F7C0D99F43,8/30/2023,1,1,1581783.617,10,107.8,53.61,13.79,13.81999969,1.161999941,114.0940018,269866.3438,0.507000029,248.0919952,67.4
CUST_D1ECB94B336AF3E8BB8D739FA6E9E544,PART_012C41EC3774276BB02E78F7C0D99F43,8/31/2023,1,1,1591713.167,5,53.9,26.805,6.895,13.81000042,1.161999941,114.0970001,269818.6875,0.507000029,248.1060028,33.7
CUST_D1ECB94B336AF3E8BB8D739FA6E9E544,PART_012C41EC3774276BB02E78F7C0D99F43,9/1/2023,1,1,1602339.657,10,107.8,53.61,13.79,13.82999992,1.162999988,114.0999985,269771,0.507000029,248.1199951,67.4
CUST_D1ECB94B336AF3E8BB8D739FA6E9E544,PART_012C41EC3774276BB02E78F7C0D99F43,9/5/2023,1,1,1605384.477,15,161.7,80.415,20.685,13.89000034,1.156000018,114.1269989,269639.2813,0.501999974,248.128006,101.1
CUST_D1ECB94B336AF3E8BB8D739FA6E9E544,PART_012C41EC3774276BB02E78F7C0D99F43,9/6/2023,1,1,1616444.487,2,21.56,10.722,2.758,13.90999985,1.154000044,114.1330032,269606.3438,0.500999987,248.1300049,13.48
CUST_D1ECB94B336AF3E8BB8D739FA6E9E544,PART_012C41EC3774276BB02E78F7C0D99F43,9/8/2023,1,1,1638394.857,2,21.56,10.722,2.758,13.93999958,1.149999976,114.1470032,269540.4688,0.497999996,248.1340027,13.48
CUST_D1ECB94B336AF3E8BB8D739FA6E9E544,PART_012C41EC3774276BB02E78F7C0D99F43,9/11/2023,1,1,1648226.067,1,10.78,5.361,1.379,13.98999977,1.144999981,114.1669998,269441.6563,0.493999988,248.1390076,6.74
CUST_D1ECB94B336AF3E8BB8D739FA6E9E544,PART_012C41EC3774276BB02E78F7C0D99F43,9/12/2023,1,1,1654487.327,9,97.02,48.249,12.411,14.01000023,1.143000007,114.1729965,269408.7188,0.493000001,248.1410065,60.66
CUST_D1ECB94B336AF3E8BB8D739FA6E9E544,PART_012C41EC3774276BB02E78F7C0D99F43,9/13/2023,1,1,1663762.557,5,53.9,26.805,6.895,14.02999973,1.141000032,114.1800003,269375.8125,0.492000014,248.1430054,33.7
CUST_D1ECB94B336AF3E8BB8D739FA6E9E544,PART_012C41EC3774276BB02E78F7C0D99F43,9/14/2023,1,1,1669754.287,9,97.02,48.249,12.411,14.03999996,1.139000058,114.1869965,269342.875,0.490999997,248.1450043,60.66
CUST_D1ECB94B336AF3E8BB8D739FA6E9E544,PART_012C41EC3774276BB02E78F7C0D99F43,9/15/2023,1,1,1673311.067,2,21.56,10.722,2.758,14.06000042,1.136999965,114.1930008,269309.9375,0.488999993,248.1470032,13.48
CUST_D1ECB94B336AF3E8BB8D739FA6E9E544,PART_012C41EC3774276BB02E78F7C0D99F43,9/18/2023,1,1,1677644.187,7,75.46,37.527,9.653,14.10999966,1.131999969,114.2129974,269211.125,0.485000014,248.1529999,47.18
CUST_D1ECB94B336AF3E8BB8D739FA6E9E544,PART_012C41EC3774276BB02E78F7C0D99F43,9/19/2023,1,1,1685851.437,3,32.34,16.083,4.137,14.13000011,1.129999995,114.2200012,269178.1875,0.483999997,248.1549988,20.22
CUST_D1ECB94B336AF3E8BB8D739FA6E9E544,PART_012C41EC3774276BB02E78F7C0D99F43,9/20/2023,1,1,1690220.677,9,97.02,48.249,12.411,14.14000034,1.128000021,114.2269974,269145.2813,0.48300001,248.1569977,60.66
CUST_D1ECB94B336AF3E8BB8D739FA6E9E544,PART_012C41EC3774276BB02E78F7C0D99F43,9/21/2023,1,1,1699783.787,6,64.68,32.166,8.274,14.15999985,1.126000047,114.2330017,269112.3438,0.481999993,248.1589966,40.44
CUST_D1ECB94B336AF3E8BB8D739FA6E9E544,PART_012C41EC3774276BB02E78F7C0D99F43,9/22/2023,1,1,1706386.017,19,204.82,101.859,26.201,14.18000031,1.125,114.2399979,269079.4063,0.479999989,248.1609955,128.06
CUST_D1ECB94B336AF3E8BB8D739FA6E9E544,PART_012C41EC3774276BB02E78F7C0D99F43,9/25/2023,1,1,1716259.857,19,204.82,101.859,26.201,14.22999954,1.118999958,114.2600021,268980.5938,0.476999998,248.1660004,128.06
CUST_D1ECB94B336AF3E8BB8D739FA6E9E544,PART_012C41EC3774276BB02E78F7C0D99F43,9/26/2023,1,1,1723939.247,6,64.68,32.166,8.274,14.23999977,1.116999984,114.2669983,268947.6563,0.474999994,248.1679993,40.44
CUST_D1ECB94B336AF3E8BB8D739FA6E9E544,PART_012C41EC3774276BB02E78F7C0D99F43,9/27/2023,1,1,1732093.417,4,43.12,21.444,5.516,14.26000023,1.11500001,114.2730026,268914.7188,0.474000007,248.1699982,26.96
CUST_D1ECB94B336AF3E8BB8D739FA6E9E544,PART_012C41EC3774276BB02E78F7C0D99F43,9/28/2023,1,1,1740802.717,4,43.12,21.444,5.516,14.27999973,1.113999963,114.2799988,268881.8125,0.47299999,248.1719971,26.96
CUST_D1ECB94B336AF3E8BB8D739FA6E9E544,PART_012C41EC3774276BB02E78F7C0D99F43,9/29/2023,1,1,1747996.937,22,237.16,117.942,30.338,14.28999996,1.111999989,114.2870026,268848.875,0.472000003,248.173996,148.28
CUST_D1ECB94B336AF3E8BB8D739FA6E9E544,PART_012C41EC3774276BB02E78F7C0D99F43,10/2/2023,1,1,1757063.597,6,64.68,32.166,8.274,14.27999973,1.10800004,114.2809982,268843.4375,0.469000012,248.1809998,40.44
CUST_D1ECB94B336AF3E8BB8D739FA6E9E544,PART_012C41EC3774276BB02E78F7C0D99F43,10/3/2023,1,1,1764134.687,5,53.9,26.805,6.895,14.27000046,1.106999993,114.2610016,268903.9063,0.469000012,248.1849976,33.7
CUST_D1ECB94B336AF3E8BB8D739FA6E9E544,PART_012C41EC3774276BB02E78F7C0D99F43,10/5/2023,1,1,1773221.927,1,10.78,5.361,1.379,14.25,1.105999947,114.2229996,269024.8125,0.469999999,248.1920013,6.74
CUST_D1ECB94B336AF3E8BB8D739FA6E9E544,PART_012C41EC3774276BB02E78F7C0D99F43,10/9/2023,1,1,1789380.737,5,53.9,26.805,6.895,14.18999958,1.103999972,114.1449966,269266.625,0.469999999,248.2050018,33.7
CUST_D1ECB94B336AF3E8BB8D739FA6E9E544,PART_012C41EC3774276BB02E78F7C0D99F43,10/11/2023,1,1,1796738.267,4,43.12,21.444,5.516,14.17000008,1.103000045,114.1060028,269387.5313,0.470999986,248.2120056,26.96
CUST_D1ECB94B336AF3E8BB8D739FA6E9E544,PART_012C41EC3774276BB02E78F7C0D99F43,10/13/2023,1,1,1804573.907,16,172.48,85.776,22.064,14.14000034,1.103000045,114.0680008,269508.4063,0.470999986,248.2189941,107.84
CUST_D1ECB94B336AF3E8BB8D739FA6E9E544,PART_012C41EC3774276BB02E78F7C0D99F43,10/16/2023,1,1,1810083.737,14,150.92,75.054,19.306,14.10000038,1.100999951,114.0100021,269689.7813,0.470999986,248.2290039,94.36
CUST_D1ECB94B336AF3E8BB8D739FA6E9E544,PART_012C41EC3774276BB02E78F7C0D99F43,10/17/2023,1,1,1817676.517,5,53.9,26.805,6.895,14.09000015,1.100999951,113.9899979,269750.2188,0.472000003,248.2319946,33.7
CUST_D1ECB94B336AF3E8BB8D739FA6E9E544,PART_012C41EC3774276BB02E78F7C0D99F43,10/18/2023,1,1,1823087.637,4,43.12,21.444,5.516,14.07999992,1.100000024,113.9710007,269810.6875,0.472000003,248.2359924,26.96
CUST_D1ECB94B336AF3E8BB8D739FA6E9E544,PART_012C41EC3774276BB02E78F7C0D99F43,10/20/2023,1,1,1835210.117,0,0,0,0,14.05000019,1.098999977,113.9319992,269931.5938,0.472000003,248.2420044,0
CUST_D1ECB94B336AF3E8BB8D739FA6E9E544,PART_012C41EC3774276BB02E78F7C0D99F43,10/23/2023,1,1,1838176.897,11,118.58,58.971,15.169,14.01000023,1.09800005,113.8740005,270112.9375,0.47299999,248.253006,74.14
CUST_D1ECB94B336AF3E8BB8D739FA6E9E544,PART_012C41EC3774276BB02E78F7C0D99F43,10/24/2023,1,1,1843645.977,9,97.02,48.249,12.411,14,1.09800005,113.8550034,270173.375,0.47299999,248.2559967,60.66
CUST_D1ECB94B336AF3E8BB8D739FA6E9E544,PART_012C41EC3774276BB02E78F7C0D99F43,10/25/2023,1,1,1850341.487,3,32.34,16.083,4.137,13.98999977,1.097000003,113.8349991,270233.8438,0.47299999,248.2590027,20.22
CUST_D1ECB94B336AF3E8BB8D739FA6E9E544,PART_012C41EC3774276BB02E78F7C0D99F43,10/26/2023,1,1,1854097.367,1,10.78,5.361,1.379,13.97000027,1.097000003,113.8160019,270294.2813,0.47299999,248.2630005,6.74
CUST_D1ECB94B336AF3E8BB8D739FA6E9E544,PART_012C41EC3774276BB02E78F7C0D99F43,10/27/2023,1,1,1865028.677,12,129.36,64.332,16.548,13.96000004,1.095999956,113.7969971,270354.75,0.47299999,248.2660065,80.88
CUST_D1ECB94B336AF3E8BB8D739FA6E9E544,PART_012C41EC3774276BB02E78F7C0D99F43,10/30/2023,1,1,1872447.267,2,21.56,10.722,2.758,13.92000008,1.095000029,113.7389984,270536.0938,0.474000007,248.276001,13.48
CUST_D1ECB94B336AF3E8BB8D739FA6E9E544,PART_012C41EC3774276BB02E78F7C0D99F43,10/31/2023,1,1,1880285.967,16,172.48,85.776,22.064,13.90999985,1.093999982,113.7190018,270596.5625,0.474000007,248.2799988,107.84
CUST_D1ECB94B336AF3E8BB8D739FA6E9E544,PART_012C41EC3774276BB02E78F7C0D99F43,11/1/2023,1,1,1887930.107,17,183.26,91.137,23.443,13.94999981,1.093999982,113.6999969,270657,0.474000007,248.2830048,114.58
CUST_D1ECB94B336AF3E8BB8D739FA6E9E544,PART_012C41EC3774276BB02E78F7C0D99F43,11/3/2023,1,1,1906367.287,5,53.9,26.805,6.895,14.02000046,1.093000054,113.8529968,270644.5938,0.474999994,248.2920074,33.7
CUST_D1ECB94B336AF3E8BB8D739FA6E9E544,PART_012C41EC3774276BB02E78F7C0D99F43,11/6/2023,1,1,1911888.917,12,129.36,64.332,16.548,14.13000011,1.090999961,114.0830002,270626,0.476000011,248.3049927,80.88
CUST_D1ECB94B336AF3E8BB8D739FA6E9E544,PART_012C41EC3774276BB02E78F7C0D99F43,11/7/2023,1,1,1918694.587,4,43.12,21.444,5.516,14.15999985,1.090999961,114.1600037,270619.8125,0.476999998,248.3090057,26.96
CUST_D1ECB94B336AF3E8BB8D739FA6E9E544,PART_012C41EC3774276BB02E78F7C0D99F43,11/8/2023,1,1,1924669.167,2,21.56,10.722,2.758,14.19999981,1.090000033,114.2369995,270613.5938,0.476999998,248.3130035,13.48
CUST_D1ECB94B336AF3E8BB8D739FA6E9E544,PART_012C41EC3774276BB02E78F7C0D99F43,11/9/2023,1,1,1929306.457,5,53.9,26.805,6.895,14.22999954,1.088999987,114.3130035,270607.4063,0.476999998,248.3179932,33.7
CUST_D1ECB94B336AF3E8BB8D739FA6E9E544,PART_012C41EC3774276BB02E78F7C0D99F43,11/10/2023,1,1,1943489.487,13,140.14,69.693,17.927,14.27000046,1.088999987,114.3899994,270601.1875,0.477999985,248.3220062,87.62
CUST_D1ECB94B336AF3E8BB8D739FA6E9E544,PART_012C41EC3774276BB02E78F7C0D99F43,11/13/2023,1,1,1948795.287,11,118.58,58.971,15.169,14.38000011,1.087000012,114.6200027,270582.5938,0.479000002,248.3350067,74.14
CUST_D1ECB94B336AF3E8BB8D739FA6E9E544,PART_012C41EC3774276BB02E78F7C0D99F43,11/15/2023,1,1,1964378.597,14,150.92,75.054,19.306,14.44999981,1.085999966,114.7730026,270570.1875,0.479999989,248.3439941,94.36
CUST_D1ECB94B336AF3E8BB8D739FA6E9E544,PART_012C41EC3774276BB02E78F7C0D99F43,11/16/2023,1,1,1971784.557,10,107.8,53.61,13.79,14.48999977,1.085999966,114.8499985,270564,0.481000006,248.3480072,67.4
CUST_D1ECB94B336AF3E8BB8D739FA6E9E544,PART_012C41EC3774276BB02E78F7C0D99F43,11/17/2023,1,1,1976713.957,3,32.34,16.083,4.137,14.52000046,1.085000038,114.927002,270557.8125,0.481000006,248.352005,20.22
CUST_D1ECB94B336AF3E8BB8D739FA6E9E544,PART_012C41EC3774276BB02E78F7C0D99F43,11/20/2023,1,1,1985494.817,6,64.68,32.166,8.274,14.63000011,1.082999945,115.1569977,270539.1875,0.481999993,248.3650055,40.44
CUST_D1ECB94B336AF3E8BB8D739FA6E9E544,PART_012C41EC3774276BB02E78F7C0D99F43,11/21/2023,1,1,1993155.277,2,21.56,10.722,2.758,14.67000008,1.082999945,115.2330017,270533,0.48300001,248.3699951,13.48
CUST_D1ECB94B336AF3E8BB8D739FA6E9E544,PART_012C41EC3774276BB02E78F7C0D99F43,11/22/2023,1,1,1997826.767,8,86.24,42.888,11.032,14.69999981,1.082000017,115.3099976,270526.8125,0.48300001,248.3739929,53.92
CUST_D1ECB94B336AF3E8BB8D739FA6E9E544,PART_012C41EC3774276BB02E78F7C0D99F43,11/27/2023,1,1,2008239.587,7,75.46,37.527,9.653,14.88000011,1.078999996,115.6930008,270495.8125,0.485000014,248.3959961,47.18
CUST_D1ECB94B336AF3E8BB8D739FA6E9E544,PART_012C41EC3774276BB02E78F7C0D99F43,11/28/2023,1,1,2013868.207,9,97.02,48.249,12.411,14.92000008,1.078999996,115.7699966,270489.5938,0.486000001,248.3999939,60.66
CUST_D1ECB94B336AF3E8BB8D739FA6E9E544,PART_012C41EC3774276BB02E78F7C0D99F43,11/29/2023,1,1,2017553.167,3,32.34,16.083,4.137,14.94999981,1.077999949,115.8470001,270483.4063,0.486000001,248.404007,20.22
CUST_D1ECB94B336AF3E8BB8D739FA6E9E544,PART_012C41EC3774276BB02E78F7C0D99F43,11/30/2023,1,1,2025200.807,5,53.9,26.805,6.895,14.98999977,1.077999949,115.9229965,270477.1875,0.486999989,248.4089966,33.7
CUST_D1ECB94B336AF3E8BB8D739FA6E9E544,PART_012C41EC3774276BB02E78F7C0D99F43,12/1/2023,1,1,2030634.637,4,43.12,21.444,5.516,15.05000019,1.077000022,116,270471,0.486999989,248.4129944,26.96
CUST_D1ECB94B336AF3E8BB8D739FA6E9E544,PART_012C41EC3774276BB02E78F7C0D99F43,12/4/2023,1,1,2037912.127,10,107.8,53.61,13.79,15.21000004,1.072999954,115.5739975,270688.3438,0.488000005,248.5549927,67.4
CUST_D1ECB94B336AF3E8BB8D739FA6E9E544,PART_012C41EC3774276BB02E78F7C0D99F43,12/5/2023,1,1,2044754.987,1,10.78,5.361,1.379,15.27000046,1.072000027,115.4319992,270760.8125,0.488000005,248.602005,6.74
CUST_D1ECB94B336AF3E8BB8D739FA6E9E544,PART_012C41EC3774276BB02E78F7C0D99F43,12/6/2023,1,1,2050409.887,4,43.12,21.444,5.516,15.32999992,1.07099998,115.2900009,270833.25,0.488000005,248.6490021,26.96
CUST_D1ECB94B336AF3E8BB8D739FA6E9E544,PART_012C41EC3774276BB02E78F7C0D99F43,12/7/2023,1,1,2054717.717,13,140.14,69.693,17.927,15.38000011,1.070000052,115.1480026,270905.7188,0.488000005,248.6959991,87.62
CUST_D1ECB94B336AF3E8BB8D739FA6E9E544,PART_012C41EC3774276BB02E78F7C0D99F43,12/8/2023,1,1,2060551.577,13,140.14,69.693,17.927,15.43999958,1.067999959,115.0059967,270978.1563,0.488000005,248.7429962,87.62
CUST_D1ECB94B336AF3E8BB8D739FA6E9E544,PART_012C41EC3774276BB02E78F7C0D99F43,12/11/2023,1,1,2064763.617,10,107.8,53.61,13.79,15.60999966,1.065000057,114.5810013,271195.5313,0.488999993,248.8849945,67.4
CUST_D1ECB94B336AF3E8BB8D739FA6E9E544,PART_012C41EC3774276BB02E78F7C0D99F43,12/13/2023,1,1,2073292.447,2,21.56,10.722,2.758,15.72000027,1.062000036,114.2969971,271340.4063,0.488999993,248.9790039,13.48
CUST_D1ECB94B336AF3E8BB8D739FA6E9E544,PART_012C41EC3774276BB02E78F7C0D99F43,12/15/2023,1,1,2089111.537,10,107.8,53.61,13.79,15.82999992,1.059999943,114.0130005,271485.3125,0.49000001,249.0740051,67.4
CUST_D1ECB94B336AF3E8BB8D739FA6E9E544,PART_012C41EC3774276BB02E78F7C0D99F43,12/18/2023,1,1,2092840.877,14,150.92,75.054,19.306,16,1.055999994,113.586998,271702.6875,0.49000001,249.2149963,94.36
CUST_D1ECB94B336AF3E8BB8D739FA6E9E544,PART_012C41EC3774276BB02E78F7C0D99F43,12/19/2023,1,1,2100276.787,4,43.12,21.444,5.516,16.05999947,1.054999948,113.4449997,271775.125,0.49000001,249.2619934,26.96
CUST_D1ECB94B336AF3E8BB8D739FA6E9E544,PART_012C41EC3774276BB02E78F7C0D99F43,12/22/2023,1,1,2118465.487,7,75.46,37.527,9.653,16.21999931,1.050999999,113.0189972,271992.4688,0.490999997,249.404007,47.18
CUST_D1ECB94B336AF3E8BB8D739FA6E9E544,PART_012C41EC3774276BB02E78F7C0D99F43,12/26/2023,1,1,2124501.927,9,97.02,48.249,12.411,16.45000076,1.046000004,112.4520035,272282.2813,0.492000014,249.5930023,60.66
CUST_D1ECB94B336AF3E8BB8D739FA6E9E544,PART_012C41EC3774276BB02E78F7C0D99F43,12/27/2023,1,1,2129147.417,4,43.12,21.444,5.516,16.51000023,1.044999957,112.3099976,272354.75,0.492000014,249.6399994,26.96
CUST_D1ECB94B336AF3E8BB8D739FA6E9E544,PART_012C41EC3774276BB02E78F7C0D99F43,12/28/2023,1,1,2132803.777,6,64.68,32.166,8.274,16.55999947,1.04400003,112.1679993,272427.1875,0.492000014,249.6869965,40.44
CUST_D1ECB94B336AF3E8BB8D739FA6E9E544,PART_012C41EC3774276BB02E78F7C0D99F43,1/2/2024,1,1,2139569.027,5,53.9,26.805,6.895,16.62000084,1.041000009,111.677002,272873.1875,0.493000001,249.8769989,33.7
CUST_D1ECB94B336AF3E8BB8D739FA6E9E544,PART_012C41EC3774276BB02E78F7C0D99F43,1/3/2024,1,1,2143510.497,1,10.78,5.361,1.379,16.56999969,1.04400003,111.7549973,273029.375,0.493000001,249.8769989,6.74
CUST_D1ECB94B336AF3E8BB8D739FA6E9E544,PART_012C41EC3774276BB02E78F7C0D99F43,1/4/2024,1,1,2146750.197,14,150.92,75.054,19.306,16.52000046,1.046000004,111.8320007,273185.5938,0.493000001,249.878006,94.36
CUST_D1ECB94B336AF3E8BB8D739FA6E9E544,PART_012C41EC3774276BB02E78F7C0D99F43,1/5/2024,1,1,2141247.107,10,107.8,53.61,13.79,16.46999931,1.049000025,111.9100037,273341.7813,0.493000001,249.878006,67.4
CUST_D1ECB94B336AF3E8BB8D739FA6E9E544,PART_012C41EC3774276BB02E78F7C0D99F43,1/8/2024,1,1,2136796.997,3,32.34,16.083,4.137,16.30999947,1.055999994,112.1419983,273810.3438,0.493999988,249.8800049,20.22
CUST_D1ECB94B336AF3E8BB8D739FA6E9E544,PART_012C41EC3774276BB02E78F7C0D99F43,1/9/2024,1,1,2139992.727,8,86.24,42.888,11.032,16.26000023,1.059000015,112.2190018,273966.5625,0.493999988,249.8809967,53.92
CUST_D1ECB94B336AF3E8BB8D739FA6E9E544,PART_012C41EC3774276BB02E78F7C0D99F43,1/11/2024,1,1,2130951.297,11,118.58,57.603,16.537,16.14999962,1.06400001,112.3740005,274278.9375,0.493999988,249.8820038,74.14
CUST_D1ECB94B336AF3E8BB8D739FA6E9E544,PART_012C41EC3774276BB02E78F7C0D99F43,1/12/2024,1,1,2114788.787,9,97.02,48.249,12.411,16.10000038,1.065999985,112.4520035,274435.125,0.493999988,249.8820038,60.66
CUST_D1ECB94B336AF3E8BB8D739FA6E9E544,PART_012C41EC3774276BB02E78F7C0D99F43,1/15/2024,1,1,2098044.297,15,161.7,79.959,21.141,15.93999958,1.072999954,112.6839981,274903.7188,0.493999988,249.8840027,101.1
CUST_D1ECB94B336AF3E8BB8D739FA6E9E544,PART_012C41EC3774276BB02E78F7C0D99F43,1/16/2024,1,1,2103329.457,11,118.58,53.955,20.185,15.89000034,1.075999975,112.7610016,275059.9063,0.493999988,249.8849945,74.14
CUST_D1ECB94B336AF3E8BB8D739FA6E9E544,PART_012C41EC3774276BB02E78F7C0D99F43,1/17/2024,1,1,2101295.317,1,10.78,4.905,1.835,15.84000015,1.077999949,112.8389969,275216.0938,0.495000005,249.8849945,6.74
CUST_D1ECB94B336AF3E8BB8D739FA6E9E544,PART_012C41EC3774276BB02E78F7C0D99F43,1/19/2024,1,1,2080192.197,9,97.02,44.145,16.515,15.72999954,1.082999945,112.9940033,275528.4688,0.495000005,249.8860016,60.66
CUST_D1ECB94B336AF3E8BB8D739FA6E9E544,PART_012C41EC3774276BB02E78F7C0D99F43,1/22/2024,1,1,2067394.187,4,43.12,19.62,7.34,15.56999969,1.090000033,113.2259979,275997.0625,0.495000005,249.8880005,26.96
CUST_D1ECB94B336AF3E8BB8D739FA6E9E544,PART_012C41EC3774276BB02E78F7C0D99F43,1/23/2024,1,1,2071662.967,6,64.68,29.43,11.01,15.52000046,1.093000054,113.3030014,276153.25,0.495000005,249.8890076,40.44
CUST_D1ECB94B336AF3E8BB8D739FA6E9E544,PART_012C41EC3774276BB02E78F7C0D99F43,1/24/2024,1,1,2069678.517,4,43.12,19.62,7.34,15.47000027,1.095000029,113.3809967,276309.4375,0.495000005,249.8890076,26.96
CUST_D1ECB94B336AF3E8BB8D739FA6E9E544,PART_012C41EC3774276BB02E78F7C0D99F43,1/25/2024,1,1,2076728.757,8,86.24,39.24,14.68,15.42000008,1.09800005,113.4580002,276465.6563,0.495000005,249.8899994,53.92
CUST_D1ECB94B336AF3E8BB8D739FA6E9E544,PART_012C41EC3774276BB02E78F7C0D99F43,1/26/2024,1,1,2073725.137,7,75.46,34.335,12.845,15.35999966,1.100000024,113.5350037,276621.8438,0.495000005,249.8910065,47.18
CUST_D1ECB94B336AF3E8BB8D739FA6E9E544,PART_012C41EC3774276BB02E78F7C0D99F43,1/29/2024,1,1,2061896.827,1,10.78,4.905,1.835,15.21000004,1.10800004,113.7679977,277090.4063,0.495999992,249.8919983,6.74
CUST_D1ECB94B336AF3E8BB8D739FA6E9E544,PART_012C41EC3774276BB02E78F7C0D99F43,1/30/2024,1,1,2069052.447,1,10.77,4.905,1.835,15.14999962,1.110000014,113.8450012,277246.625,0.495999992,249.8930054,6.74
CUST_D1ECB94B336AF3E8BB8D739FA6E9E544,PART_012C41EC3774276BB02E78F7C0D99F43,1/31/2024,1,1,2066381.717,4,43.08,19.62,7.34,15.10000038,1.113000035,113.9229965,277402.8125,0.495999992,249.8930054,26.96
CUST_D1ECB94B336AF3E8BB8D739FA6E9E544,PART_012C41EC3774276BB02E78F7C0D99F43,2/1/2024,1,1,2066571.597,12,129.24,58.86,22.02,15.22999954,1.11500001,114,277559,0.495999992,249.8939972,80.88
CUST_D1ECB94B336AF3E8BB8D739FA6E9E544,PART_012C41EC3774276BB02E78F7C0D99F43,2/6/2024,1,1,2053899.687,9,96.93,44.145,16.515,15.85999966,1.11500001,113.8450012,276848.3125,0.493999988,249.8999939,60.66
CUST_D1ECB94B336AF3E8BB8D739FA6E9E544,PART_012C41EC3774276BB02E78F7C0D99F43,2/7/2024,1,1,2054859.317,5,53.85,24.525,9.175,15.98999977,1.11500001,113.814003,276706.1875,0.493000001,249.901001,33.7
CUST_D1ECB94B336AF3E8BB8D739FA6E9E544,PART_012C41EC3774276BB02E78F7C0D99F43,2/8/2024,1,1,2052519.297,1,10.77,4.905,1.835,16.11000061,1.11500001,113.7829971,276564.0313,0.493000001,249.9019928,6.74
CUST_D1ECB94B336AF3E8BB8D739FA6E9E544,PART_012C41EC3774276BB02E78F7C0D99F43,2/9/2024,1,1,2051171.95,1,10.77,4.905,1.835,16.23999977,1.113999963,113.7519989,276421.9063,0.492000014,249.9029999,6.74
CUST_D1ECB94B336AF3E8BB8D739FA6E9E544,PART_012C41EC3774276BB02E78F7C0D99F43,2/12/2024,1,1,2038467.9,1,10.77,4.905,1.835,16.62000084,1.113999963,113.6589966,275995.4688,0.490999997,249.9069977,6.74
CUST_D1ECB94B336AF3E8BB8D739FA6E9E544,PART_012C41EC3774276BB02E78F7C0D99F43,2/13/2024,1,1,2043429.41,12,129.24,58.86,22.02,16.75,1.113999963,113.6279984,275853.3438,0.49000001,249.9080048,80.88
CUST_D1ECB94B336AF3E8BB8D739FA6E9E544,PART_012C41EC3774276BB02E78F7C0D99F43,2/14/2024,1,1,2041406.8,6,64.62,29.43,11.01,16.87000084,1.113999963,113.5970001,275711.2188,0.49000001,249.9089966,40.44
CUST_D1ECB94B336AF3E8BB8D739FA6E9E544,PART_012C41EC3774276BB02E78F7C0D99F43,2/15/2024,1,1,2042120.26,4,43.08,19.62,7.34,17,1.113999963,113.5660019,275569.0625,0.488999993,249.9100037,26.96
CUST_D1ECB94B336AF3E8BB8D739FA6E9E544,PART_012C41EC3774276BB02E78F7C0D99F43,2/16/2024,1,1,2041731.93,3,32.34,14.715,5.505,17.12000084,1.113999963,113.5339966,275426.9375,0.488999993,249.9120026,20.22
CUST_D1ECB94B336AF3E8BB8D739FA6E9E544,PART_012C41EC3774276BB02E78F7C0D99F43,2/19/2024,1,1,2032099.02,9,96.96,44.145,16.515,17.5,1.113999963,113.4410019,275000.5313,0.486999989,249.9149933,60.66
CUST_D1ECB94B336AF3E8BB8D739FA6E9E544,PART_012C41EC3774276BB02E78F7C0D99F43,2/20/2024,1,1,2037830.9,1,10.77,4.905,1.835,17.62999916,1.113999963,113.4100037,274858.375,0.486999989,249.9160004,6.74
CUST_D1ECB94B336AF3E8BB8D739FA6E9E544,PART_012C41EC3774276BB02E78F7C0D99F43,2/21/2024,1,1,2029907.52,1,10.77,4.905,1.835,17.76000023,1.113999963,113.3789978,274716.25,0.486000001,249.9170074,6.74
CUST_D1ECB94B336AF3E8BB8D739FA6E9E544,PART_012C41EC3774276BB02E78F7C0D99F43,2/22/2024,1,1,2035321.66,18,193.86,88.29,33.03,17.87999916,1.113999963,113.3479996,274574.0938,0.486000001,249.9190063,121.32
CUST_D1ECB94B336AF3E8BB8D739FA6E9E544,PART_012C41EC3774276BB02E78F7C0D99F43,2/23/2024,1,1,2023435.21,3,32.31,14.715,5.505,18.01000023,1.113000035,113.3170013,274431.9688,0.485000014,249.9199982,20.22
CUST_D1ECB94B336AF3E8BB8D739FA6E9E544,PART_012C41EC3774276BB02E78F7C0D99F43,2/26/2024,1,1,2009984.84,5,53.85,24.525,9.175,18.38999939,1.113000035,113.223999,274005.5625,0.483999997,249.9230042,33.7
CUST_D1ECB94B336AF3E8BB8D739FA6E9E544,PART_012C41EC3774276BB02E78F7C0D99F43,2/27/2024,1,1,2014871.1,5,53.85,24.525,9.175,18.52000046,1.113000035,113.1930008,273863.4063,0.48300001,249.923996,33.7
CUST_D1ECB94B336AF3E8BB8D739FA6E9E544,PART_012C41EC3774276BB02E78F7C0D99F43,2/28/2024,1,1,2017351.57,1,10.77,4.905,1.835,18.63999939,1.113000035,113.1620026,273721.2813,0.48300001,249.9259949,6.74
CUST_D1ECB94B336AF3E8BB8D739FA6E9E544,PART_012C41EC3774276BB02E78F7C0D99F43,2/29/2024,1,1,2014055.92,5,53.85,24.525,9.175,18.77000046,1.113000035,113.1309967,273579.125,0.481999993,249.927002,33.7
CUST_D1ECB94B336AF3E8BB8D739FA6E9E544,PART_012C41EC3774276BB02E78F7C0D99F43,3/1/2024,1,1,2012149.49,1,10.78,4.905,1.835,18.54999924,1.113000035,113.0999985,273437,0.481999993,249.9279938,6.74
CUST_D1ECB94B336AF3E8BB8D739FA6E9E544,PART_012C41EC3774276BB02E78F7C0D99F43,3/4/2024,1,1,1991542.76,18,193.86,88.29,-78.03,17.87999916,1.111999989,113.0999985,273533.875,0.481999993,249.9329987,10.26
CUST_D1ECB94B336AF3E8BB8D739FA6E9E544,PART_012C41EC3774276BB02E78F7C0D99F43,3/5/2024,1,1,1995784.54,6,64.62,29.43,11.01,17.65999985,1.110999942,113.0999985,273566.1563,0.481999993,249.9349976,40.44
CUST_D1ECB94B336AF3E8BB8D739FA6E9E544,PART_012C41EC3774276BB02E78F7C0D99F43,3/11/2024,1,1,1983156.1,9,96.93,44.145,16.515,16.31999969,1.10800004,113.0999985,273759.9063,0.481000006,249.9450073,60.66
CUST_D1ECB94B336AF3E8BB8D739FA6E9E544,PART_012C41EC3774276BB02E78F7C0D99F43,3/12/2024,1,1,2000030.45,2,21.54,9.81,3.67,16.10000038,1.10800004,113.0999985,273792.1875,0.481000006,249.9459991,13.48
CUST_D1ECB94B336AF3E8BB8D739FA6E9E544,PART_012C41EC3774276BB02E78F7C0D99F43,3/13/2024,1,1,1993456.81,21,226.17,103.005,38.535,15.88000011,1.106999993,113.0999985,273824.4688,0.481000006,249.947998,141.54
CUST_D1ECB94B336AF3E8BB8D739FA6E9E544,PART_012C41EC3774276BB02E78F7C0D99F43,3/14/2024,1,1,1990098.81,6,64.63,29.43,11.01,15.64999962,1.106999993,113.0999985,273856.7813,0.481000006,249.9499969,40.44
CUST_D1ECB94B336AF3E8BB8D739FA6E9E544,PART_012C41EC3774276BB02E78F7C0D99F43,3/15/2024,1,1,1992322.27,7,75.39,34.335,12.845,15.43000031,1.105999947,113.0999985,273889.0625,0.481000006,249.951004,47.18
CUST_D1ECB94B336AF3E8BB8D739FA6E9E544,PART_012C41EC3774276BB02E78F7C0D99F43,3/18/2024,1,1,1980824.78,8,86.16,39.24,14.68,14.76000023,1.105000019,113.0999985,273985.9375,0.481000006,249.9570007,53.92
CUST_D1ECB94B336AF3E8BB8D739FA6E9E544,PART_012C41EC3774276BB02E78F7C0D99F43,3/19/2024,1,1,1989098.13,10,107.7,49.05,18.35,14.53999996,1.103999972,113.0999985,274018.2188,0.481000006,249.9579926,67.4
CUST_D1ECB94B336AF3E8BB8D739FA6E9E544,PART_012C41EC3774276BB02E78F7C0D99F43,3/20/2024,1,1,1982177.15,4,43.08,19.62,7.34,14.31999969,1.103999972,113.0999985,274050.5313,0.481000006,249.9600067,26.96
CUST_D1ECB94B336AF3E8BB8D739FA6E9E544,PART_012C41EC3774276BB02E78F7C0D99F43,3/21/2024,1,1,1975516.51,11,118.5,53.955,20.185,14.10000038,1.103000045,113.0999985,274082.8125,0.481000006,249.9620056,74.14
CUST_D1ECB94B336AF3E8BB8D739FA6E9E544,PART_012C41EC3774276BB02E78F7C0D99F43,3/22/2024,1,1,1963226.35,6,64.62,29.43,11.01,13.86999989,1.103000045,113.0999985,274115.0938,0.481000006,249.9629974,40.44
CUST_D1ECB94B336AF3E8BB8D739FA6E9E544,PART_012C41EC3774276BB02E78F7C0D99F43,3/25/2024,1,1,1935814.21,7,75.39,34.335,12.845,13.21000004,1.100999951,113.0999985,274211.9688,0.479999989,249.9680023,47.18
CUST_D1ECB94B336AF3E8BB8D739FA6E9E544,PART_012C41EC3774276BB02E78F7C0D99F43,3/26/2024,1,1,1936931.28,3,32.31,14.715,5.505,12.97999954,1.100999951,113.0999985,274244.25,0.479999989,249.9700012,20.22
CUST_D1ECB94B336AF3E8BB8D739FA6E9E544,PART_012C41EC3774276BB02E78F7C0D99F43,3/27/2024,1,1,1937942.28,2,21.54,9.81,3.67,12.76000023,1.100000024,113.0999985,274276.5625,0.479999989,249.9720001,13.48
CUST_D1ECB94B336AF3E8BB8D739FA6E9E544,PART_012C41EC3774276BB02E78F7C0D99F43,3/28/2024,1,1,1928955.65,1,10.78,4.905,1.835,12.53999996,1.100000024,113.0999985,274308.8438,0.479999989,249.9730072,6.74
CUST_D1ECB94B336AF3E8BB8D739FA6E9E544,PART_012C41EC3774276BB02E78F7C0D99F43,3/29/2024,1,1,1930257.38,11,118.49,53.955,20.185,12.31999969,1.098999977,113.0999985,274341.125,0.479999989,249.9750061,74.14
CUST_D1ECB94B336AF3E8BB8D739FA6E9E544,PART_012C41EC3774276BB02E78F7C0D99F43,4/1/2024,1,1,1916059.55,7,75.39,34.335,12.845,11.93999958,1.09800005,113.0999985,274438,0.479999989,249.9799957,47.18
CUST_D1ECB94B336AF3E8BB8D739FA6E9E544,PART_012C41EC3774276BB02E78F7C0D99F43,4/4/2024,1,1,1907767.99,1,10.77,4.905,1.835,12.15999985,1.09800005,113.2799988,274444.8125,0.479000002,249.9230042,6.74
CUST_D1ECB94B336AF3E8BB8D739FA6E9E544,PART_012C41EC3774276BB02E78F7C0D99F43,4/5/2024,1,1,1902102.69,2,21.54,9.81,3.67,12.22999954,1.09800005,113.3399963,274447.0625,0.479000002,249.904007,13.48
CUST_D1ECB94B336AF3E8BB8D739FA6E9E544,PART_012C41EC3774276BB02E78F7C0D99F43,4/8/2024,1,1,1885022.97,8,86.16,39.24,14.68,12.43999958,1.09800005,113.5199966,274453.875,0.477999985,249.8470001,53.92
CUST_D1ECB94B336AF3E8BB8D739FA6E9E544,PART_012C41EC3774276BB02E78F7C0D99F43,4/9/2024,1,1,1887770.48,1,10.77,4.905,1.835,12.51000023,1.09800005,113.5800018,274456.125,0.477999985,249.8289948,6.74
CUST_D1ECB94B336AF3E8BB8D739FA6E9E544,PART_012C41EC3774276BB02E78F7C0D99F43,4/10/2024,1,1,1881275.64,6,64.62,29.43,11.01,12.57999992,1.09800005,113.6399994,274458.4063,0.477999985,249.8099976,40.44
CUST_D1ECB94B336AF3E8BB8D739FA6E9E544,PART_012C41EC3774276BB02E78F7C0D99F43,4/11/2024,1,1,1878765.35,7,75.39,34.335,12.845,12.64999962,1.09800005,113.6999969,274460.6563,0.477999985,249.7910004,47.18
CUST_D1ECB94B336AF3E8BB8D739FA6E9E544,PART_012C41EC3774276BB02E78F7C0D99F43,4/12/2024,1,1,1873688.94,1,10.77,4.905,1.835,12.72999954,1.09800005,113.7600021,274462.9375,0.476999998,249.7720032,6.74
CUST_D1ECB94B336AF3E8BB8D739FA6E9E544,PART_012C41EC3774276BB02E78F7C0D99F43,4/15/2024,1,1,1858838.69,6,64.62,29.43,11.01,12.93999958,1.09800005,113.9400024,274469.7188,0.476999998,249.7149963,40.44
CUST_D1ECB94B336AF3E8BB8D739FA6E9E544,PART_012C41EC3774276BB02E78F7C0D99F43,4/18/2024,1,1,1876083.57,20,215.4,98.1,36.7,13.14999962,1.09800005,114.1200027,274476.5313,0.476000011,249.6580048,134.8
CUST_D1ECB94B336AF3E8BB8D739FA6E9E544,PART_012C41EC3774276BB02E78F7C0D99F43,4/19/2024,1,1,1877623.07,7,75.39,34.335,12.845,13.22999954,1.09800005,114.1800003,274478.8125,0.476000011,249.6390076,47.18
CUST_D1ECB94B336AF3E8BB8D739FA6E9E544,PART_012C41EC3774276BB02E78F7C0D99F43,4/22/2024,1,1,1864073.79,8,86.16,39.24,14.68,13.43999958,1.09800005,114.3600006,274485.5938,0.474999994,249.5820007,53.92
CUST_D1ECB94B336AF3E8BB8D739FA6E9E544,PART_012C41EC3774276BB02E78F7C0D99F43,4/23/2024,1,1,1872552.57,4,43.08,19.62,7.34,13.51000023,1.09800005,114.4199982,274487.875,0.474999994,249.5630035,26.96
CUST_D1ECB94B336AF3E8BB8D739FA6E9E544,PART_012C41EC3774276BB02E78F7C0D99F43,4/24/2024,1,1,1870989.5,10,107.7,49.05,18.35,13.57999992,1.09800005,114.4800034,274490.125,0.474999994,249.5449982,67.4
CUST_D1ECB94B336AF3E8BB8D739FA6E9E544,PART_012C41EC3774276BB02E78F7C0D99F43,4/25/2024,1,1,1867980.5,2,21.54,9.81,3.67,13.64999962,1.09800005,114.5400009,274492.4063,0.474000007,249.526001,13.48
CUST_D1ECB94B336AF3E8BB8D739FA6E9E544,PART_012C41EC3774276BB02E78F7C0D99F43,4/26/2024,1,1,1864624.28,8,86.16,39.24,14.68,13.72000027,1.09800005,114.5999985,274494.6563,0.474000007,249.5070038,53.92
CUST_D1ECB94B336AF3E8BB8D739FA6E9E544,PART_012C41EC3774276BB02E78F7C0D99F43,4/29/2024,1,1,1859364.28,7,75.39,34.335,12.845,13.93999958,1.09800005,114.7799988,274501.4688,0.47299999,249.4499969,47.18
CUST_D1ECB94B336AF3E8BB8D739FA6E9E544,PART_012C41EC3774276BB02E78F7C0D99F43,4/30/2024,1,1,1862979.21,0,0,0,0,14.01000023,1.09800005,114.8399963,274503.7188,0.47299999,249.4309998,0
CUST_D1ECB94B336AF3E8BB8D739FA6E9E544,PART_012C41EC3774276BB02E78F7C0D99F43,5/1/2024,1,1,1853227.59,6,64.62,29.43,11.01,13.96000004,1.09800005,114.9000015,274506,0.47299999,249.4120026,40.44
CUST_D1ECB94B336AF3E8BB8D739FA6E9E544,PART_012C41EC3774276BB02E78F7C0D99F43,5/2/2024,1,1,1849268.09,3,32.31,14.715,5.505,13.90999985,1.097000003,114.8679962,274498.125,0.47299999,249.4120026,20.22
CUST_D1ECB94B336AF3E8BB8D739FA6E9E544,PART_012C41EC3774276BB02E78F7C0D99F43,5/3/2024,1,1,1843703.2,8,86.16,39.24,14.68,13.85999966,1.097000003,114.8349991,274490.25,0.47299999,249.4129944,53.92
CUST_D1ECB94B336AF3E8BB8D739FA6E9E544,PART_012C41EC3774276BB02E78F7C0D99F43,5/6/2024,1,1,1832250.93,7,75.39,34.335,12.845,13.71000004,1.095000029,114.7389984,274466.6563,0.472000003,249.4140015,47.18
CUST_D1ECB94B336AF3E8BB8D739FA6E9E544,PART_012C41EC3774276BB02E78F7C0D99F43,5/7/2024,1,1,1840339.66,3,32.31,14.715,5.505,13.65999985,1.093999982,114.7060013,274458.7813,0.472000003,249.4149933,20.22
CUST_D1ECB94B336AF3E8BB8D739FA6E9E544,PART_012C41EC3774276BB02E78F7C0D99F43,5/8/2024,1,1,1835466.34,6,64.62,29.43,11.01,13.60000038,1.093000054,114.6740036,274450.9063,0.470999986,249.4149933,40.44
CUST_D1ECB94B336AF3E8BB8D739FA6E9E544,PART_012C41EC3774276BB02E78F7C0D99F43,5/9/2024,1,1,1833439.89,3,32.31,14.715,5.505,13.55000019,1.093000054,114.6419983,274443.0313,0.470999986,249.4160004,20.22
CUST_D1ECB94B336AF3E8BB8D739FA6E9E544,PART_012C41EC3774276BB02E78F7C0D99F43,5/10/2024,1,1,1829705.82,3,32.31,14.715,5.505,13.5,1.092000008,114.6100006,274435.1563,0.470999986,249.4160004,20.22
CUST_D1ECB94B336AF3E8BB8D739FA6E9E544,PART_012C41EC3774276BB02E78F7C0D99F43,5/13/2024,1,1,1814574.87,6,64.62,29.43,11.01,13.35000038,1.090000033,114.5130005,274411.5625,0.469999999,249.4170074,40.44
CUST_D1ECB94B336AF3E8BB8D739FA6E9E544,PART_012C41EC3774276BB02E78F7C0D99F43,5/14/2024,1,1,1820336.7,1,10.77,4.905,1.835,13.30000019,1.090000033,114.4810028,274403.6875,0.469999999,249.4179993,6.74
CUST_D1ECB94B336AF3E8BB8D739FA6E9E544,PART_012C41EC3774276BB02E78F7C0D99F43,5/15/2024,1,1,1816806.57,4,43.08,19.62,7.34,13.25,1.088999987,114.447998,274395.8125,0.469999999,249.4179993,26.96
CUST_D1ECB94B336AF3E8BB8D739FA6E9E544,PART_012C41EC3774276BB02E78F7C0D99F43,5/16/2024,1,1,1816411.8,1,10.77,4.905,1.835,13.19999981,1.088000059,114.4160004,274387.9375,0.469999999,249.4190063,6.74
CUST_D1ECB94B336AF3E8BB8D739FA6E9E544,PART_012C41EC3774276BB02E78F7C0D99F43,5/17/2024,1,1,1809319.8,8,86.16,39.24,14.68,13.14999962,1.088000059,114.3840027,274380.0625,0.469000012,249.4190063,53.92
CUST_D1ECB94B336AF3E8BB8D739FA6E9E544,PART_012C41EC3774276BB02E78F7C0D99F43,5/20/2024,1,1,1793202.25,10,107.75,49.05,18.35,13,1.085999966,114.2870026,274356.4375,0.469000012,249.4210052,67.4
CUST_D1ECB94B336AF3E8BB8D739FA6E9E544,PART_012C41EC3774276BB02E78F7C0D99F43,5/21/2024,1,1,1804376.52,4,43.08,19.62,7.34,12.94999981,1.085000038,114.2549973,274348.5938,0.467999995,249.4210052,26.96
CUST_D1ECB94B336AF3E8BB8D739FA6E9E544,PART_012C41EC3774276BB02E78F7C0D99F43,5/22/2024,1,1,1793465.9,3,32.31,14.715,5.505,12.89999962,1.083999991,114.2229996,274340.7188,0.467999995,249.4210052,20.22
CUST_D1ECB94B336AF3E8BB8D739FA6E9E544,PART_012C41EC3774276BB02E78F7C0D99F43,5/23/2024,1,1,1791982.67,5,53.85,24.525,9.175,12.85000038,1.083999991,114.1900024,274332.8438,0.467999995,249.4219971,33.7
CUST_D1ECB94B336AF3E8BB8D739FA6E9E544,PART_012C41EC3774276BB02E78F7C0D99F43,5/24/2024,1,1,1789468.51,2,21.54,9.81,3.67,12.78999996,1.082999945,114.1579971,274324.9688,0.467999995,249.4219971,13.48
CUST_D1ECB94B336AF3E8BB8D739FA6E9E544,PART_012C41EC3774276BB02E78F7C0D99F43,5/28/2024,1,1,1782447.28,9,96.94,44.145,16.515,12.59000015,1.08099997,114.0289993,274293.4688,0.467000008,249.423996,60.66
CUST_D1ECB94B336AF3E8BB8D739FA6E9E544,PART_012C41EC3774276BB02E78F7C0D99F43,5/29/2024,1,1,1790804.85,2,21.54,9.81,3.67,12.53999996,1.080000043,113.9970016,274285.625,0.467000008,249.4250031,13.48
CUST_D1ECB94B336AF3E8BB8D739FA6E9E544,PART_012C41EC3774276BB02E78F7C0D99F43,5/30/2024,1,1,1790079.84,5,53.85,24.525,9.175,12.48999977,1.078999996,113.9649963,274277.75,0.465999991,249.4250031,33.7
CUST_D1ECB94B336AF3E8BB8D739FA6E9E544,PART_012C41EC3774276BB02E78F7C0D99F43,5/31/2024,1,1,1784163.83,8,86.16,39.24,14.68,12.43999958,1.078999996,113.9319992,274269.875,0.465999991,249.4259949,53.92
CUST_D1ECB94B336AF3E8BB8D739FA6E9E544,PART_012C41EC3774276BB02E78F7C0D99F43,6/3/2024,1,1,1776444.1,7,75.39,34.335,12.845,12.71000004,1.080000043,113.8799973,274203.0625,0.467999995,249.427002,47.18
CUST_D1ECB94B336AF3E8BB8D739FA6E9E544,PART_012C41EC3774276BB02E78F7C0D99F43,6/4/2024,1,1,1782035.01,4,43.08,19.62,7.34,12.80000019,1.08099997,113.8700027,274173.5938,0.469000012,249.4279938,26.96
CUST_D1ECB94B336AF3E8BB8D739FA6E9E544,PART_012C41EC3774276BB02E78F7C0D99F43,6/5/2024,1,1,1776961.01,4,43.08,19.62,7.34,12.89000034,1.082000017,113.8600006,274144.125,0.469999999,249.4279938,26.96
CUST_D1ECB94B336AF3E8BB8D739FA6E9E544,PART_012C41EC3774276BB02E78F7C0D99F43,6/6/2024,1,1,1769102.96,2,21.56,9.81,3.67,12.97999954,1.082999945,113.8499985,274114.6563,0.470999986,249.4290009,13.48
CUST_D1ECB94B336AF3E8BB8D739FA6E9E544,PART_012C41EC3774276BB02E78F7C0D99F43,6/7/2024,1,1,1764671.81,9,96.93,44.145,16.515,13.06999969,1.083999991,113.8399963,274085.1875,0.472000003,249.4290009,60.66
CUST_D1ECB94B336AF3E8BB8D739FA6E9E544,PART_012C41EC3774276BB02E78F7C0D99F43,6/10/2024,1,1,1749823.76,3,32.31,14.715,5.505,13.34000015,1.088000059,113.8099976,273996.8125,0.474999994,249.4309998,20.22
CUST_D1ECB94B336AF3E8BB8D739FA6E9E544,PART_012C41EC3774276BB02E78F7C0D99F43,6/11/2024,1,1,1756193.81,1,10.78,4.905,1.835,13.43000031,1.088999987,113.8000031,273967.3438,0.476000011,249.4309998,6.74
CUST_D1ECB94B336AF3E8BB8D739FA6E9E544,PART_012C41EC3774276BB02E78F7C0D99F43,6/12/2024,1,1,1749541.01,4,43.08,19.62,7.34,13.52000046,1.090000033,113.7900009,273937.875,0.476999998,249.4320068,26.96
CUST_D1ECB94B336AF3E8BB8D739FA6E9E544,PART_012C41EC3774276BB02E78F7C0D99F43,6/14/2024,1,1,1746984.48,4,43.08,19.62,7.34,13.69999981,1.092000008,113.7699966,273878.9375,0.479000002,249.4329987,26.96
CUST_D1ECB94B336AF3E8BB8D739FA6E9E544,PART_012C41EC3774276BB02E78F7C0D99F43,6/17/2024,1,1,1736515.08,8,86.16,39.24,14.68,13.97999954,1.095000029,113.7399979,273790.5313,0.481000006,249.4349976,53.92
CUST_D1ECB94B336AF3E8BB8D739FA6E9E544,PART_012C41EC3774276BB02E78F7C0D99F43,6/18/2024,1,1,1747978.34,4,43.08,19.62,7.34,14.06999969,1.095999956,113.7300034,273761.0625,0.481999993,249.4349976,26.96
CUST_D1ECB94B336AF3E8BB8D739FA6E9E544,PART_012C41EC3774276BB02E78F7C0D99F43,6/19/2024,1,1,1750634.46,4,43.08,19.62,7.34,14.15999985,1.097000003,113.7200012,273731.5938,0.48300001,249.4360046,26.96
CUST_D1ECB94B336AF3E8BB8D739FA6E9E544,PART_012C41EC3774276BB02E78F7C0D99F43,6/20/2024,1,1,1742794.64,7,75.39,34.335,12.845,14.25,1.09800005,113.7099991,273702.125,0.483999997,249.4360046,47.18
CUST_D1ECB94B336AF3E8BB8D739FA6E9E544,PART_012C41EC3774276BB02E78F7C0D99F43,6/21/2024,1,1,1742331.04,4,43.08,19.62,7.34,14.34000015,1.098999977,113.6999969,273672.6563,0.485000014,249.4369965,26.96
CUST_D1ECB94B336AF3E8BB8D739FA6E9E544,PART_012C41EC3774276BB02E78F7C0D99F43,6/24/2024,1,1,1733062.32,7,75.46,34.335,12.845,14.60999966,1.103000045,113.6699982,273584.2813,0.488000005,249.4380035,47.18
CUST_D1ECB94B336AF3E8BB8D739FA6E9E544,PART_012C41EC3774276BB02E78F7C0D99F43,6/25/2024,1,1,1741737.67,18,194.04,88.29,33.03,14.69999981,1.103999972,113.6600037,273554.8125,0.488999993,249.4389954,121.32
CUST_D1ECB94B336AF3E8BB8D739FA6E9E544,PART_012C41EC3774276BB02E78F7C0D99F43,6/26/2024,1,1,1735241.78,6,64.68,29.43,11.01,14.78999996,1.105000019,113.6500015,273525.3438,0.49000001,249.4389954,40.44
CUST_D1ECB94B336AF3E8BB8D739FA6E9E544,PART_012C41EC3774276BB02E78F7C0D99F43,6/27/2024,1,1,1728092.85,4,43.12,19.62,7.34,14.88000011,1.105999947,113.6399994,273495.875,0.490999997,249.4400024,26.96
CUST_D1ECB94B336AF3E8BB8D739FA6E9E544,PART_012C41EC3774276BB02E78F7C0D99F43,6/28/2024,1,1,1727057.84,3,32.34,14.715,5.505,14.97000027,1.106999993,113.6299973,273466.4063,0.492000014,249.4400024,20.22
CUST_D1ECB94B336AF3E8BB8D739FA6E9E544,PART_012C41EC3774276BB02E78F7C0D99F43,6/29/2024,1,1,1717335.35,1,10.78,4.905,1.835,15.06000042,1.10800004,113.6200027,273436.9375,0.493000001,249.4409943,6.74
CUST_D1ECB94B336AF3E8BB8D739FA6E9E544,PART_012C41EC3774276BB02E78F7C0D99F43,7/1/2024,1,1,1712433.49,8,86.24,39.24,14.68,15.05000019,1.110000014,113.5999985,273378,0.495000005,249.4420013,53.92
CUST_D1ECB94B336AF3E8BB8D739FA6E9E544,PART_012C41EC3774276BB02E78F7C0D99F43,7/5/2024,1,1,1713601.21,7,75.46,34.335,12.845,14.65999985,1.110999942,113.7030029,273499.1563,0.495000005,249.4429932,47.18
CUST_D1ECB94B336AF3E8BB8D739FA6E9E544,PART_012C41EC3774276BB02E78F7C0D99F43,7/8/2024,1,1,1698072.31,7,75.46,34.335,12.845,14.36999989,1.111999989,113.7809982,273590.0313,0.495000005,249.4440002,47.18
CUST_D1ECB94B336AF3E8BB8D739FA6E9E544,PART_012C41EC3774276BB02E78F7C0D99F43,7/9/2024,1,1,1704814.9,16,172.48,78.48,29.36,14.27000046,1.113000035,113.8059998,273620.3125,0.495000005,249.4450073,107.84
CUST_D1ECB94B336AF3E8BB8D739FA6E9E544,PART_012C41EC3774276BB02E78F7C0D99F43,7/10/2024,1,1,1705688.77,7,75.46,34.335,12.845,14.18000031,1.113000035,113.8320007,273650.625,0.495000005,249.4450073,47.18
CUST_D1ECB94B336AF3E8BB8D739FA6E9E544,PART_012C41EC3774276BB02E78F7C0D99F43,7/11/2024,1,1,1705034.44,1,10.78,4.905,1.835,14.07999992,1.113999963,113.8580017,273680.9063,0.495000005,249.4459991,6.74
CUST_D1ECB94B336AF3E8BB8D739FA6E9E544,PART_012C41EC3774276BB02E78F7C0D99F43,7/15/2024,1,1,1693416.44,8,86.24,39.24,14.68,13.68999958,1.11500001,113.9609985,273802.0625,0.495000005,249.4470062,53.92
CUST_D1ECB94B336AF3E8BB8D739FA6E9E544,PART_012C41EC3774276BB02E78F7C0D99F43,7/16/2024,1,1,1697546.41,10,107.8,49.05,18.35,13.59000015,1.11500001,113.9869995,273832.3438,0.495000005,249.4470062,67.4
CUST_D1ECB94B336AF3E8BB8D739FA6E9E544,PART_012C41EC3774276BB02E78F7C0D99F43,7/17/2024,1,1,1692006.29,7,75.46,34.335,12.845,13.48999977,1.116000056,114.0130005,273862.6563,0.493999988,249.447998,47.18
CUST_D1ECB94B336AF3E8BB8D739FA6E9E544,PART_012C41EC3774276BB02E78F7C0D99F43,7/18/2024,1,1,1693198.59,3,32.34,14.715,5.505,13.39999962,1.116000056,114.0390015,273892.9375,0.493999988,249.447998,20.22
CUST_D1ECB94B336AF3E8BB8D739FA6E9E544,PART_012C41EC3774276BB02E78F7C0D99F43,7/19/2024,1,1,1693844.59,8,86.24,39.24,14.68,13.30000019,1.116000056,114.0650024,273923.2188,0.493999988,249.447998,53.92
CUST_D1ECB94B336AF3E8BB8D739FA6E9E544,PART_012C41EC3774276BB02E78F7C0D99F43,7/22/2024,1,1,1677233.55,6,64.68,29.43,11.01,13.01000023,1.116999984,114.1419983,274014.0938,0.493999988,249.4490051,40.44
CUST_D1ECB94B336AF3E8BB8D739FA6E9E544,PART_012C41EC3774276BB02E78F7C0D99F43,7/23/2024,1,1,1690411.29,7,75.46,34.335,12.845,12.90999985,1.118000031,114.1679993,274044.375,0.493999988,249.4499969,47.18
CUST_D1ECB94B336AF3E8BB8D739FA6E9E544,PART_012C41EC3774276BB02E78F7C0D99F43,7/24/2024,1,1,1684863.63,3,32.34,14.715,5.505,12.81000042,1.118000031,114.1940002,274074.6875,0.493999988,249.4499969,20.22
CUST_D1ECB94B336AF3E8BB8D739FA6E9E544,PART_012C41EC3774276BB02E78F7C0D99F43,7/26/2024,1,1,1675814.35,2,21.56,9.81,3.67,12.61999989,1.118999958,114.2450027,274135.25,0.493999988,249.451004,13.48
CUST_D1ECB94B336AF3E8BB8D739FA6E9E544,PART_012C41EC3774276BB02E78F7C0D99F43,7/29/2024,1,1,1666957.7,9,97.02,44.145,16.515,12.31999969,1.120000005,114.322998,274226.125,0.493999988,249.4519958,60.66
CUST_D1ECB94B336AF3E8BB8D739FA6E9E544,PART_012C41EC3774276BB02E78F7C0D99F43,7/30/2024,1,1,1672198.95,11,118.58,53.955,20.185,12.22999954,1.120000005,114.3479996,274256.4063,0.493999988,249.4519958,74.14
CUST_D1ECB94B336AF3E8BB8D739FA6E9E544,PART_012C41EC3774276BB02E78F7C0D99F43,7/31/2024,1,1,1669537.87,7,75.46,34.335,12.845,12.13000011,1.121000051,114.3740005,274286.7188,0.493999988,249.4530029,47.18
CUST_D1ECB94B336AF3E8BB8D739FA6E9E544,PART_012C41EC3774276BB02E78F7C0D99F43,8/1/2024,1,1,1662435.74,8,86.24,39.24,14.68,12.19999981,1.121000051,114.4000015,274317,0.493999988,249.4530029,53.92
CUST_D1ECB94B336AF3E8BB8D739FA6E9E544,PART_012C41EC3774276BB02E78F7C0D99F43,8/2/2024,1,1,1661863.22,2,21.56,9.81,3.67,12.27000046,1.120000005,114.3580017,274279.3438,0.493999988,249.5540009,13.48
CUST_D1ECB94B336AF3E8BB8D739FA6E9E544,PART_012C41EC3774276BB02E78F7C0D99F43,8/5/2024,1,1,1655969.68,12,129.36,58.86,22.02,12.47000027,1.118999958,114.2320023,274166.4063,0.492000014,249.8569946,80.88
CUST_D1ECB94B336AF3E8BB8D739FA6E9E544,PART_012C41EC3774276BB02E78F7C0D99F43,8/6/2024,1,1,1665706.37,7,75.46,34.335,12.845,12.53999996,1.118000031,114.1900024,274128.7813,0.492000014,249.9579926,47.18
CUST_D1ECB94B336AF3E8BB8D739FA6E9E544,PART_012C41EC3774276BB02E78F7C0D99F43,8/7/2024,1,1,1661505.86,5,53.9,24.525,9.175,12.60999966,1.116999984,114.1480026,274091.125,0.490999997,250.0590057,33.7
CUST_D1ECB94B336AF3E8BB8D739FA6E9E544,PART_012C41EC3774276BB02E78F7C0D99F43,8/8/2024,1,1,1658513.64,5,53.9,24.525,9.175,12.67000008,1.116999984,114.1060028,274053.4688,0.490999997,250.1600037,33.7
CUST_D1ECB94B336AF3E8BB8D739FA6E9E544,PART_012C41EC3774276BB02E78F7C0D99F43,8/9/2024,1,1,1658582.26,5,53.9,24.525,9.175,12.73999977,1.116000056,114.0650024,274015.8438,0.49000001,250.2619934,33.7
CUST_D1ECB94B336AF3E8BB8D739FA6E9E544,PART_012C41EC3774276BB02E78F7C0D99F43,8/12/2024,1,1,1650879.44,5,53.9,24.525,9.175,12.94999981,1.113999963,113.939003,273902.9063,0.488999993,250.5650024,33.7
CUST_D1ECB94B336AF3E8BB8D739FA6E9E544,PART_012C41EC3774276BB02E78F7C0D99F43,8/13/2024,1,1,1658520.66,5,53.9,24.525,9.175,13.01000023,1.113999963,113.8970032,273865.25,0.488999993,250.6660004,33.7
CUST_D1ECB94B336AF3E8BB8D739FA6E9E544,PART_012C41EC3774276BB02E78F7C0D99F43,8/14/2024,1,1,1653089.94,6,64.68,29.43,11.01,13.07999992,1.113000035,113.8550034,273827.625,0.488000005,250.7669983,40.44
CUST_D1ECB94B336AF3E8BB8D739FA6E9E544,PART_012C41EC3774276BB02E78F7C0D99F43,8/15/2024,1,1,1655195.94,2,21.56,9.81,3.67,13.14999962,1.111999989,113.8130035,273789.9688,0.488000005,250.8679962,13.48
CUST_D1ECB94B336AF3E8BB8D739FA6E9E544,PART_012C41EC3774276BB02E78F7C0D99F43,8/16/2024,1,1,1650713.1,20,215.6,98.1,36.7,13.22000027,1.111999989,113.7710037,273752.3125,0.486999989,250.9689941,134.8
CUST_D1ECB94B336AF3E8BB8D739FA6E9E544,PART_012C41EC3774276BB02E78F7C0D99F43,8/19/2024,1,1,1641471.76,12,129.36,58.86,22.02,13.42000008,1.110000014,113.6449966,273639.375,0.486000001,251.2720032,80.88
CUST_D1ECB94B336AF3E8BB8D739FA6E9E544,PART_012C41EC3774276BB02E78F7C0D99F43,8/20/2024,1,1,1650025.51,6,64.68,29.43,11.01,13.48999977,1.108999968,113.6029968,273601.75,0.485000014,251.3730011,40.44
CUST_D1ECB94B336AF3E8BB8D739FA6E9E544,PART_012C41EC3774276BB02E78F7C0D99F43,8/21/2024,1,1,1646470.51,3,32.34,14.715,5.505,13.56000042,1.108999968,113.560997,273564.0938,0.485000014,251.473999,20.22
CUST_D1ECB94B336AF3E8BB8D739FA6E9E544,PART_012C41EC3774276BB02E78F7C0D99F43,8/22/2024,1,1,1644721.93,1,10.78,4.905,1.835,13.63000011,1.10800004,113.5189972,273526.4375,0.485000014,251.5749969,6.74
CUST_D1ECB94B336AF3E8BB8D739FA6E9E544,PART_012C41EC3774276BB02E78F7C0D99F43,8/23/2024,1,1,1645649.87,2,21.56,9.81,3.67,13.69999981,1.10800004,113.4769974,273488.8125,0.483999997,251.6759949,13.48
CUST_D1ECB94B336AF3E8BB8D739FA6E9E544,PART_012C41EC3774276BB02E78F7C0D99F43,8/26/2024,1,1,1637082.7,20,215.6,98.1,36.7,13.89999962,1.105999947,113.3519974,273375.875,0.48300001,251.9799957,134.8
CUST_D1ECB94B336AF3E8BB8D739FA6E9E544,PART_012C41EC3774276BB02E78F7C0D99F43,8/27/2024,1,1,1644875.1,7,75.46,34.335,12.845,13.97000027,1.105000019,113.3099976,273338.2188,0.481999993,252.0809937,47.18
CUST_D1ECB94B336AF3E8BB8D739FA6E9E544,PART_012C41EC3774276BB02E78F7C0D99F43,8/28/2024,1,1,1646281.14,3,32.34,14.715,5.505,14.03999996,1.103999972,113.2679977,273300.5938,0.481999993,252.1820068,20.22
CUST_D1ECB94B336AF3E8BB8D739FA6E9E544,PART_012C41EC3774276BB02E78F7C0D99F43,8/29/2024,1,1,1648853.34,5,53.9,24.525,9.175,14.10000038,1.103999972,113.2259979,273262.9375,0.481000006,252.2830048,33.7
CUST_D1ECB94B336AF3E8BB8D739FA6E9E544,PART_012C41EC3774276BB02E78F7C0D99F43,8/30/2024,1,1,1645896.73,11,118.58,53.955,20.185,14.17000008,1.103000045,113.1839981,273225.2813,0.481000006,252.3840027,74.14
CUST_D1ECB94B336AF3E8BB8D739FA6E9E544,PART_012C41EC3774276BB02E78F7C0D99F43,9/3/2024,1,1,1636799.06,7,75.46,34.335,12.845,14.5,1.100999951,113.1600037,273348.3438,0.479000002,252.5859985,47.18
CUST_D1ECB94B336AF3E8BB8D739FA6E9E544,PART_012C41EC3774276BB02E78F7C0D99F43,9/4/2024,1,1,1647533.7,1,10.78,4.905,1.835,14.59000015,1.100000024,113.1900024,273447.5,0.477999985,252.5859985,6.74
CUST_D1ECB94B336AF3E8BB8D739FA6E9E544,PART_012C41EC3774276BB02E78F7C0D99F43,9/5/2024,1,1,1647002.67,3,32.34,14.715,5.505,14.68000031,1.098999977,113.2200012,273546.6563,0.477999985,252.5859985,20.22
CUST_D1ECB94B336AF3E8BB8D739FA6E9E544,PART_012C41EC3774276BB02E78F7C0D99F43,9/6/2024,1,1,1643868.14,6,64.68,29.43,11.01,14.77000046,1.098999977,113.25,273645.8438,0.476999998,252.5859985,40.44
CUST_D1ECB94B336AF3E8BB8D739FA6E9E544,PART_012C41EC3774276BB02E78F7C0D99F43,9/9/2024,1,1,1626882.55,9,97.02,44.145,16.515,15.02999973,1.095999956,113.3399963,273943.3438,0.476000011,252.5859985,60.66
CUST_D1ECB94B336AF3E8BB8D739FA6E9E544,PART_012C41EC3774276BB02E78F7C0D99F43,9/10/2024,1,1,1635259.96,3,32.34,14.715,5.505,15.11999989,1.095999956,113.3700027,274042.5,0.474999994,252.5859985,20.22
CUST_D1ECB94B336AF3E8BB8D739FA6E9E544,PART_012C41EC3774276BB02E78F7C0D99F43,9/11/2024,1,1,1633090.8,5,53.9,24.525,9.175,15.21000004,1.095000029,113.4000015,274141.6563,0.474999994,252.5859985,33.7
CUST_D1ECB94B336AF3E8BB8D739FA6E9E544,PART_012C41EC3774276BB02E78F7C0D99F43,9/12/2024,1,1,1629898.93,2,21.56,9.81,3.67,15.30000019,1.093999982,113.4300003,274240.8438,0.474000007,252.5859985,13.48
CUST_D1ECB94B336AF3E8BB8D739FA6E9E544,PART_012C41EC3774276BB02E78F7C0D99F43,9/13/2024,1,1,1627948.29,7,75.46,34.335,12.845,15.38000011,1.093999982,113.4599991,274340,0.474000007,252.5859985,47.18
CUST_D1ECB94B336AF3E8BB8D739FA6E9E544,PART_012C41EC3774276BB02E78F7C0D99F43,9/16/2024,1,1,1625202.81,7,75.46,34.335,12.845,15.64999962,1.092000008,113.5500031,274637.5,0.472000003,252.5859985,47.18
CUST_D1ECB94B336AF3E8BB8D739FA6E9E544,PART_012C41EC3774276BB02E78F7C0D99F43,9/17/2024,1,1,1629058.16,1,10.78,4.905,1.835,15.73999977,1.090999961,113.5800018,274736.6563,0.470999986,252.5859985,6.74
CUST_D1ECB94B336AF3E8BB8D739FA6E9E544,PART_012C41EC3774276BB02E78F7C0D99F43,9/18/2024,1,1,1625413.35,6,64.68,29.43,11.01,15.81999969,1.090000033,113.6100006,274835.8438,0.470999986,252.5859985,40.44
CUST_D1ECB94B336AF3E8BB8D739FA6E9E544,PART_012C41EC3774276BB02E78F7C0D99F43,9/19/2024,1,1,1624093.53,9,97.02,44.145,16.515,15.90999985,1.088999987,113.6399994,274935,0.469999999,252.5859985,60.66
CUST_D1ECB94B336AF3E8BB8D739FA6E9E544,PART_012C41EC3774276BB02E78F7C0D99F43,9/20/2024,1,1,1620673.18,8,86.24,39.24,14.68,16,1.088999987,113.6699982,275034.1563,0.469999999,252.5859985,53.92
CUST_D1ECB94B336AF3E8BB8D739FA6E9E544,PART_012C41EC3774276BB02E78F7C0D99F43,9/23/2024,1,1,1608986.64,7,75.46,34.335,12.845,16.26000023,1.087000012,113.7600021,275331.6563,0.467999995,252.5859985,47.18
CUST_D1ECB94B336AF3E8BB8D739FA6E9E544,PART_012C41EC3774276BB02E78F7C0D99F43,9/25/2024,1,1,1612882.8,18,194.04,88.29,33.03,16.44000053,1.085000038,113.8199997,275530,0.467000008,252.5859985,121.32
CUST_D1ECB94B336AF3E8BB8D739FA6E9E544,PART_012C41EC3774276BB02E78F7C0D99F43,9/26/2024,1,1,1614635.19,6,64.68,29.43,11.01,16.53000069,1.085000038,113.8499985,275629.1563,0.467000008,252.5859985,40.44
CUST_D1ECB94B336AF3E8BB8D739FA6E9E544,PART_012C41EC3774276BB02E78F7C0D99F43,9/27/2024,1,1,1612870.98,1,10.78,4.905,1.835,16.62000084,1.083999991,113.8799973,275728.3438,0.465999991,252.5859985,6.74
CUST_D1ECB94B336AF3E8BB8D739FA6E9E544,PART_012C41EC3774276BB02E78F7C0D99F43,9/30/2024,1,1,1603431.72,14,150.92,68.67,25.69,16.87999916,1.082000017,113.9700012,276025.8438,0.465000004,252.5859985,94.36
CUST_D1ECB94B336AF3E8BB8D739FA6E9E544,PART_012C41EC3774276BB02E78F7C0D99F43,10/1/2024,1,1,1611955.8,6,64.68,29.43,11.01,16.81999969,1.08099997,114,276125,0.463999987,252.5859985,40.44
CUST_D1ECB94B336AF3E8BB8D739FA6E9E544,PART_012C41EC3774276BB02E78F7C0D99F43,10/2/2024,1,1,1611643.38,15,161.7,73.575,27.525,16.76000023,1.08099997,113.9680023,276069.9063,0.465000004,252.5870056,101.1
CUST_D1ECB94B336AF3E8BB8D739FA6E9E544,PART_012C41EC3774276BB02E78F7C0D99F43,10/4/2024,1,1,1614871.02,8,86.24,39.24,14.68,16.63999939,1.08099997,113.9029999,275959.7188,0.467000008,252.5899963,53.92
CUST_D1ECB94B336AF3E8BB8D739FA6E9E544,PART_012C41EC3774276BB02E78F7C0D99F43,10/7/2024,1,1,1602550.33,7,75.46,34.335,12.845,16.45000076,1.082000017,113.8059998,275794.4063,0.469000012,252.5939941,47.18
CUST_D1ECB94B336AF3E8BB8D739FA6E9E544,PART_012C41EC3774276BB02E78F7C0D99F43,10/8/2024,1,1,1608522.71,7,75.46,34.335,12.845,16.38999939,1.082000017,113.7740021,275739.3125,0.469999999,252.5950012,47.18
CUST_D1ECB94B336AF3E8BB8D739FA6E9E544,PART_012C41EC3774276BB02E78F7C0D99F43,10/9/2024,1,1,1609888.79,10,107.8,49.05,18.35,16.32999992,1.082000017,113.7419968,275684.2188,0.470999986,252.595993,67.4
CUST_D1ECB94B336AF3E8BB8D739FA6E9E544,PART_012C41EC3774276BB02E78F7C0D99F43,10/10/2024,1,1,1611103.47,3,32.34,14.715,5.505,16.27000046,1.082000017,113.7099991,275629.125,0.472000003,252.5980072,20.22
CUST_D1ECB94B336AF3E8BB8D739FA6E9E544,PART_012C41EC3774276BB02E78F7C0D99F43,10/11/2024,1,1,1610612.01,5,53.9,24.525,9.175,16.20999908,1.082999945,113.677002,275574.0313,0.47299999,252.598999,33.7
CUST_D1ECB94B336AF3E8BB8D739FA6E9E544,PART_012C41EC3774276BB02E78F7C0D99F43,10/14/2024,1,1,1606662.81,11,118.58,53.955,20.185,16.03000069,1.082999945,113.5810013,275408.75,0.474999994,252.6029968,74.14
CUST_D1ECB94B336AF3E8BB8D739FA6E9E544,PART_012C41EC3774276BB02E78F7C0D99F43,10/15/2024,1,1,1609777.28,4,43.12,19.62,7.34,15.97000027,1.082999945,113.5479965,275353.6563,0.476000011,252.6040039,26.96
CUST_D1ECB94B336AF3E8BB8D739FA6E9E544,PART_012C41EC3774276BB02E78F7C0D99F43,10/16/2024,1,1,1608564.27,5,53.9,24.525,9.175,15.89999962,1.082999945,113.5159988,275298.5625,0.476999998,252.6049957,33.7
CUST_D1ECB94B336AF3E8BB8D739FA6E9E544,PART_012C41EC3774276BB02E78F7C0D99F43,10/17/2024,1,1,1608081.71,5,53.9,24.525,9.175,15.84000015,1.083999991,113.4840012,275243.4375,0.477999985,252.6069946,33.7
CUST_D1ECB94B336AF3E8BB8D739FA6E9E544,PART_012C41EC3774276BB02E78F7C0D99F43,10/18/2024,1,1,1610760.31,5,53.9,24.525,9.175,15.77999973,1.083999991,113.4520035,275188.3438,0.479000002,252.6080017,33.7
CUST_D1ECB94B336AF3E8BB8D739FA6E9E544,PART_012C41EC3774276BB02E78F7C0D99F43,10/21/2024,1,1,1606497.36,19,204.82,93.195,34.865,15.60000038,1.083999991,113.3550034,275023.0625,0.481000006,252.6119995,128.06
CUST_D1ECB94B336AF3E8BB8D739FA6E9E544,PART_012C41EC3774276BB02E78F7C0D99F43,10/22/2024,1,1,1613215.51,4,43.12,19.62,7.34,15.53999996,1.083999991,113.322998,274967.9688,0.481999993,252.6130066,26.96
CUST_D1ECB94B336AF3E8BB8D739FA6E9E544,PART_012C41EC3774276BB02E78F7C0D99F43,10/23/2024,1,1,1614842.61,2,21.56,9.81,3.67,15.47999954,1.085000038,113.2900009,274912.875,0.48300001,252.6139984,13.48
CUST_D1ECB94B336AF3E8BB8D739FA6E9E544,PART_012C41EC3774276BB02E78F7C0D99F43,10/25/2024,1,1,1614617.49,3,32.34,14.715,5.505,15.35999966,1.085000038,113.2259979,274802.6875,0.485000014,252.6170044,20.22
CUST_D1ECB94B336AF3E8BB8D739FA6E9E544,PART_012C41EC3774276BB02E78F7C0D99F43,10/28/2024,1,1,1600148.53,12,129.36,58.86,22.02,15.17000008,1.085000038,113.1289978,274637.375,0.488000005,252.6210022,80.88
CUST_D1ECB94B336AF3E8BB8D739FA6E9E544,PART_012C41EC3774276BB02E78F7C0D99F43,10/29/2024,1,1,1605337.83,8,86.24,39.24,14.68,15.10999966,1.085999966,113.0970001,274582.2813,0.488000005,252.621994,53.92
CUST_D1ECB94B336AF3E8BB8D739FA6E9E544,PART_012C41EC3774276BB02E78F7C0D99F43,10/31/2024,1,1,1616905.63,10,107.8,49.05,18.35,14.98999977,1.085999966,113.0319977,274472.0938,0.49000001,252.625,67.4
CUST_D1ECB94B336AF3E8BB8D739FA6E9E544,PART_012C41EC3774276BB02E78F7C0D99F43,11/1/2024,1,1,1612794.83,5,53.9,24.525,9.175,15.06000042,1.085999966,113,274417,0.490999997,252.6260071,33.7
CUST_D1ECB94B336AF3E8BB8D739FA6E9E544,PART_012C41EC3774276BB02E78F7C0D99F43,11/4/2024,1,1,1606386.7,2,21.56,9.81,3.67,15.28999996,1.077999949,112.9599991,274587.4063,0.488000005,252.6399994,13.48
CUST_D1ECB94B336AF3E8BB8D739FA6E9E544,PART_012C41EC3774276BB02E78F7C0D99F43,11/5/2024,1,1,1611513.84,9,97.02,44.145,16.515,15.35999966,1.075000048,112.9469986,274644.1875,0.486999989,252.6439972,60.66
CUST_D1ECB94B336AF3E8BB8D739FA6E9E544,PART_012C41EC3774276BB02E78F7C0D99F43,11/6/2024,1,1,1609867.36,7,75.46,34.335,12.845,15.43999958,1.072999954,112.9329987,274701,0.486000001,252.6490021,47.18
CUST_D1ECB94B336AF3E8BB8D739FA6E9E544,PART_012C41EC3774276BB02E78F7C0D99F43,11/7/2024,1,1,1605294.08,2,21.56,9.81,3.67,15.51000023,1.070000052,112.9199982,274757.8125,0.485000014,252.6529999,13.48
CUST_D1ECB94B336AF3E8BB8D739FA6E9E544,PART_012C41EC3774276BB02E78F7C0D99F43,11/8/2024,1,1,1606104.49,5,53.9,24.525,9.175,15.57999992,1.067999959,112.9069977,274814.5938,0.483999997,252.6580048,33.7
CUST_D1ECB94B336AF3E8BB8D739FA6E9E544,PART_012C41EC3774276BB02E78F7C0D99F43,11/11/2024,1,1,1590259.37,9,97.02,44.145,16.515,15.81000042,1.059999943,112.8669968,274985,0.481000006,252.6710052,60.66
CUST_D1ECB94B336AF3E8BB8D739FA6E9E544,PART_012C41EC3774276BB02E78F7C0D99F43,11/12/2024,1,1,1598950.95,6,64.68,29.43,11.01,15.88000011,1.057000041,112.8529968,275041.8125,0.479999989,252.6759949,40.44
CUST_D1ECB94B336AF3E8BB8D739FA6E9E544,PART_012C41EC3774276BB02E78F7C0D99F43,11/13/2024,1,1,1596765.25,13,140.14,63.765,23.855,15.96000004,1.05400002,112.8399963,275098.5938,0.479000002,252.6799927,87.62
CUST_D1ECB94B336AF3E8BB8D739FA6E9E544,PART_012C41EC3774276BB02E78F7C0D99F43,11/15/2024,1,1,1590206.89,8,86.24,39.24,14.68,16.10000038,1.049000025,112.8130035,275212.1875,0.476999998,252.6889954,53.92
CUST_D1ECB94B336AF3E8BB8D739FA6E9E544,PART_012C41EC3774276BB02E78F7C0D99F43,11/18/2024,1,1,1580429.15,12,129.36,58.86,22.02,16.32999992,1.041000009,112.7730026,275382.5938,0.474000007,252.7030029,80.88
CUST_D1ECB94B336AF3E8BB8D739FA6E9E544,PART_012C41EC3774276BB02E78F7C0D99F43,11/19/2024,1,1,1588605.92,10,107.8,49.05,18.35,16.39999962,1.039000034,112.7600021,275439.4063,0.47299999,252.7079926,67.4
CUST_D1ECB94B336AF3E8BB8D739FA6E9E544,PART_012C41EC3774276BB02E78F7C0D99F43,11/20/2024,1,1,1585500.82,3,32.34,14.715,5.505,16.47999954,1.036000013,112.7470016,275496.1875,0.472000003,252.7120056,20.22
CUST_D1ECB94B336AF3E8BB8D739FA6E9E544,PART_012C41EC3774276BB02E78F7C0D99F43,11/21/2024,1,1,1588446.96,8,86.24,39.24,14.68,16.54999924,1.032999992,112.7330017,275553,0.470999986,252.7169952,53.92
CUST_D1ECB94B336AF3E8BB8D739FA6E9E544,PART_012C41EC3774276BB02E78F7C0D99F43,11/22/2024,1,1,1589761.5,20,215.6,98.1,36.7,16.62999916,1.031000018,112.7200012,275609.8125,0.469999999,252.720993,134.8
CUST_D1ECB94B336AF3E8BB8D739FA6E9E544,PART_012C41EC3774276BB02E78F7C0D99F43,11/25/2024,1,1,1588544.85,10,107.8,49.05,18.35,16.85000038,1.023000002,112.6800003,275780.1875,0.467000008,252.7350006,67.4
CUST_D1ECB94B336AF3E8BB8D739FA6E9E544,PART_012C41EC3774276BB02E78F7C0D99F43,11/29/2024,1,1,1586974.01,8,86.24,39.24,14.68,17.14999962,1.011999965,112.6269989,276007.4063,0.463,252.753006,53.92
CUST_D1ECB94B336AF3E8BB8D739FA6E9E544,PART_012C41EC3774276BB02E78F7C0D99F43,12/2/2024,1,1,1578486.2,5,53.9,24.525,9.175,17.05999947,1.004999995,112.5839996,276118.0625,0.460999995,252.7619934,33.7
CUST_D1ECB94B336AF3E8BB8D739FA6E9E544,PART_012C41EC3774276BB02E78F7C0D99F43,12/3/2024,1,1,1590108.61,16,172.48,78.48,29.36,16.97999954,1.003999949,112.5680008,276115.125,0.462000012,252.7610016,107.84
CUST_D1ECB94B336AF3E8BB8D739FA6E9E544,PART_012C41EC3774276BB02E78F7C0D99F43,12/4/2024,1,1,1588074.63,9,97.02,44.145,16.515,16.89999962,1.001999974,112.552002,276112.1875,0.462000012,252.7610016,60.66
CUST_D1ECB94B336AF3E8BB8D739FA6E9E544,PART_012C41EC3774276BB02E78F7C0D99F43,12/5/2024,1,1,1587758.14,4,43.12,19.62,7.34,16.81999969,1,112.5350037,276109.25,0.463,252.7610016,26.96
CUST_D1ECB94B336AF3E8BB8D739FA6E9E544,PART_012C41EC3774276BB02E78F7C0D99F43,12/9/2024,1,1,1583334.48,11,118.58,53.955,20.185,16.51000023,0.992999971,112.4710007,276097.5313,0.463999987,252.7599945,74.14
CUST_D1ECB94B336AF3E8BB8D739FA6E9E544,PART_012C41EC3774276BB02E78F7C0D99F43,12/10/2024,1,1,1590023.49,4,43.12,19.62,7.34,16.43000031,0.991999984,112.4550018,276094.5938,0.465000004,252.7590027,26.96
CUST_D1ECB94B336AF3E8BB8D739FA6E9E544,PART_012C41EC3774276BB02E78F7C0D99F43,12/11/2024,1,1,1588521.71,7,75.46,34.335,12.845,16.35000038,0.99000001,112.439003,276091.6563,0.465000004,252.7590027,47.18
CUST_D1ECB94B336AF3E8BB8D739FA6E9E544,PART_012C41EC3774276BB02E78F7C0D99F43,12/12/2024,1,1,1590285.52,7,75.46,34.335,12.845,16.27000046,0.987999976,112.4229965,276088.7188,0.465999991,252.7590027,47.18
CUST_D1ECB94B336AF3E8BB8D739FA6E9E544,PART_012C41EC3774276BB02E78F7C0D99F43,12/13/2024,1,1,1588934.23,4,43.12,19.62,7.34,16.19000053,0.986000001,112.4059982,276085.7813,0.465999991,252.7590027,26.96
CUST_D1ECB94B336AF3E8BB8D739FA6E9E544,PART_012C41EC3774276BB02E78F7C0D99F43,12/16/2024,1,1,1578154.03,9,97.02,44.145,16.515,15.94999981,0.981000006,112.3580017,276076.9688,0.467000008,252.7579956,60.66
CUST_D1ECB94B336AF3E8BB8D739FA6E9E544,PART_012C41EC3774276BB02E78F7C0D99F43,12/17/2024,1,1,1591684.49,2,21.56,9.81,3.67,15.86999989,0.980000019,112.3420029,276074.0313,0.467999995,252.7570038,13.48
CUST_D1ECB94B336AF3E8BB8D739FA6E9E544,PART_012C41EC3774276BB02E78F7C0D99F43,12/18/2024,1,1,1587335.9,2,21.56,9.81,3.67,15.78999996,0.977999985,112.3259964,276071.0938,0.467999995,252.7570038,13.48
CUST_D1ECB94B336AF3E8BB8D739FA6E9E544,PART_012C41EC3774276BB02E78F7C0D99F43,12/19/2024,1,1,1584631.63,5,53.9,24.525,9.175,15.71000004,0.976000011,112.3099976,276068.1563,0.469000012,252.7570038,33.7
CUST_D1ECB94B336AF3E8BB8D739FA6E9E544,PART_012C41EC3774276BB02E78F7C0D99F43,12/20/2024,1,1,1583839.39,5,53.9,24.525,9.175,15.63000011,0.975000024,112.2939987,276065.2188,0.469000012,252.7559967,33.7
CUST_D1ECB94B336AF3E8BB8D739FA6E9E544,PART_012C41EC3774276BB02E78F7C0D99F43,12/26/2024,1,1,1582606.82,3,32.34,14.715,5.505,15.15999985,0.963999987,112.1969986,276047.625,0.470999986,252.7550049,20.22
CUST_D1ECB94B336AF3E8BB8D739FA6E9E544,PART_012C41EC3774276BB02E78F7C0D99F43,12/27/2024,1,1,1580290.44,11,118.58,53.955,20.185,15.07999992,0.963,112.1809998,276044.6875,0.472000003,252.7539978,74.14
CUST_D1ECB94B336AF3E8BB8D739FA6E9E544,PART_012C41EC3774276BB02E78F7C0D99F43,12/30/2024,1,1,1575265.52,6,64.68,29.43,11.01,14.84000015,0.957000017,112.1320038,276035.875,0.47299999,252.7539978,40.44
CUST_D1ECB94B336AF3E8BB8D739FA6E9E544,PART_012C41EC3774276BB02E78F7C0D99F43,12/31/2024,1,1,1582896.28,2,21.56,9.81,3.67,14.76000023,0.95599997,112.1159973,276032.9375,0.474000007,252.753006,13.48
CUST_D1ECB94B336AF3E8BB8D739FA6E9E544,PART_012C41EC3774276BB02E78F7C0D99F43,1/2/2025,1,1,1583191.83,8,86.24,39.24,14.68,14.90999985,0.957000017,112.1579971,275979.9375,0.47299999,252.7749939,53.92
CUST_D1ECB94B336AF3E8BB8D739FA6E9E544,PART_012C41EC3774276BB02E78F7C0D99F43,1/3/2025,1,1,1580326.87,7,75.46,34.335,12.845,14.98999977,0.959999979,112.2160034,275929.875,0.472000003,252.7960052,47.18
CUST_D1ECB94B336AF3E8BB8D739FA6E9E544,PART_012C41EC3774276BB02E78F7C0D99F43,1/6/2025,1,1,1571953.36,4,43.12,19.62,7.34,15.21000004,0.970000029,112.3899994,275779.6875,0.469000012,252.8609924,26.96
CUST_D1ECB94B336AF3E8BB8D739FA6E9E544,PART_012C41EC3774276BB02E78F7C0D99F43,1/7/2025,1,1,1575215.28,2,21.56,9.81,3.67,15.28999996,0.97299999,112.447998,275729.625,0.469000012,252.8829956,13.48
CUST_D1ECB94B336AF3E8BB8D739FA6E9E544,PART_012C41EC3774276BB02E78F7C0D99F43,1/8/2025,1,1,1577990.99,6,64.68,29.43,11.01,15.36999989,0.976999998,112.5059967,275679.5625,0.467999995,252.904007,40.44
CUST_D1ECB94B336AF3E8BB8D739FA6E9E544,PART_012C41EC3774276BB02E78F7C0D99F43,1/9/2025,1,1,1581845.45,6,64.68,29.43,11.01,15.43999958,0.980000019,112.5650024,275629.4688,0.467000008,252.9259949,40.44
CUST_D1ECB94B336AF3E8BB8D739FA6E9E544,PART_012C41EC3774276BB02E78F7C0D99F43,1/10/2025,1,1,1583102.05,7,75.46,34.335,12.845,15.52000046,0.98299998,112.6230011,275579.4063,0.465999991,252.947998,47.18
CUST_D1ECB94B336AF3E8BB8D739FA6E9E544,PART_012C41EC3774276BB02E78F7C0D99F43,1/13/2025,1,1,1573900.66,11,118.58,53.955,20.185,15.75,0.992999971,112.7969971,275429.2188,0.463,253.0119934,74.14
CUST_D1ECB94B336AF3E8BB8D739FA6E9E544,PART_012C41EC3774276BB02E78F7C0D99F43,1/14/2025,1,1,1589026.73,29,312.62,142.245,53.215,15.81999969,0.995999992,112.8550034,275379.1563,0.462000012,253.0339966,195.46
CUST_D1ECB94B336AF3E8BB8D739FA6E9E544,PART_012C41EC3774276BB02E78F7C0D99F43,1/17/2025,1,1,1593463.24,7,75.46,34.335,12.845,16.04999924,1.006000042,113.0289993,275228.9688,0.460000008,253.098999,47.18
CUST_D1ECB94B336AF3E8BB8D739FA6E9E544,PART_012C41EC3774276BB02E78F7C0D99F43,1/20/2025,1,1,1589812.11,10,129.9,49.05,18.35,16.28000069,1.014999986,113.2030029,275078.7813,0.456999987,253.1640015,67.4
CUST_D1ECB94B336AF3E8BB8D739FA6E9E544,PART_012C41EC3774276BB02E78F7C0D99F43,1/21/2025,1,1,1596148.44,5,64.95,24.525,9.175,16.35000038,1.019000053,113.2610016,275028.7188,0.456,253.1849976,33.7
CUST_D1ECB94B336AF3E8BB8D739FA6E9E544,PART_012C41EC3774276BB02E78F7C0D99F43,1/22/2025,1,1,1596710.85,5,64.95,24.525,9.175,16.43000031,1.021999955,113.3190002,274978.6563,0.455000013,253.2070007,33.7
CUST_D1ECB94B336AF3E8BB8D739FA6E9E544,PART_012C41EC3774276BB02E78F7C0D99F43,1/24/2025,1,1,1583868.09,5,64.95,24.525,9.175,16.57999992,1.027999997,113.4349976,274878.5313,0.453000009,253.25,33.7
CUST_D1ECB94B336AF3E8BB8D739FA6E9E544,PART_012C41EC3774276BB02E78F7C0D99F43,1/27/2025,1,1,1579224.04,6,77.94,29.43,11.01,16.80999947,1.037999988,113.6100006,274728.3125,0.451000005,253.3150024,40.44
CUST_D1ECB94B336AF3E8BB8D739FA6E9E544,PART_012C41EC3774276BB02E78F7C0D99F43,1/28/2025,1,1,1585162.52,4,51.96,19.62,7.34,16.87999916,1.041000009,113.6679993,274678.25,0.449999988,253.3370056,26.96
CUST_D1ECB94B336AF3E8BB8D739FA6E9E544,PART_012C41EC3774276BB02E78F7C0D99F43,1/29/2025,1,1,1586042.34,16,207.84,78.48,29.36,16.95999908,1.04400003,113.7259979,274628.1875,0.449000001,253.3580017,107.84
CUST_D1ECB94B336AF3E8BB8D739FA6E9E544,PART_012C41EC3774276BB02E78F7C0D99F43,1/30/2025,1,1,1591183.79,9,116.91,44.145,16.515,17.03000069,1.047999978,113.7839966,274578.125,0.448000014,253.3800049,60.66
CUST_D1ECB94B336AF3E8BB8D739FA6E9E544,PART_012C41EC3774276BB02E78F7C0D99F43,1/31/2025,1,1,1589085.18,3,38.97,14.715,5.505,17.11000061,1.050999999,113.8420029,274528.0625,0.446999997,253.401001,20.22
CUST_D1ECB94B336AF3E8BB8D739FA6E9E544,PART_012C41EC3774276BB02E78F7C0D99F43,2/3/2025,1,1,1582881.44,8,103.92,39.24,14.68,16.89999962,1.05400002,113.8789978,274675.9375,0.446999997,253.4790039,53.92
CUST_D1ECB94B336AF3E8BB8D739FA6E9E544,PART_012C41EC3774276BB02E78F7C0D99F43,2/4/2025,1,1,1590495.42,3,38.97,14.715,5.505,16.82999992,1.05400002,113.8679962,274774.9063,0.446999997,253.5070038,20.22
CUST_D1ECB94B336AF3E8BB8D739FA6E9E544,PART_012C41EC3774276BB02E78F7C0D99F43,2/5/2025,1,1,1591410.03,10,129.9,49.05,18.35,16.77000046,1.05400002,113.8570023,274873.8438,0.448000014,253.5350037,67.4
CUST_D1ECB94B336AF3E8BB8D739FA6E9E544,PART_012C41EC3774276BB02E78F7C0D99F43,2/6/2025,1,1,1585254.09,9,116.91,44.145,16.515,16.70000076,1.05400002,113.8460007,274972.8125,0.448000014,253.5630035,60.66
CUST_D1ECB94B336AF3E8BB8D739FA6E9E544,PART_012C41EC3774276BB02E78F7C0D99F43,2/7/2025,1,1,1586071.34,4,51.96,19.62,7.34,16.62999916,1.05400002,113.8359985,275071.7813,0.449000001,253.5910034,26.96
CUST_D1ECB94B336AF3E8BB8D739FA6E9E544,PART_012C41EC3774276BB02E78F7C0D99F43,2/10/2025,1,1,1576762.83,5,64.95,24.525,9.175,16.42000008,1.05400002,113.8040009,275368.6875,0.449999988,253.673996,33.7
CUST_D1ECB94B336AF3E8BB8D739FA6E9E544,PART_012C41EC3774276BB02E78F7C0D99F43,2/11/2025,1,1,1585632.24,4,51.96,19.62,7.34,16.35000038,1.05400002,113.7929993,275467.6563,0.449999988,253.7019958,26.96
CUST_D1ECB94B336AF3E8BB8D739FA6E9E544,PART_012C41EC3774276BB02E78F7C0D99F43,2/12/2025,1,1,1589202.52,19,246.81,93.195,34.865,16.28000069,1.05400002,113.7819977,275566.5938,0.451000005,253.7299957,128.06
CUST_D1ECB94B336AF3E8BB8D739FA6E9E544,PART_012C41EC3774276BB02E78F7C0D99F43,2/13/2025,1,1,1588487.84,3,38.97,14.715,5.505,16.20999908,1.05400002,113.7710037,275665.5625,0.451000005,253.7579956,20.22
CUST_D1ECB94B336AF3E8BB8D739FA6E9E544,PART_012C41EC3774276BB02E78F7C0D99F43,2/14/2025,1,1,1585615.93,6,77.94,29.43,11.01,16.13999939,1.05400002,113.7610016,275764.5313,0.451999992,253.7859955,40.44
CUST_D1ECB94B336AF3E8BB8D739FA6E9E544,PART_012C41EC3774276BB02E78F7C0D99F43,2/17/2025,1,1,1576916.89,6,77.94,29.43,11.01,15.93999958,1.05400002,113.7289963,276061.4375,0.453000009,253.8699951,40.44
CUST_D1ECB94B336AF3E8BB8D739FA6E9E544,PART_012C41EC3774276BB02E78F7C0D99F43,2/18/2025,1,1,1579523.19,1,12.99,4.905,1.835,15.86999989,1.05400002,113.7180023,276160.4063,0.453000009,253.897995,6.74
CUST_D1ECB94B336AF3E8BB8D739FA6E9E544,PART_012C41EC3774276BB02E78F7C0D99F43,2/19/2025,1,1,1579476.03,7,90.93,34.335,12.845,15.80000019,1.05400002,113.7070007,276259.3438,0.453999996,253.9259949,47.18
CUST_D1ECB94B336AF3E8BB8D739FA6E9E544,PART_012C41EC3774276BB02E78F7C0D99F43,2/20/2025,1,1,1580657.8,5,64.95,24.525,9.175,15.72999954,1.05400002,113.6959991,276358.3125,0.453999996,253.9539948,33.7
CUST_D1ECB94B336AF3E8BB8D739FA6E9E544,PART_012C41EC3774276BB02E78F7C0D99F43,2/21/2025,1,1,1571323.5,11,142.89,53.955,20.185,15.65999985,1.05400002,113.685997,276457.2813,0.455000013,253.9819946,74.14
CUST_D1ECB94B336AF3E8BB8D739FA6E9E544,PART_012C41EC3774276BB02E78F7C0D99F43,2/24/2025,1,1,1566216.37,1,12.99,4.905,1.835,15.46000004,1.05400002,113.6539993,276754.1875,0.456,254.0650024,6.74
CUST_D1ECB94B336AF3E8BB8D739FA6E9E544,PART_012C41EC3774276BB02E78F7C0D99F43,2/25/2025,1,1,1571546.23,11,142.89,53.955,20.185,15.39000034,1.05400002,113.6429977,276853.1563,0.456,254.0930023,74.14
CUST_D1ECB94B336AF3E8BB8D739FA6E9E544,PART_012C41EC3774276BB02E78F7C0D99F43,2/26/2025,1,1,1574190.3,11,142.89,53.955,20.185,15.31999969,1.05400002,113.6320038,276952.0938,0.456999987,254.1210022,74.14
CUST_D1ECB94B336AF3E8BB8D739FA6E9E544,PART_012C41EC3774276BB02E78F7C0D99F43,2/28/2025,1,1,1578134.87,21,272.79,103.005,38.535,15.18000031,1.05400002,113.6110001,277150.0313,0.458000004,254.177002,141.54
CUST_D1ECB94B336AF3E8BB8D739FA6E9E544,PART_012C41EC3774276BB02E78F7C0D99F43,3/3/2025,1,1,1575532.26,9,116.91,44.145,16.515,15.31000042,1.05400002,113.612999,277302.1563,0.458000004,254.2089996,60.66
CUST_D1ECB94B336AF3E8BB8D739FA6E9E544,PART_012C41EC3774276BB02E78F7C0D99F43,3/4/2025,1,1,1584595.65,8,103.92,39.24,14.68,15.35000038,1.05400002,113.6190033,277328.75,0.456999987,254.2120056,53.92
CUST_D1ECB94B336AF3E8BB8D739FA6E9E544,PART_012C41EC3774276BB02E78F7C0D99F43,3/5/2025,1,1,1592023.55,2,25.98,9.81,3.67,15.39000034,1.054999948,113.6259995,277355.3125,0.456999987,254.2140045,13.48
CUST_D1ECB94B336AF3E8BB8D739FA6E9E544,PART_012C41EC3774276BB02E78F7C0D99F43,3/6/2025,1,1,1587469.73,9,116.91,44.145,16.515,15.43000031,1.054999948,113.6320038,277381.9063,0.456999987,254.2160034,60.66
CUST_D1ECB94B336AF3E8BB8D739FA6E9E544,PART_012C41EC3774276BB02E78F7C0D99F43,3/7/2025,1,1,1583483.55,3,38.97,14.715,5.505,15.47999954,1.054999948,113.6389999,277408.4688,0.456999987,254.2180023,20.22
CUST_D1ECB94B336AF3E8BB8D739FA6E9E544,PART_012C41EC3774276BB02E78F7C0D99F43,3/10/2025,1,1,1573532.09,6,77.94,29.43,11.01,15.60000038,1.054999948,113.6579971,277488.2188,0.456,254.2250061,40.44
CUST_D1ECB94B336AF3E8BB8D739FA6E9E544,PART_012C41EC3774276BB02E78F7C0D99F43,3/11/2025,1,1,1582411.31,9,116.91,44.145,16.515,15.64000034,1.054999948,113.6650009,277514.8125,0.456,254.227005,60.66
CUST_D1ECB94B336AF3E8BB8D739FA6E9E544,PART_012C41EC3774276BB02E78F7C0D99F43,3/12/2025,1,1,1569321.18,2,25.98,9.81,3.67,15.68999958,1.054999948,113.6709976,277541.375,0.456,254.2290039,13.48
CUST_D1ECB94B336AF3E8BB8D739FA6E9E544,PART_012C41EC3774276BB02E78F7C0D99F43,3/13/2025,1,1,1572115.21,9,116.91,44.145,16.515,15.72999954,1.055999994,113.677002,277567.9688,0.455000013,254.2310028,60.66
CUST_D1ECB94B336AF3E8BB8D739FA6E9E544,PART_012C41EC3774276BB02E78F7C0D99F43,3/14/2025,1,1,1579074.23,3,38.97,14.715,5.505,15.77000046,1.055999994,113.6839981,277594.5625,0.455000013,254.2339935,20.22
CUST_D1ECB94B336AF3E8BB8D739FA6E9E544,PART_012C41EC3774276BB02E78F7C0D99F43,3/17/2025,1,1,1565076.96,5,64.95,24.525,9.175,15.89999962,1.055999994,113.7030029,277674.2813,0.453999996,254.2400055,33.7
CUST_D1ECB94B336AF3E8BB8D739FA6E9E544,PART_012C41EC3774276BB02E78F7C0D99F43,3/18/2025,1,1,1575672.48,18,233.82,88.29,33.03,15.93999958,1.055999994,113.7099991,277700.875,0.453999996,254.2420044,121.32
CUST_D1ECB94B336AF3E8BB8D739FA6E9E544,PART_012C41EC3774276BB02E78F7C0D99F43,3/19/2025,1,1,1573361.66,19,246.81,93.195,34.865,15.97999954,1.055999994,113.7160034,277727.4375,0.453999996,254.2440033,128.06
CUST_D1ECB94B336AF3E8BB8D739FA6E9E544,PART_012C41EC3774276BB02E78F7C0D99F43,3/21/2025,1,1,1578473.15,6,77.94,29.43,11.01,16.06999969,1.057000041,113.7289963,277780.625,0.453000009,254.2489929,40.44
CUST_D1ECB94B336AF3E8BB8D739FA6E9E544,PART_012C41EC3774276BB02E78F7C0D99F43,3/24/2025,1,1,1576697.63,8,103.92,39.24,14.68,16.19000053,1.057000041,113.7480011,277860.3438,0.453000009,254.2550049,53.92
CUST_D1ECB94B336AF3E8BB8D739FA6E9E544,PART_012C41EC3774276BB02E78F7C0D99F43,3/25/2025,1,1,1589458.1,2,25.98,9.81,3.67,16.23999977,1.057000041,113.7549973,277886.9375,0.453000009,254.2579956,13.48
CUST_D1ECB94B336AF3E8BB8D739FA6E9E544,PART_012C41EC3774276BB02E78F7C0D99F43,3/26/2025,1,1,1592614.14,14,181.86,68.67,25.69,16.28000069,1.057000041,113.7610016,277913.5313,0.451999992,254.2599945,94.36
CUST_D1ECB94B336AF3E8BB8D739FA6E9E544,PART_012C41EC3774276BB02E78F7C0D99F43,3/27/2025,1,1,1589913.76,6,77.94,29.43,11.01,16.31999969,1.057000041,113.7679977,277940.0938,0.451999992,254.2619934,40.44
CUST_D1ECB94B336AF3E8BB8D739FA6E9E544,PART_012C41EC3774276BB02E78F7C0D99F43,3/28/2025,1,1,1592847.51,3,38.97,14.715,5.505,16.36000061,1.057000041,113.7740021,277966.6875,0.451999992,254.2640076,20.22
CUST_D1ECB94B336AF3E8BB8D739FA6E9E544,PART_012C41EC3774276BB02E78F7C0D99F43,3/31/2025,1,1,1588236.84,7,90.93,34.335,12.845,16.48999977,1.057999969,113.7939987,278046.4063,0.451000005,254.2709961,47.18
CUST_D1ECB94B336AF3E8BB8D739FA6E9E544,PART_012C41EC3774276BB02E78F7C0D99F43,4/1/2025,1,1,1593759.89,6,77.94,29.43,11.01,16.63999939,1.057999969,113.8000031,278073,0.451000005,254.272995,40.44
CUST_D1ECB94B336AF3E8BB8D739FA6E9E544,PART_012C41EC3774276BB02E78F7C0D99F43,4/2/2025,1,1,1600128.92,18,233.82,88.29,33.03,16.79000092,1.057999969,113.7929993,278023.1875,0.451000005,254.2740021,121.32
CUST_D1ECB94B336AF3E8BB8D739FA6E9E544,PART_012C41EC3774276BB02E78F7C0D99F43,4/3/2025,1,1,1605422.42,4,51.96,19.62,7.34,16.94000053,1.057999969,113.7870026,277973.4063,0.451000005,254.2749939,26.96
CUST_D1ECB94B336AF3E8BB8D739FA6E9E544,PART_012C41EC3774276BB02E78F7C0D99F43,4/4/2025,1,1,1606458.38,6,77.94,29.43,11.01,17.09000015,1.057999969,113.7799988,277923.5938,0.451000005,254.2769928,40.44
CUST_D1ECB94B336AF3E8BB8D739FA6E9E544,PART_012C41EC3774276BB02E78F7C0D99F43,4/7/2025,1,1,1608484.94,9,116.91,48.073,12.587,17.54000092,1.057000041,113.7600021,277774.1875,0.451999992,254.2799988,60.66
CUST_D1ECB94B336AF3E8BB8D739FA6E9E544,PART_012C41EC3774276BB02E78F7C0D99F43,4/8/2025,1,1,1615259.73,2,25.98,11.774,1.706,17.69000053,1.057000041,113.7529984,277724.4063,0.451999992,254.2810059,13.48
CUST_D1ECB94B336AF3E8BB8D739FA6E9E544,PART_012C41EC3774276BB02E78F7C0D99F43,4/10/2025,1,1,1626678.45,6,77.94,35.322,5.118,17.98999977,1.057000041,113.7399979,277624.8125,0.451999992,254.2839966,40.44
CUST_D1ECB94B336AF3E8BB8D739FA6E9E544,PART_012C41EC3774276BB02E78F7C0D99F43,4/11/2025,1,1,1628796.32,6,77.94,35.322,5.118,18.13999939,1.057000041,113.7330017,277575,0.451999992,254.2850037,40.44
CUST_D1ECB94B336AF3E8BB8D739FA6E9E544,PART_012C41EC3774276BB02E78F7C0D99F43,4/14/2025,1,1,1623422.74,14,181.86,82.418,11.942,18.59000015,1.055999994,113.7129974,277425.5938,0.451999992,254.2879944,94.36
CUST_D1ECB94B336AF3E8BB8D739FA6E9E544,PART_012C41EC3774276BB02E78F7C0D99F43,4/15/2025,1,1,1626913.33,5,64.95,29.435,4.265,18.73999977,1.055999994,113.7070007,277375.8125,0.451999992,254.2890015,33.7
CUST_D1ECB94B336AF3E8BB8D739FA6E9E544,PART_012C41EC3774276BB02E78F7C0D99F43,4/16/2025,1,1,1626351.65,7,90.93,41.209,5.971,18.88999939,1.055999994,113.6999969,277326,0.453000009,254.2910004,47.18
CUST_D1ECB94B336AF3E8BB8D739FA6E9E544,PART_012C41EC3774276BB02E78F7C0D99F43,4/17/2025,1,1,1627977.15,13,168.87,76.531,11.089,19.04000092,1.055999994,113.6930008,277276.1875,0.453000009,254.2920074,87.62
CUST_D1ECB94B336AF3E8BB8D739FA6E9E544,PART_012C41EC3774276BB02E78F7C0D99F43,4/18/2025,1,1,1626185.51,3,38.97,17.661,2.559,19.19000053,1.055999994,113.6869965,277226.4063,0.453000009,254.2929993,20.22
CUST_D1ECB94B336AF3E8BB8D739FA6E9E544,PART_012C41EC3774276BB02E78F7C0D99F43,4/21/2025,1,1,1618428.83,11,142.89,64.757,9.383,19.63999939,1.054999948,113.6669998,277077,0.453000009,254.2960052,74.14
CUST_D1ECB94B336AF3E8BB8D739FA6E9E544,PART_012C41EC3774276BB02E78F7C0D99F43,4/22/2025,1,1,1625035.24,1,12.99,5.887,0.853,19.79000092,1.054999948,113.6600037,277027.1875,0.453000009,254.2980042,6.74
CUST_D1ECB94B336AF3E8BB8D739FA6E9E544,PART_012C41EC3774276BB02E78F7C0D99F43,4/23/2025,1,1,1620352.32,5,64.95,29.435,4.265,19.94000053,1.054999948,113.6529999,276977.4063,0.453000009,254.298996,33.7
CUST_D1ECB94B336AF3E8BB8D739FA6E9E544,PART_012C41EC3774276BB02E78F7C0D99F43,4/24/2025,1,1,1615290.62,8,103.92,47.096,6.824,20.09000015,1.054999948,113.6470032,276927.5938,0.453000009,254.3000031,53.92
CUST_D1ECB94B336AF3E8BB8D739FA6E9E544,PART_012C41EC3774276BB02E78F7C0D99F43,4/25/2025,1,1,1621337.59,4,51.96,23.548,3.412,20.23999977,1.054999948,113.6399994,276877.8125,0.453000009,254.3009949,26.96
CUST_D1ECB94B336AF3E8BB8D739FA6E9E544,PART_012C41EC3774276BB02E78F7C0D99F43,4/28/2025,1,1,1608113.3,13,168.87,76.531,11.089,20.69000053,1.05400002,113.6200027,276728.4063,0.453999996,254.3049927,87.62
CUST_D1ECB94B336AF3E8BB8D739FA6E9E544,PART_012C41EC3774276BB02E78F7C0D99F43,4/29/2025,1,1,1615765.99,5,64.95,29.435,4.265,20.84000015,1.05400002,113.612999,276678.5938,0.453999996,254.3059998,33.7
CUST_D1ECB94B336AF3E8BB8D739FA6E9E544,PART_012C41EC3774276BB02E78F7C0D99F43,4/30/2025,1,1,1619996.86,5,64.95,29.435,4.265,20.98999977,1.05400002,113.6070023,276628.8125,0.453999996,254.3070068,33.7
CUST_D1ECB94B336AF3E8BB8D739FA6E9E544,PART_012C41EC3774276BB02E78F7C0D99F43,5/1/2025,1,1,1624527.64,15,194.85,88.305,12.795,21.02000046,1.05400002,113.5999985,276579,0.453999996,254.3079987,101.1
CUST_D1ECB94B336AF3E8BB8D739FA6E9E544,PART_012C41EC3774276BB02E78F7C0D99F43,5/2/2025,1,1,1625513.29,3,38.97,17.661,2.559,21.04999924,1.05400002,113.5899963,276571.6563,0.453999996,254.3090057,20.22
CUST_D1ECB94B336AF3E8BB8D739FA6E9E544,PART_012C41EC3774276BB02E78F7C0D99F43,5/5/2025,1,1,1618064.72,4,51.96,23.548,3.412,21.14999962,1.05400002,113.560997,276549.5938,0.453999996,254.3110046,26.96
CUST_D1ECB94B336AF3E8BB8D739FA6E9E544,PART_012C41EC3774276BB02E78F7C0D99F43,5/6/2025,1,1,1624630.26,4,51.96,23.548,3.412,21.18000031,1.05400002,113.552002,276542.2188,0.453999996,254.3119965,26.96
CUST_D1ECB94B336AF3E8BB8D739FA6E9E544,PART_012C41EC3774276BB02E78F7C0D99F43,5/7/2025,1,1,1623460.29,4,51.96,23.548,3.412,21.21999931,1.05400002,113.5419998,276534.875,0.453999996,254.3130035,26.96
CUST_D1ECB94B336AF3E8BB8D739FA6E9E544,PART_012C41EC3774276BB02E78F7C0D99F43,5/8/2025,1,1,1623740.47,1,12.99,5.887,0.853,21.25,1.05400002,113.5319977,276527.5313,0.453999996,254.3130035,6.74
CUST_D1ECB94B336AF3E8BB8D739FA6E9E544,PART_012C41EC3774276BB02E78F7C0D99F43,5/9/2025,1,1,1631878.99,16,207.84,94.192,13.648,21.28000069,1.052999973,113.5230026,276520.1563,0.453999996,254.3139954,107.84
CUST_D1ECB94B336AF3E8BB8D739FA6E9E544,PART_012C41EC3774276BB02E78F7C0D99F43,5/12/2025,1,1,1629308.16,5,64.95,29.435,4.265,21.37999916,1.052999973,113.4940033,276498.0938,0.453999996,254.3170013,33.7
CUST_D1ECB94B336AF3E8BB8D739FA6E9E544,PART_012C41EC3774276BB02E78F7C0D99F43,5/13/2025,1,1,1637436.6,13,168.87,76.531,11.089,21.40999985,1.052999973,113.4840012,276490.75,0.453999996,254.3170013,87.62
CUST_D1ECB94B336AF3E8BB8D739FA6E9E544,PART_012C41EC3774276BB02E78F7C0D99F43,5/14/2025,1,1,1643548.77,2,25.98,11.774,1.706,21.44000053,1.052999973,113.473999,276483.375,0.453999996,254.3179932,13.48
CUST_D1ECB94B336AF3E8BB8D739FA6E9E544,PART_012C41EC3774276BB02E78F7C0D99F43,5/15/2025,1,1,1647313.54,6,77.94,35.322,5.118,21.46999931,1.052999973,113.4649963,276476.0313,0.453999996,254.3190002,40.44
CUST_D1ECB94B336AF3E8BB8D739FA6E9E544,PART_012C41EC3774276BB02E78F7C0D99F43,5/16/2025,1,1,1642316.88,5,64.95,29.435,4.265,21.51000023,1.052999973,113.4550018,276468.6875,0.453999996,254.3200073,33.7
CUST_D1ECB94B336AF3E8BB8D739FA6E9E544,PART_012C41EC3774276BB02E78F7C0D99F43,5/19/2025,1,1,1639911.44,10,129.9,58.87,8.53,21.60000038,1.052999973,113.4260025,276446.625,0.453000009,254.3220062,67.4
CUST_D1ECB94B336AF3E8BB8D739FA6E9E544,PART_012C41EC3774276BB02E78F7C0D99F43,5/20/2025,1,1,1645886.4,3,38.97,17.661,2.559,21.63999939,1.052999973,113.4160004,276439.25,0.453000009,254.322998,20.22
CUST_D1ECB94B336AF3E8BB8D739FA6E9E544,PART_012C41EC3774276BB02E78F7C0D99F43,5/21/2025,1,1,1638930.79,6,77.94,35.322,5.118,21.67000008,1.052999973,113.4059982,276431.9063,0.453000009,254.322998,40.44
CUST_D1ECB94B336AF3E8BB8D739FA6E9E544,PART_012C41EC3774276BB02E78F7C0D99F43,5/22/2025,1,1,1638411.22,10,129.9,58.87,8.53,21.70000076,1.052999973,113.3970032,276424.5625,0.453000009,254.3240051,67.4
CUST_D1ECB94B336AF3E8BB8D739FA6E9E544,PART_012C41EC3774276BB02E78F7C0D99F43,5/27/2025,1,1,1640946.5,27,350.73,158.949,23.031,21.86000061,1.052000046,113.3479996,276387.7813,0.453000009,254.3280029,181.98
CUST_D1ECB94B336AF3E8BB8D739FA6E9E544,PART_012C41EC3774276BB02E78F7C0D99F43,5/28/2025,1,1,1645871.93,10,129.9,58.87,8.53,21.88999939,1.052000046,113.3389969,276380.4063,0.453000009,254.3289948,67.4
CUST_D1ECB94B336AF3E8BB8D739FA6E9E544,PART_012C41EC3774276BB02E78F7C0D99F43,5/29/2025,1,1,1647810.6,7,90.93,41.209,5.971,21.93000031,1.052000046,113.3290024,276373.0625,0.453000009,254.3300018,47.18
CUST_D1ECB94B336AF3E8BB8D739FA6E9E544,PART_012C41EC3774276BB02E78F7C0D99F43,5/30/2025,1,1,1649133.58,1,12.99,5.887,0.853,21.95999908,1.052000046,113.3190002,276365.7188,0.453000009,254.3300018,6.74
CUST_D1ECB94B336AF3E8BB8D739FA6E9E544,PART_012C41EC3774276BB02E78F7C0D99F43,6/2/2025,1,1,1644053.9,12,155.88,70.644,26.316,21.71999931,1.050999999,113.3270035,276398.0625,0.451999992,254.3320007,96.96
CUST_D1ECB94B336AF3E8BB8D739FA6E9E544,PART_012C41EC3774276BB02E78F7C0D99F43,6/3/2025,1,1,1654910.14,1,12.99,5.887,2.193,21.59000015,1.050999999,113.3529968,276445.125,0.451000005,254.3320007,8.08
CUST_D1ECB94B336AF3E8BB8D739FA6E9E544,PART_012C41EC3774276BB02E78F7C0D99F43,6/4/2025,1,1,1658483.42,5,64.95,29.435,10.965,21.45999908,1.049999952,113.3799973,276492.1875,0.449999988,254.3320007,40.4
CUST_D1ECB94B336AF3E8BB8D739FA6E9E544,PART_012C41EC3774276BB02E78F7C0D99F43,6/6/2025,1,1,1667052.27,2,25.98,11.774,4.386,21.19000053,1.049000025,113.4329987,276586.3438,0.448000014,254.3320007,16.16
CUST_D1ECB94B336AF3E8BB8D739FA6E9E544,PART_012C41EC3774276BB02E78F7C0D99F43,6/10/2025,1,1,1672853.01,5,64.95,29.435,10.965,20.64999962,1.046000004,113.5400009,276774.5938,0.444000006,254.3320007,40.4
CUST_D1ECB94B336AF3E8BB8D739FA6E9E544,PART_012C41EC3774276BB02E78F7C0D99F43,6/11/2025,1,1,1671667.82,6,77.94,35.322,13.158,20.52000046,1.046000004,113.5670013,276821.6563,0.442999989,254.3320007,48.48
CUST_D1ECB94B336AF3E8BB8D739FA6E9E544,PART_012C41EC3774276BB02E78F7C0D99F43,6/12/2025,1,1,1672910.97,6,77.94,35.322,13.158,20.38999939,1.044999957,113.5930023,276868.7188,0.442000002,254.3320007,48.48
CUST_D1ECB94B336AF3E8BB8D739FA6E9E544,PART_012C41EC3774276BB02E78F7C0D99F43,6/13/2025,1,1,1682383.26,7,90.93,41.209,15.351,20.25,1.04400003,113.6200027,276915.8125,0.441000015,254.3320007,56.56
CUST_D1ECB94B336AF3E8BB8D739FA6E9E544,PART_012C41EC3774276BB02E78F7C0D99F43,6/16/2025,1,1,1669493.45,2,25.98,11.774,4.386,19.85000038,1.042999983,113.6999969,277057,0.437999994,254.3320007,16.16
CUST_D1ECB94B336AF3E8BB8D739FA6E9E544,PART_012C41EC3774276BB02E78F7C0D99F43,6/17/2025,1,1,1677917.27,4,51.96,23.548,8.772,19.71999931,1.042000055,113.7269974,277104.0625,0.43599999,254.3320007,32.32
CUST_D1ECB94B336AF3E8BB8D739FA6E9E544,PART_012C41EC3774276BB02E78F7C0D99F43,6/18/2025,1,1,1672702.96,1,12.99,5.887,2.193,19.57999992,1.041000009,113.7529984,277151.125,0.435000002,254.3320007,8.08
CUST_D1ECB94B336AF3E8BB8D739FA6E9E544,PART_012C41EC3774276BB02E78F7C0D99F43,6/19/2025,1,1,1665938.45,4,51.96,23.548,8.772,19.45000076,1.041000009,113.7799988,277198.1875,0.433999985,254.3320007,32.32
CUST_D1ECB94B336AF3E8BB8D739FA6E9E544,PART_012C41EC3774276BB02E78F7C0D99F43,6/20/2025,1,1,1669361.42,1,12.99,5.887,2.193,19.31999969,1.039999962,113.8069992,277245.2813,0.432999998,254.3320007,8.08
CUST_D1ECB94B336AF3E8BB8D739FA6E9E544,PART_012C41EC3774276BB02E78F7C0D99F43,6/23/2025,1,1,1665573.58,8,103.92,47.096,17.544,18.92000008,1.037999988,113.887001,277386.4688,0.430000007,254.3320007,64.64
CUST_D1ECB94B336AF3E8BB8D739FA6E9E544,PART_012C41EC3774276BB02E78F7C0D99F43,6/24/2025,1,1,1675307.02,5,64.95,29.435,10.965,18.78000069,1.036999941,113.913002,277433.5313,0.42899999,254.3320007,40.4
CUST_D1ECB94B336AF3E8BB8D739FA6E9E544,PART_012C41EC3774276BB02E78F7C0D99F43,6/25/2025,1,1,1670050.68,3,38.97,17.661,6.579,18.64999962,1.036999941,113.9400024,277480.5938,0.428000003,254.3320007,24.24
CUST_D1ECB94B336AF3E8BB8D739FA6E9E544,PART_012C41EC3774276BB02E78F7C0D99F43,6/26/2025,1,1,1678352.81,5,64.95,29.435,10.965,18.51000023,1.036000013,113.9670029,277527.6563,0.426999986,254.3320007,40.4
CUST_D1ECB94B336AF3E8BB8D739FA6E9E544,PART_012C41EC3774276BB02E78F7C0D99F43,6/27/2025,1,1,1679390.63,3,38.97,17.661,6.579,18.37999916,1.036000013,113.9929962,277574.7188,0.425999999,254.3320007,24.24
CUST_D1ECB94B336AF3E8BB8D739FA6E9E544,PART_012C41EC3774276BB02E78F7C0D99F43,6/30/2025,1,1,1673891.45,3,38.97,17.661,6.579,17.97999954,1.034000039,114.072998,277715.9375,0.423000008,254.3320007,24.24
CUST_D1ECB94B336AF3E8BB8D739FA6E9E544,PART_012C41EC3774276BB02E78F7C0D99F43,7/1/2025,1,1,1690468,6,77.94,43.092,5.388,18.12000084,1.032999992,114.0999985,277763,0.421999991,254.3320007,48.48
CUST_D1ECB94B336AF3E8BB8D739FA6E9E544,PART_012C41EC3774276BB02E78F7C0D99F43,7/2/2025,1,1,1733759.65,1,12.99,7.182,0.898,18.26000023,1.031999946,114.1259995,277758,0.421000004,254.3509979,8.08
CUST_D1ECB94B336AF3E8BB8D739FA6E9E544,PART_012C41EC3774276BB02E78F7C0D99F43,7/3/2025,1,1,1739925.51,6,77.94,43.092,5.388,18.39999962,1.031999946,114.1520004,277753,0.421000004,254.3699951,48.48
CUST_D1ECB94B336AF3E8BB8D739FA6E9E544,PART_012C41EC3774276BB02E78F7C0D99F43,7/7/2025,1,1,1731003.17,7,90.93,50.274,6.286,18.95999908,1.029999971,114.2549973,277733,0.418000013,254.4459991,56.56
CUST_D1ECB94B336AF3E8BB8D739FA6E9E544,PART_012C41EC3774276BB02E78F7C0D99F43,7/8/2025,1,1,1745589.58,2,25.98,14.364,1.796,19.10000038,1.029000044,114.2809982,277728,0.416999996,254.4649963,16.16
CUST_D1ECB94B336AF3E8BB8D739FA6E9E544,PART_012C41EC3774276BB02E78F7C0D99F43,7/10/2025,1,1,1742498.45,7,90.93,50.274,6.286,19.37999916,1.027999997,114.3320007,277718,0.416000009,254.5039978,56.56
CUST_D1ECB94B336AF3E8BB8D739FA6E9E544,PART_012C41EC3774276BB02E78F7C0D99F43,7/11/2025,1,1,1741456.37,6,79.54,43.092,5.388,19.52000046,1.027999997,114.3580017,277713,0.414999992,254.522995,48.48
CUST_D1ECB94B336AF3E8BB8D739FA6E9E544,PART_012C41EC3774276BB02E78F7C0D99F43,7/14/2025,1,1,1735215.96,2,25.98,14.364,1.796,19.94000053,1.026000023,114.4349976,277698,0.412999988,254.5800018,16.16
CUST_D1ECB94B336AF3E8BB8D739FA6E9E544,PART_012C41EC3774276BB02E78F7C0D99F43,7/15/2025,1,1,1739797.01,3,38.97,21.546,2.694,20.07999992,1.026000023,114.4609985,277693,0.412,254.598999,24.24
CUST_D1ECB94B336AF3E8BB8D739FA6E9E544,PART_012C41EC3774276BB02E78F7C0D99F43,7/16/2025,1,1,1746779.65,2,25.98,14.364,1.796,20.22999954,1.024999976,114.4869995,277688,0.411000013,254.6179962,16.16
CUST_D1ECB94B336AF3E8BB8D739FA6E9E544,PART_012C41EC3774276BB02E78F7C0D99F43,7/17/2025,1,1,1748535.57,2,25.98,14.364,1.796,20.37000084,1.024999976,114.5130005,277683,0.411000013,254.6369934,16.16
CUST_D1ECB94B336AF3E8BB8D739FA6E9E544,PART_012C41EC3774276BB02E78F7C0D99F43,7/18/2025,1,1,1750249.34,7,90.93,50.274,6.286,20.51000023,1.024000049,114.5390015,277678,0.409999996,254.6560059,56.56
CUST_D1ECB94B336AF3E8BB8D739FA6E9E544,PART_012C41EC3774276BB02E78F7C0D99F43,7/21/2025,1,1,1748597.14,4,51.96,28.728,3.592,20.93000031,1.023000002,114.6159973,277663,0.407999992,254.7129974,32.32
CUST_D1ECB94B336AF3E8BB8D739FA6E9E544,PART_012C41EC3774276BB02E78F7C0D99F43,7/22/2025,1,1,1755098.13,3,38.97,21.546,2.694,21.06999969,1.021999955,114.6419983,277658,0.407000005,254.7319946,24.24
CUST_D1ECB94B336AF3E8BB8D739FA6E9E544,PART_012C41EC3774276BB02E78F7C0D99F43,7/23/2025,1,1,1756851.41,11,142.89,79.002,9.878,21.20999908,1.021999955,114.6679993,277653,0.405999988,254.7510071,88.88
CUST_D1ECB94B336AF3E8BB8D739FA6E9E544,PART_012C41EC3774276BB02E78F7C0D99F43,7/25/2025,1,1,1764758.16,5,64.95,35.91,4.49,21.48999977,1.021000028,114.7190018,277643,0.405000001,254.7899933,40.4
CUST_D1ECB94B336AF3E8BB8D739FA6E9E544,PART_012C41EC3774276BB02E78F7C0D99F43,7/28/2025,1,1,1760558.18,13,168.87,93.366,11.674,21.90999985,1.019000053,114.7969971,277628,0.402999997,254.8470001,105.04
CUST_D1ECB94B336AF3E8BB8D739FA6E9E544,PART_012C41EC3774276BB02E78F7C0D99F43,7/29/2025,1,1,1769469.35,2,25.98,14.364,1.796,22.04999924,1.019000053,114.822998,277623,0.40200001,254.8659973,16.16
CUST_D1ECB94B336AF3E8BB8D739FA6E9E544,PART_012C41EC3774276BB02E78F7C0D99F43,7/30/2025,1,1,1769762.69,3,38.97,21.546,2.694,22.19000053,1.018000007,114.8479996,277618,0.400999993,254.8849945,24.24
CUST_D1ECB94B336AF3E8BB8D739FA6E9E544,PART_012C41EC3774276BB02E78F7C0D99F43,7/31/2025,1,1,1770545.67,1,12.99,7.182,0.898,22.32999992,1.018000007,114.8740005,277613,0.400999993,254.904007,8.08
CUST_D1ECB94B336AF3E8BB8D739FA6E9E544,PART_012C41EC3774276BB02E78F7C0D99F43,8/1/2025,1,1,1774166.53,1,13.19,7.182,0.538,22.20999908,1.01699996,114.9000015,277608,0.400000006,254.9230042,7.72
CUST_D1ECB94B336AF3E8BB8D739FA6E9E544,PART_012C41EC3774276BB02E78F7C0D99F43,8/4/2025,1,1,1767125.37,5,65.95,35.91,2.69,21.86000061,1.019000053,114.7939987,277660.0625,0.398000002,255.0469971,38.6
CUST_D1ECB94B336AF3E8BB8D739FA6E9E544,PART_012C41EC3774276BB02E78F7C0D99F43,8/5/2025,1,1,1777321.14,1,13.19,7.182,0.538,21.73999977,1.019999981,114.7580032,277677.4063,0.398000002,255.0879974,7.72
CUST_D1ECB94B336AF3E8BB8D739FA6E9E544,PART_012C41EC3774276BB02E78F7C0D99F43,8/6/2025,1,1,1777710.37,4,52.76,28.728,2.152,21.62000084,1.021000028,114.7229996,277694.7813,0.397000015,255.1300049,30.88
CUST_D1ECB94B336AF3E8BB8D739FA6E9E544,PART_012C41EC3774276BB02E78F7C0D99F43,8/7/2025,1,1,1780128.93,3,39.57,21.546,1.614,21.5,1.021999955,114.6869965,277712.125,0.397000015,255.1710052,23.16
CUST_D1ECB94B336AF3E8BB8D739FA6E9E544,PART_012C41EC3774276BB02E78F7C0D99F43,8/8/2025,1,1,1781274.23,2,26.38,14.364,1.076,21.37999916,1.023000002,114.6520004,277729.4688,0.395999998,255.2120056,15.44
CUST_D1ECB94B336AF3E8BB8D739FA6E9E544,PART_012C41EC3774276BB02E78F7C0D99F43,8/11/2025,1,1,1777830.27,10,131.9,71.82,5.38,21.02000046,1.024999976,114.5449982,277781.5625,0.395000011,255.3370056,77.2
CUST_D1ECB94B336AF3E8BB8D739FA6E9E544,PART_012C41EC3774276BB02E78F7C0D99F43,8/12/2025,1,1,1781370.33,2,26.38,14.364,1.076,20.90999985,1.026000023,114.5100021,277798.9063,0.393999994,255.378006,15.44
CUST_D1ECB94B336AF3E8BB8D739FA6E9E544,PART_012C41EC3774276BB02E78F7C0D99F43,8/13/2025,1,1,1782238.08,5,65.95,35.91,2.69,20.79000092,1.02699995,114.473999,277816.25,0.393000007,255.4190063,38.6
CUST_D1ECB94B336AF3E8BB8D739FA6E9E544,PART_012C41EC3774276BB02E78F7C0D99F43,8/15/2025,1,1,1785275.56,8,105.52,57.456,4.304,20.54999924,1.027999997,114.4029999,277850.9688,0.39199999,255.5019989,61.76
CUST_D1ECB94B336AF3E8BB8D739FA6E9E544,PART_012C41EC3774276BB02E78F7C0D99F43,8/18/2025,1,1,1780022.42,5,65.95,35.91,2.69,20.19000053,1.031000018,114.2969971,277903.0313,0.391000003,255.6260071,38.6
CUST_D1ECB94B336AF3E8BB8D739FA6E9E544,PART_012C41EC3774276BB02E78F7C0D99F43,8/20/2025,1,1,1782109.33,5,65.95,35.91,2.69,19.95999908,1.031999946,114.2259979,277937.75,0.389999986,255.7089996,38.6
CUST_D1ECB94B336AF3E8BB8D739FA6E9E544,PART_012C41EC3774276BB02E78F7C0D99F43,8/21/2025,1,1,1784552.96,4,52.76,28.728,2.152,19.84000015,1.032999992,114.1900024,277955.0938,0.388999999,255.75,30.88
CUST_D1ECB94B336AF3E8BB8D739FA6E9E544,PART_012C41EC3774276BB02E78F7C0D99F43,8/22/2025,1,1,1785423.17,5,65.95,35.91,2.69,19.71999931,1.034000039,114.1549988,277972.4375,0.388000011,255.7910004,38.6
CUST_D1ECB94B336AF3E8BB8D739FA6E9E544,PART_012C41EC3774276BB02E78F7C0D99F43,8/25/2025,1,1,1776007.61,3,39.57,21.546,1.614,19.36000061,1.036000013,114.0479965,278024.5313,0.386999995,255.9160004,23.16
CUST_D1ECB94B336AF3E8BB8D739FA6E9E544,PART_012C41EC3774276BB02E78F7C0D99F43,8/26/2025,1,1,1781706.21,3,39.57,21.546,1.614,19.23999977,1.036999941,114.0130005,278041.875,0.386000007,255.9570007,23.16
CUST_D1ECB94B336AF3E8BB8D739FA6E9E544,PART_012C41EC3774276BB02E78F7C0D99F43,8/27/2025,1,1,1779886.77,5,65.95,35.91,2.69,19.12000084,1.037999988,113.9769974,278059.2188,0.386000007,255.9980011,38.6
CUST_D1ECB94B336AF3E8BB8D739FA6E9E544,PART_012C41EC3774276BB02E78F7C0D99F43,8/28/2025,1,1,1778005.95,2,26.38,14.364,1.076,19.01000023,1.039000034,113.9420013,278076.5938,0.38499999,256.0400085,15.44
CUST_D1ECB94B336AF3E8BB8D739FA6E9E544,PART_012C41EC3774276BB02E78F7C0D99F43,8/29/2025,1,1,1774884.72,3,39.57,21.546,1.614,18.88999939,1.039999962,113.9059982,278093.9375,0.38499999,256.0809937,23.16
CUST_D1ECB94B336AF3E8BB8D739FA6E9E544,PART_012C41EC3774276BB02E78F7C0D99F43,9/2/2025,1,1,1768745.6,6,79.14,43.092,3.228,18.87999916,1.041000009,113.7470016,278129.3125,0.381999999,256.2049866,46.32
CUST_D1ECB94B336AF3E8BB8D739FA6E9E544,PART_012C41EC3774276BB02E78F7C0D99F43,9/3/2025,1,1,1778555.57,12,158.28,86.184,6.456,19,1.039000034,113.6930008,278112.5938,0.379999995,256.2049866,92.64
CUST_D1ECB94B336AF3E8BB8D739FA6E9E544,PART_012C41EC3774276BB02E78F7C0D99F43,9/4/2025,1,1,1776533.59,2,26.38,14.364,1.076,19.11000061,1.037999988,113.6399994,278095.9063,0.379000008,256.2049866,15.44
CUST_D1ECB94B336AF3E8BB8D739FA6E9E544,PART_012C41EC3774276BB02E78F7C0D99F43,9/5/2025,1,1,1769897.75,4,52.76,28.728,2.152,19.22999954,1.036000013,113.586998,278079.1875,0.377000004,256.2049866,30.88
CUST_D1ECB94B336AF3E8BB8D739FA6E9E544,PART_012C41EC3774276BB02E78F7C0D99F43,9/8/2025,1,1,1763826.32,9,118.71,64.638,4.842,19.57999992,1.031999946,113.427002,278029.0938,0.372999996,256.2049866,69.48
CUST_D1ECB94B336AF3E8BB8D739FA6E9E544,PART_012C41EC3774276BB02E78F7C0D99F43,9/10/2025,1,1,1764808.38,11,145.09,79.002,5.918,19.80999947,1.029000044,113.3199997,277995.6875,0.370000005,256.2049866,84.92
CUST_D1ECB94B336AF3E8BB8D739FA6E9E544,PART_012C41EC3774276BB02E78F7C0D99F43,9/11/2025,1,1,1769473.64,5,65.95,35.91,2.69,19.92000008,1.02699995,113.2669983,277979,0.368000001,256.2049866,38.6
CUST_D1ECB94B336AF3E8BB8D739FA6E9E544,PART_012C41EC3774276BB02E78F7C0D99F43,9/12/2025,1,1,1767595.26,22,290.18,158.004,11.836,20.04000092,1.026000023,113.2129974,277962.3125,0.367000014,256.2049866,169.84
CUST_D1ECB94B336AF3E8BB8D739FA6E9E544,PART_012C41EC3774276BB02E78F7C0D99F43,9/15/2025,1,1,1767753.01,1,13.19,7.182,0.538,20.37999916,1.021000028,113.0530014,277912.1875,0.361999989,256.2049866,7.72
CUST_D1ECB94B336AF3E8BB8D739FA6E9E544,PART_012C41EC3774276BB02E78F7C0D99F43,9/16/2025,1,1,1776323.09,3,39.57,21.546,1.614,20.5,1.019999981,113,277895.5,0.361000001,256.2049866,23.16
CUST_D1ECB94B336AF3E8BB8D739FA6E9E544,PART_012C41EC3774276BB02E78F7C0D99F43,9/17/2025,1,1,1779004.01,2,26.38,14.364,1.076,20.62000084,1.018000007,112.9469986,277878.8125,0.360000014,256.2049866,15.44
CUST_D1ECB94B336AF3E8BB8D739FA6E9E544,PART_012C41EC3774276BB02E78F7C0D99F43,9/18/2025,1,1,1778192.24,3,39.57,21.546,1.614,20.72999954,1.01699996,112.8929977,277862.0938,0.35800001,256.2049866,23.16
CUST_D1ECB94B336AF3E8BB8D739FA6E9E544,PART_012C41EC3774276BB02E78F7C0D99F43,9/19/2025,1,1,1785269.53,2,26.38,14.364,1.076,20.85000038,1.014999986,112.8399963,277845.4063,0.356999993,256.2049866,15.44
CUST_D1ECB94B336AF3E8BB8D739FA6E9E544,PART_012C41EC3774276BB02E78F7C0D99F43,9/22/2025,1,1,1784979.59,2,26.38,14.364,1.076,21.19000053,1.011000037,112.6800003,277795.3125,0.351999998,256.2049866,15.44
CUST_D1ECB94B336AF3E8BB8D739FA6E9E544,PART_012C41EC3774276BB02E78F7C0D99F43,9/23/2025,1,1,1793143.01,2,26.38,14.364,1.076,21.30999947,1.008999944,112.6269989,277778.5938,0.351000011,256.2049866,15.44
CUST_D1ECB94B336AF3E8BB8D739FA6E9E544,PART_012C41EC3774276BB02E78F7C0D99F43,9/24/2025,1,1,1789727.94,5,65.95,35.91,2.69,21.43000031,1.008000016,112.572998,277761.9063,0.349000007,256.2049866,38.6
CUST_D1ECB94B336AF3E8BB8D739FA6E9E544,PART_012C41EC3774276BB02E78F7C0D99F43,9/25/2025,1,1,1797316.54,2,26.38,14.364,1.076,21.54000092,1.006000042,112.5199966,277745.1875,0.34799999,256.2049866,15.44
CUST_D1ECB94B336AF3E8BB8D739FA6E9E544,PART_012C41EC3774276BB02E78F7C0D99F43,9/29/2025,1,1,1785039.86,10,131.9,71.82,5.38,22,1,112.3069992,277678.4063,0.342000008,256.2049866,77.2
CUST_D1ECB94B336AF3E8BB8D739FA6E9E544,PART_E9B6842E1322877CB977F4F41C542C85,1/3/2023,1,0,9918.94,15,331.8,80.85,23.85,0,1.126999974,116.8059998,275461.6563,0.504999995,244.2590027,104.7
CUST_D1ECB94B336AF3E8BB8D739FA6E9E544,PART_E9B6842E1322877CB977F4F41C542C85,1/4/2023,1,0,16497.79,7,154.84,37.73,11.13,0,1.128000021,116.8099976,275304.9688,0.505999982,244.3029938,48.86
CUST_D1ECB94B336AF3E8BB8D739FA6E9E544,PART_E9B6842E1322877CB977F4F41C542C85,1/5/2023,1,0,27425.61,8,176.96,43.12,12.72,0,1.129999995,116.8130035,275148.2813,0.505999982,244.3480072,55.84
CUST_D1ECB94B336AF3E8BB8D739FA6E9E544,PART_E9B6842E1322877CB977F4F41C542C85,1/9/2023,1,0,37824.35,1,22.12,5.39,1.59,0,1.13499999,116.8259964,274521.5938,0.508000016,244.5249939,6.98
CUST_D1ECB94B336AF3E8BB8D739FA6E9E544,PART_E9B6842E1322877CB977F4F41C542C85,1/10/2023,1,0,46732.25,0,0,0,0,0,1.136000037,116.8290024,274364.9063,0.509000003,244.5700073,0
CUST_D1ECB94B336AF3E8BB8D739FA6E9E544,PART_E9B6842E1322877CB977F4F41C542C85,1/12/2023,1,0,76622.29,12,265.44,64.68,19.08,0,1.139000058,116.8349991,274051.5625,0.50999999,244.6589966,83.76
CUST_D1ECB94B336AF3E8BB8D739FA6E9E544,PART_E9B6842E1322877CB977F4F41C542C85,1/13/2023,1,0,88998.15,31,685.72,167.09,49.29,0,1.141000032,116.8389969,273894.875,0.510999978,244.7030029,216.38
CUST_D1ECB94B336AF3E8BB8D739FA6E9E544,PART_E9B6842E1322877CB977F4F41C542C85,1/16/2023,1,0,98152.34,10,221.2,53.9,15.9,0,1.144999981,116.8479996,273424.8438,0.512000024,244.8359985,69.8
CUST_D1ECB94B336AF3E8BB8D739FA6E9E544,PART_E9B6842E1322877CB977F4F41C542C85,1/17/2023,1,0,106995.86,19,398.05,102.41,30.21,0,1.146000028,116.8519974,273268.1563,0.513000011,244.8809967,132.62
CUST_D1ECB94B336AF3E8BB8D739FA6E9E544,PART_E9B6842E1322877CB977F4F41C542C85,1/18/2023,1,0,113364.72,2,41.9,10.78,3.18,0,1.148000002,116.8550034,273111.4688,0.513000011,244.9250031,13.96
CUST_D1ECB94B336AF3E8BB8D739FA6E9E544,PART_E9B6842E1322877CB977F4F41C542C85,1/19/2023,1,0,136448.98,10,209.5,53.9,15.9,0,1.149000049,116.8580017,272954.8125,0.513999999,244.9700012,69.8
CUST_D1ECB94B336AF3E8BB8D739FA6E9E544,PART_E9B6842E1322877CB977F4F41C542C85,1/20/2023,1,0,146871,0,0,0,0,0,1.149999976,116.8610001,272798.125,0.513999999,245.0140076,0
CUST_D1ECB94B336AF3E8BB8D739FA6E9E544,PART_E9B6842E1322877CB977F4F41C542C85,1/23/2023,1,0,153008.81,3,62.85,16.17,4.77,0,1.154999971,116.8710022,272328.0938,0.515999973,245.1470032,20.94
CUST_D1ECB94B336AF3E8BB8D739FA6E9E544,PART_E9B6842E1322877CB977F4F41C542C85,1/24/2023,1,0,167320.08,1,20.95,5.39,1.59,0,1.156000018,116.8740005,272171.4063,0.51700002,245.1920013,6.98
CUST_D1ECB94B336AF3E8BB8D739FA6E9E544,PART_E9B6842E1322877CB977F4F41C542C85,1/25/2023,1,0,172722.19,37,782.17,199.43,58.83,0,1.156999946,116.8769989,272014.75,0.51700002,245.2359924,258.26
CUST_D1ECB94B336AF3E8BB8D739FA6E9E544,PART_E9B6842E1322877CB977F4F41C542C85,1/26/2023,1,0,183063.21,5,104.75,26.95,7.95,0,1.159000039,116.8809967,271858.0625,0.518000007,245.2799988,34.9
CUST_D1ECB94B336AF3E8BB8D739FA6E9E544,PART_E9B6842E1322877CB977F4F41C542C85,1/27/2023,1,0,188052.81,21,439.95,113.19,33.39,0,1.159999967,116.8840027,271701.375,0.518000007,245.3249969,146.58
CUST_D1ECB94B336AF3E8BB8D739FA6E9E544,PART_E9B6842E1322877CB977F4F41C542C85,1/30/2023,1,0,199366.24,3,62.85,16.17,4.77,0,1.164000034,116.8939972,271231.3438,0.519999981,245.4579926,20.94
CUST_D1ECB94B336AF3E8BB8D739FA6E9E544,PART_E9B6842E1322877CB977F4F41C542C85,1/31/2023,1,0,206209.82,1,20.95,5.39,1.59,0,1.166000009,116.8970032,271074.6875,0.519999981,245.503006,6.98
CUST_D1ECB94B336AF3E8BB8D739FA6E9E544,PART_E9B6842E1322877CB977F4F41C542C85,2/1/2023,1,0,213524.98,1,20.95,5.39,1.59,0,1.167000055,116.9000015,270918,0.521000028,245.5469971,6.98
CUST_D1ECB94B336AF3E8BB8D739FA6E9E544,PART_E9B6842E1322877CB977F4F41C542C85,2/2/2023,1,0,221456.7,45,942.75,242.55,71.55,0,1.167000055,116.8180008,270832.6563,0.519999981,245.5469971,314.1
CUST_D1ECB94B336AF3E8BB8D739FA6E9E544,PART_E9B6842E1322877CB977F4F41C542C85,2/6/2023,1,0,239800.2,14,293.3,75.46,22.26,0,1.164999962,116.4889984,270491.2188,0.515999973,245.548996,97.72
CUST_D1ECB94B336AF3E8BB8D739FA6E9E544,PART_E9B6842E1322877CB977F4F41C542C85,2/7/2023,1,0,250002.12,8,167.6,43.12,12.72,0,1.164000034,116.4069977,270405.8438,0.514999986,245.548996,55.84
CUST_D1ECB94B336AF3E8BB8D739FA6E9E544,PART_E9B6842E1322877CB977F4F41C542C85,2/8/2023,1,0,258408.1,35,720.99,188.65,55.65,0,1.164000034,116.3249969,270320.5,0.513999999,245.5500031,244.3
CUST_D1ECB94B336AF3E8BB8D739FA6E9E544,PART_E9B6842E1322877CB977F4F41C542C85,2/9/2023,1,0,265742.297,26,385.32,140.14,41.34,0,1.164000034,116.2429962,270235.1563,0.513000011,245.5500031,181.48
CUST_D1ECB94B336AF3E8BB8D739FA6E9E544,PART_E9B6842E1322877CB977F4F41C542C85,2/10/2023,1,0,276467.577,13,192.66,70.07,20.67,0,1.162999988,116.1610031,270149.7813,0.512000024,245.5500031,90.74
CUST_D1ECB94B336AF3E8BB8D739FA6E9E544,PART_E9B6842E1322877CB977F4F41C542C85,2/13/2023,1,0,285451.637,5,74.1,26.95,7.95,0,1.161999941,115.9140015,269893.7188,0.509000003,245.5509949,34.9
CUST_D1ECB94B336AF3E8BB8D739FA6E9E544,PART_E9B6842E1322877CB977F4F41C542C85,2/15/2023,1,0,299306.927,1,14.82,5.39,1.59,0,1.161000013,115.75,269723,0.507000029,245.552002,6.98
CUST_D1ECB94B336AF3E8BB8D739FA6E9E544,PART_E9B6842E1322877CB977F4F41C542C85,2/16/2023,1,0,306377.497,14,207.48,75.46,22.26,0,1.161000013,115.6679993,269637.6563,0.505999982,245.552002,97.72
CUST_D1ECB94B336AF3E8BB8D739FA6E9E544,PART_E9B6842E1322877CB977F4F41C542C85,2/20/2023,1,0,318491.697,13,192.66,70.07,20.67,0,1.159000039,115.3389969,269296.2188,0.501999974,245.5540009,90.74
CUST_D1ECB94B336AF3E8BB8D739FA6E9E544,PART_E9B6842E1322877CB977F4F41C542C85,2/21/2023,1,0,330931.447,14,207.48,75.46,22.26,0,1.157999992,115.2570038,269210.8438,0.500999987,245.5540009,97.72
CUST_D1ECB94B336AF3E8BB8D739FA6E9E544,PART_E9B6842E1322877CB977F4F41C542C85,2/22/2023,1,0,339376.287,11,163.02,59.29,17.49,0,1.157999992,115.1750031,269125.5,0.5,245.5549927,76.78
CUST_D1ECB94B336AF3E8BB8D739FA6E9E544,PART_E9B6842E1322877CB977F4F41C542C85,2/23/2023,1,0,356038.767,5,74.1,26.95,7.95,0,1.157999992,115.0930023,269040.1563,0.499000013,245.5549927,34.9
CUST_D1ECB94B336AF3E8BB8D739FA6E9E544,PART_E9B6842E1322877CB977F4F41C542C85,2/24/2023,1,0,363139.337,7,103.74,37.73,11.13,0,1.156999946,115.0110016,268954.7813,0.497999996,245.5549927,48.86
CUST_D1ECB94B336AF3E8BB8D739FA6E9E544,PART_E9B6842E1322877CB977F4F41C542C85,2/28/2023,1,0,381141.127,12,177.84,64.68,19.08,0,1.154999971,114.6819992,268613.3438,0.493999988,245.5570068,83.76
CUST_D1ECB94B336AF3E8BB8D739FA6E9E544,PART_E9B6842E1322877CB977F4F41C542C85,3/1/2023,1,0,389794.357,7,103.74,37.73,11.13,0,1.154999971,114.5999985,268528,0.493000001,245.5570068,48.86
CUST_D1ECB94B336AF3E8BB8D739FA6E9E544,PART_E9B6842E1322877CB977F4F41C542C85,3/2/2023,1,0,398944.627,1,14.82,5.39,1.59,0,1.154999971,114.5810013,268601.75,0.495000005,245.5630035,6.98
CUST_D1ECB94B336AF3E8BB8D739FA6E9E544,PART_E9B6842E1322877CB977F4F41C542C85,3/6/2023,1,0,423640.347,2,29.64,10.78,3.18,0,1.152999997,114.5029984,268896.7188,0.501999974,245.5870056,13.96
CUST_D1ECB94B336AF3E8BB8D739FA6E9E544,PART_E9B6842E1322877CB977F4F41C542C85,3/8/2023,1,0,439620.167,3,44.46,16.17,4.77,0,1.152999997,114.4649963,269044.1875,0.505999982,245.598999,20.94
CUST_D1ECB94B336AF3E8BB8D739FA6E9E544,PART_E9B6842E1322877CB977F4F41C542C85,3/9/2023,1,0,452666.597,3,44.46,16.17,4.77,0,1.15199995,114.4449997,269117.9375,0.508000016,245.6049957,20.94
CUST_D1ECB94B336AF3E8BB8D739FA6E9E544,PART_E9B6842E1322877CB977F4F41C542C85,3/10/2023,1,0,463221.557,4,59.28,21.56,6.36,0,1.15199995,114.4260025,269191.6875,0.50999999,245.6109924,27.92
CUST_D1ECB94B336AF3E8BB8D739FA6E9E544,PART_E9B6842E1322877CB977F4F41C542C85,3/13/2023,1,0,469886.037,4,59.28,21.56,6.36,0,1.151000023,114.3679962,269412.9063,0.514999986,245.6289978,27.92
CUST_D1ECB94B336AF3E8BB8D739FA6E9E544,PART_E9B6842E1322877CB977F4F41C542C85,3/14/2023,1,0,478526.167,10,148.2,53.9,15.9,0,1.149999976,114.3479996,269486.6563,0.51700002,245.6349945,69.8
CUST_D1ECB94B336AF3E8BB8D739FA6E9E544,PART_E9B6842E1322877CB977F4F41C542C85,3/15/2023,1,0,485130.857,11,163.02,59.29,17.49,0,1.149999976,114.3290024,269560.375,0.518999994,245.6410065,76.78
CUST_D1ECB94B336AF3E8BB8D739FA6E9E544,PART_E9B6842E1322877CB977F4F41C542C85,3/16/2023,1,0,493721.117,3,44.46,16.17,4.77,0,1.149999976,114.3099976,269634.125,0.521000028,245.6470032,20.94
CUST_D1ECB94B336AF3E8BB8D739FA6E9E544,PART_E9B6842E1322877CB977F4F41C542C85,3/17/2023,1,0,500289.687,3,44.46,16.17,4.77,0,1.149000049,114.2900009,269707.875,0.523000002,245.654007,20.94
CUST_D1ECB94B336AF3E8BB8D739FA6E9E544,PART_E9B6842E1322877CB977F4F41C542C85,3/20/2023,1,0,517052.257,2,29.64,10.78,3.18,0,1.148000002,114.2320023,269929.0938,0.528999984,245.6719971,13.96
CUST_D1ECB94B336AF3E8BB8D739FA6E9E544,PART_E9B6842E1322877CB977F4F41C542C85,3/21/2023,1,0,529309.197,4,59.28,21.56,6.36,0,1.148000002,114.2129974,270002.8438,0.529999971,245.6779938,27.92
CUST_D1ECB94B336AF3E8BB8D739FA6E9E544,PART_E9B6842E1322877CB977F4F41C542C85,3/22/2023,1,0,540794.767,20,296.4,107.8,31.8,0,1.148000002,114.1940002,270076.5938,0.532000005,245.6840057,139.6
CUST_D1ECB94B336AF3E8BB8D739FA6E9E544,PART_E9B6842E1322877CB977F4F41C542C85,3/23/2023,1,0,560298.447,14,207.48,75.46,22.26,0,1.146999955,114.1740036,270150.3125,0.533999979,245.6900024,97.72
CUST_D1ECB94B336AF3E8BB8D739FA6E9E544,PART_E9B6842E1322877CB977F4F41C542C85,3/27/2023,1,0,590473.127,13,192.66,70.07,20.67,0,1.146000028,114.0970001,270445.2813,0.541999996,245.7140045,90.74
CUST_D1ECB94B336AF3E8BB8D739FA6E9E544,PART_E9B6842E1322877CB977F4F41C542C85,3/28/2023,1,0,601049.737,11,163.02,59.29,17.49,0,1.144999981,114.0770035,270519.0313,0.54400003,245.7200012,76.78
CUST_D1ECB94B336AF3E8BB8D739FA6E9E544,PART_E9B6842E1322877CB977F4F41C542C85,3/29/2023,1,0,616625.927,2,29.64,10.78,3.18,0,1.144999981,114.0579987,270592.7813,0.545000017,245.7259979,13.96
CUST_D1ECB94B336AF3E8BB8D739FA6E9E544,PART_E9B6842E1322877CB977F4F41C542C85,3/30/2023,1,0,621113.477,6,88.92,32.34,9.54,0,1.144999981,114.0390015,270666.5313,0.546999991,245.7319946,41.88
CUST_D1ECB94B336AF3E8BB8D739FA6E9E544,PART_E9B6842E1322877CB977F4F41C542C85,3/31/2023,1,0,630816.217,23,340.86,123.97,36.57,0,1.144000053,114.0189972,270740.25,0.549000025,245.7380066,160.54
CUST_D1ECB94B336AF3E8BB8D739FA6E9E544,PART_E9B6842E1322877CB977F4F41C542C85,4/4/2023,1,0,650476.277,1,14.82,5.39,1.59,0,1.146000028,113.9700012,270787.4063,0.550000012,245.776001,6.98
CUST_D1ECB94B336AF3E8BB8D739FA6E9E544,PART_E9B6842E1322877CB977F4F41C542C85,4/5/2023,1,0,660638.337,13,192.66,70.07,20.67,0,1.146999955,113.9599991,270778.5313,0.550000012,245.7870026,90.74
CUST_D1ECB94B336AF3E8BB8D739FA6E9E544,PART_E9B6842E1322877CB977F4F41C542C85,4/7/2023,1,0,681827.487,6,88.92,32.34,9.54,0,1.148000002,113.9400024,270760.8125,0.549000025,245.8079987,41.88
CUST_D1ECB94B336AF3E8BB8D739FA6E9E544,PART_E9B6842E1322877CB977F4F41C542C85,4/10/2023,1,0,693791.097,0,0,0,0,0,1.151000023,113.9100037,270734.1875,0.547999978,245.8399963,0
CUST_D1ECB94B336AF3E8BB8D739FA6E9E544,PART_E9B6842E1322877CB977F4F41C542C85,4/11/2023,1,0,703637.507,5,76.7,26.95,7.95,0,1.151000023,113.9000015,270725.3438,0.547999978,245.8500061,34.9
CUST_D1ECB94B336AF3E8BB8D739FA6E9E544,PART_E9B6842E1322877CB977F4F41C542C85,4/12/2023,1,0,710021.207,3,46.02,16.17,4.77,0,1.15199995,113.8899994,270716.4688,0.546999991,245.8609924,20.94
CUST_D1ECB94B336AF3E8BB8D739FA6E9E544,PART_E9B6842E1322877CB977F4F41C542C85,4/13/2023,1,0,721264.937,5,76.7,26.95,7.95,0,1.152999997,113.8799973,270707.5938,0.546999991,245.871994,34.9
CUST_D1ECB94B336AF3E8BB8D739FA6E9E544,PART_E9B6842E1322877CB977F4F41C542C85,4/17/2023,1,0,741363.117,8,122.72,44.624,11.216,0,1.156000018,113.8399963,270672.125,0.546000004,245.9140015,55.84
CUST_D1ECB94B336AF3E8BB8D739FA6E9E544,PART_E9B6842E1322877CB977F4F41C542C85,4/19/2023,1,0,748518.987,4,61.36,22.312,5.608,0,1.156999946,113.8199997,270654.4063,0.545000017,245.9349976,27.92
CUST_D1ECB94B336AF3E8BB8D739FA6E9E544,PART_E9B6842E1322877CB977F4F41C542C85,4/20/2023,1,0,757073.577,0,0,0,0,0,1.157999992,113.8099976,270645.5313,0.545000017,245.9459991,0
CUST_D1ECB94B336AF3E8BB8D739FA6E9E544,PART_E9B6842E1322877CB977F4F41C542C85,4/24/2023,1,0,774105.157,5,74.1,27.89,7.01,0,1.161000013,113.7699966,270610.0625,0.542999983,245.9889984,34.9
CUST_D1ECB94B336AF3E8BB8D739FA6E9E544,PART_E9B6842E1322877CB977F4F41C542C85,4/25/2023,1,0,785975.337,2,30.16,11.156,2.804,0,1.161999941,113.7600021,270601.1875,0.542999983,245.9989929,13.96
CUST_D1ECB94B336AF3E8BB8D739FA6E9E544,PART_E9B6842E1322877CB977F4F41C542C85,4/26/2023,1,0,791291.597,1,15.34,5.578,1.402,0,1.161999941,113.75,270592.3438,0.542999983,246.0099945,6.98
CUST_D1ECB94B336AF3E8BB8D739FA6E9E544,PART_E9B6842E1322877CB977F4F41C542C85,4/27/2023,1,0,803652.237,4,61.36,22.312,5.608,0,1.162999988,113.7399979,270583.4688,0.541999996,246.0200043,27.92
CUST_D1ECB94B336AF3E8BB8D739FA6E9E544,PART_E9B6842E1322877CB977F4F41C542C85,4/28/2023,1,0,809297.577,5,76.7,27.89,7.01,0,1.164000034,113.7300034,270574.5938,0.541999996,246.0310059,34.9
CUST_D1ECB94B336AF3E8BB8D739FA6E9E544,PART_E9B6842E1322877CB977F4F41C542C85,5/2/2023,1,0,831606.617,1,15.34,5.578,1.402,0,1.164999962,113.7160034,270540.0313,0.541000009,246.0870056,6.98
CUST_D1ECB94B336AF3E8BB8D739FA6E9E544,PART_E9B6842E1322877CB977F4F41C542C85,5/3/2023,1,0,841100.097,5,76.7,27.89,7.01,0,1.164999962,113.7320023,270532.0625,0.541000009,246.1109924,34.9
CUST_D1ECB94B336AF3E8BB8D739FA6E9E544,PART_E9B6842E1322877CB977F4F41C542C85,5/4/2023,1,0,852534.347,29,444.86,161.762,40.658,0,1.164000034,113.7480011,270524.0938,0.540000021,246.1349945,202.42
CUST_D1ECB94B336AF3E8BB8D739FA6E9E544,PART_E9B6842E1322877CB977F4F41C542C85,5/9/2023,1,0,884574.177,6,92.04,33.468,8.412,0,1.161000013,113.8290024,270484.25,0.538999975,246.2539978,41.88
CUST_D1ECB94B336AF3E8BB8D739FA6E9E544,PART_E9B6842E1322877CB977F4F41C542C85,5/11/2023,1,0,897779.137,5,76.7,27.89,7.01,0,1.159999967,113.8610001,270468.3125,0.538999975,246.302002,34.9
CUST_D1ECB94B336AF3E8BB8D739FA6E9E544,PART_E9B6842E1322877CB977F4F41C542C85,5/12/2023,1,0,903862.687,0,0,0,0,0,1.159000039,113.8769989,270460.3438,0.538999975,246.326004,0
CUST_D1ECB94B336AF3E8BB8D739FA6E9E544,PART_E9B6842E1322877CB977F4F41C542C85,5/16/2023,1,0,929487.727,38,581.36,211.964,53.276,0,1.156999946,113.9420013,270428.4688,0.537999988,246.4219971,265.24
CUST_D1ECB94B336AF3E8BB8D739FA6E9E544,PART_E9B6842E1322877CB977F4F41C542C85,5/17/2023,1,0,942354.877,15,230.1,83.67,21.03,0,1.156000018,113.9580002,270420.5313,0.537999988,246.4459991,104.7
CUST_D1ECB94B336AF3E8BB8D739FA6E9E544,PART_E9B6842E1322877CB977F4F41C542C85,5/18/2023,1,0,953982.157,8,122.72,44.624,11.216,0,1.156000018,113.973999,270412.5625,0.537999988,246.4700012,55.84
CUST_D1ECB94B336AF3E8BB8D739FA6E9E544,PART_E9B6842E1322877CB977F4F41C542C85,5/19/2023,1,0,959818.887,17,260.78,94.826,23.834,0,1.154999971,113.9899979,270404.5938,0.537999988,246.4940033,118.66
CUST_D1ECB94B336AF3E8BB8D739FA6E9E544,PART_E9B6842E1322877CB977F4F41C542C85,5/22/2023,1,0,974094.537,8,122.72,44.624,11.216,0,1.152999997,114.0390015,270380.6875,0.537,246.5659943,55.84
CUST_D1ECB94B336AF3E8BB8D739FA6E9E544,PART_E9B6842E1322877CB977F4F41C542C85,5/24/2023,1,0,998600.267,20,306.8,111.56,28.04,0,1.15199995,114.0709991,270364.75,0.537,246.6139984,139.6
CUST_D1ECB94B336AF3E8BB8D739FA6E9E544,PART_E9B6842E1322877CB977F4F41C542C85,5/25/2023,1,0,1005224.037,2,30.68,11.156,2.804,0,1.151000023,114.086998,270356.7813,0.536000013,246.6369934,13.96
CUST_D1ECB94B336AF3E8BB8D739FA6E9E544,PART_E9B6842E1322877CB977F4F41C542C85,5/26/2023,1,0,1011449.757,7,107.38,39.046,11.494,0,1.151000023,114.1029968,270348.8125,0.536000013,246.6609955,50.54
CUST_D1ECB94B336AF3E8BB8D739FA6E9E544,PART_E9B6842E1322877CB977F4F41C542C85,5/31/2023,1,0,1025114.717,21,322.14,117.138,34.482,0,1.148000002,114.1839981,270308.9688,0.535000026,246.7810059,151.62
CUST_D1ECB94B336AF3E8BB8D739FA6E9E544,PART_E9B6842E1322877CB977F4F41C542C85,6/1/2023,1,0,1037590.707,3,46.02,16.734,4.926,0,1.146999955,114.1999969,270301,0.535000026,246.8049927,21.66
CUST_D1ECB94B336AF3E8BB8D739FA6E9E544,PART_E9B6842E1322877CB977F4F41C542C85,6/5/2023,1,0,1049781.457,6,92.04,33.468,9.852,0,1.144000053,114.3199997,270375.9375,0.532000005,246.9210052,43.32
CUST_D1ECB94B336AF3E8BB8D739FA6E9E544,PART_E9B6842E1322877CB977F4F41C542C85,6/6/2023,1,0,1059403.007,1,15.34,5.578,1.642,0,1.143000007,114.3499985,270394.6563,0.531000018,246.9499969,7.22
CUST_D1ECB94B336AF3E8BB8D739FA6E9E544,PART_E9B6842E1322877CB977F4F41C542C85,6/7/2023,1,0,1070030.027,8,122.72,44.624,13.136,0,1.14199996,114.3799973,270413.4063,0.529999971,246.9790039,57.76
CUST_D1ECB94B336AF3E8BB8D739FA6E9E544,PART_E9B6842E1322877CB977F4F41C542C85,6/8/2023,1,0,1082211.507,2,30.68,11.156,3.284,0,1.141000032,114.4100037,270432.125,0.528999984,247.0079956,14.44
CUST_D1ECB94B336AF3E8BB8D739FA6E9E544,PART_E9B6842E1322877CB977F4F41C542C85,6/9/2023,1,0,1092419.657,4,61.36,22.312,6.568,0,1.139999986,114.4400024,270450.875,0.528999984,247.0370026,28.88
CUST_D1ECB94B336AF3E8BB8D739FA6E9E544,PART_E9B6842E1322877CB977F4F41C542C85,6/13/2023,1,0,1115001.927,3,46.02,16.734,4.926,0,1.136999965,114.5599976,270525.8125,0.524999976,247.1529999,21.66
CUST_D1ECB94B336AF3E8BB8D739FA6E9E544,PART_E9B6842E1322877CB977F4F41C542C85,6/15/2023,1,0,1131314.747,9,138.06,50.202,14.778,0,1.13499999,114.6200027,270563.2813,0.523999989,247.2109985,64.98
CUST_D1ECB94B336AF3E8BB8D739FA6E9E544,PART_E9B6842E1322877CB977F4F41C542C85,6/16/2023,1,0,1145073.507,5,56.15,27.89,8.21,0,1.13499999,114.6500015,270582,0.523000002,247.2400055,36.1
CUST_D1ECB94B336AF3E8BB8D739FA6E9E544,PART_E9B6842E1322877CB977F4F41C542C85,6/19/2023,1,0,1151906.107,1,11.23,5.578,1.642,0,1.131999969,114.7399979,270638.1875,0.521000028,247.326004,7.22
CUST_D1ECB94B336AF3E8BB8D739FA6E9E544,PART_E9B6842E1322877CB977F4F41C542C85,6/21/2023,1,0,1175542.197,24,269.52,133.872,39.408,0,1.129999995,114.8000031,270675.6563,0.518999994,247.3840027,173.28
CUST_D1ECB94B336AF3E8BB8D739FA6E9E544,PART_E9B6842E1322877CB977F4F41C542C85,6/23/2023,1,0,1193015.927,7,78.61,39.046,11.494,0,1.128999949,114.8600006,270713.125,0.51700002,247.4420013,50.54
CUST_D1ECB94B336AF3E8BB8D739FA6E9E544,PART_E9B6842E1322877CB977F4F41C542C85,6/26/2023,1,0,1196948.767,1,11.23,5.578,1.642,0,1.126000047,114.9499969,270769.3438,0.514999986,247.529007,7.22
CUST_D1ECB94B336AF3E8BB8D739FA6E9E544,PART_E9B6842E1322877CB977F4F41C542C85,6/27/2023,1,0,1204844.647,5,56.15,27.89,8.21,0,1.125,114.9800034,270788.0625,0.513999999,247.5579987,36.1
CUST_D1ECB94B336AF3E8BB8D739FA6E9E544,PART_E9B6842E1322877CB977F4F41C542C85,6/28/2023,1,0,1216505.967,19,213.37,105.982,31.198,0,1.125,115.0100021,270806.8125,0.513000011,247.5870056,137.18
CUST_D1ECB94B336AF3E8BB8D739FA6E9E544,PART_E9B6842E1322877CB977F4F41C542C85,6/29/2023,1,0,1227720.207,2,22.46,11.156,3.284,0,1.123999953,115.0400009,270825.5313,0.513000011,247.6159973,14.44
CUST_D1ECB94B336AF3E8BB8D739FA6E9E544,PART_E9B6842E1322877CB977F4F41C542C85,6/30/2023,1,0,1241222.127,5,56.15,27.89,8.21,0,1.123000026,115.0699997,270844.2813,0.512000024,247.6450043,36.1
CUST_D1ECB94B336AF3E8BB8D739FA6E9E544,PART_E9B6842E1322877CB977F4F41C542C85,7/5/2023,1,0,1249114.517,2,22.46,11.156,3.284,0,1.125,114.9580002,270912.8125,0.510999978,247.6750031,14.44
CUST_D1ECB94B336AF3E8BB8D739FA6E9E544,PART_E9B6842E1322877CB977F4F41C542C85,7/6/2023,1,0,1261988.867,10,112.3,55.78,16.42,0,1.125,114.9229965,270925.25,0.510999978,247.6759949,72.2
CUST_D1ECB94B336AF3E8BB8D739FA6E9E544,PART_E9B6842E1322877CB977F4F41C542C85,7/10/2023,1,0,1283803.237,29,325.67,161.762,47.618,0,1.128000021,114.7809982,270975.0625,0.512000024,247.677002,209.38
CUST_D1ECB94B336AF3E8BB8D739FA6E9E544,PART_E9B6842E1322877CB977F4F41C542C85,7/11/2023,1,0,1289846.257,37,415.51,206.386,60.754,0,1.128999949,114.7450027,270987.5313,0.512000024,247.677002,267.14
CUST_D1ECB94B336AF3E8BB8D739FA6E9E544,PART_E9B6842E1322877CB977F4F41C542C85,7/12/2023,1,0,1298297.697,1,11.23,5.578,1.642,0,1.128999949,114.7099991,270999.9688,0.512000024,247.6779938,7.22
CUST_D1ECB94B336AF3E8BB8D739FA6E9E544,PART_E9B6842E1322877CB977F4F41C542C85,7/13/2023,1,0,1305903.937,1,11.23,5.578,1.642,0,1.129999995,114.6740036,271012.4063,0.512000024,247.6779938,7.22
CUST_D1ECB94B336AF3E8BB8D739FA6E9E544,PART_E9B6842E1322877CB977F4F41C542C85,7/14/2023,1,0,1310753.517,10,112.3,55.78,16.42,0,1.131000042,114.6389999,271024.875,0.512000024,247.6779938,72.2
CUST_D1ECB94B336AF3E8BB8D739FA6E9E544,PART_E9B6842E1322877CB977F4F41C542C85,7/17/2023,1,0,1321523.727,1,11.23,5.578,1.642,0,1.133000016,114.5319977,271062.2188,0.513000011,247.6790009,7.22
CUST_D1ECB94B336AF3E8BB8D739FA6E9E544,PART_E9B6842E1322877CB977F4F41C542C85,7/18/2023,1,0,1329306.577,37,415.51,206.386,60.754,0,1.133999944,114.4970016,271074.6875,0.513000011,247.6790009,267.14
CUST_D1ECB94B336AF3E8BB8D739FA6E9E544,PART_E9B6842E1322877CB977F4F41C542C85,7/24/2023,1,0,1370201.827,10,112.3,55.78,16.42,0,1.138000011,114.2839966,271149.375,0.513000011,247.6809998,72.2
CUST_D1ECB94B336AF3E8BB8D739FA6E9E544,PART_E9B6842E1322877CB977F4F41C542C85,7/26/2023,1,0,1388681.087,4,44.92,22.312,6.568,0,1.139000058,114.2129974,271174.2813,0.513000011,247.6820068,28.88
CUST_D1ECB94B336AF3E8BB8D739FA6E9E544,PART_E9B6842E1322877CB977F4F41C542C85,7/28/2023,1,0,1409078.397,7,78.61,39.046,11.494,0,1.139999986,114.1419983,271199.1875,0.513999999,247.6829987,50.54
CUST_D1ECB94B336AF3E8BB8D739FA6E9E544,PART_E9B6842E1322877CB977F4F41C542C85,7/31/2023,1,0,1413592.247,1,11.23,5.578,1.642,0,1.14199996,114.0350037,271236.5625,0.513999999,247.6840057,7.22
CUST_D1ECB94B336AF3E8BB8D739FA6E9E544,PART_E9B6842E1322877CB977F4F41C542C85,8/1/2023,1,0,1422592.227,4,44.92,22.312,6.568,0,1.143000007,114,271249,0.513999999,247.6840057,28.88
CUST_D1ECB94B336AF3E8BB8D739FA6E9E544,PART_E9B6842E1322877CB977F4F41C542C85,8/7/2023,1,0,1457239.047,1,11.23,5.578,1.642,0,1.146999955,114.0189972,270962.9375,0.513000011,247.7680054,7.22
CUST_D1ECB94B336AF3E8BB8D739FA6E9E544,PART_E9B6842E1322877CB977F4F41C542C85,8/8/2023,1,0,1467399.717,5,56.15,27.89,8.21,0,1.148000002,114.0230026,270915.25,0.512000024,247.7819977,36.1
CUST_D1ECB94B336AF3E8BB8D739FA6E9E544,PART_E9B6842E1322877CB977F4F41C542C85,8/9/2023,1,0,1475631.877,10,112.3,55.78,16.42,0,1.148000002,114.026001,270867.5938,0.512000024,247.7969971,72.2
CUST_D1ECB94B336AF3E8BB8D739FA6E9E544,PART_E9B6842E1322877CB977F4F41C542C85,8/10/2023,1,0,1481928.997,14,157.22,78.092,22.988,0,1.149000049,114.0289993,270819.9063,0.512000024,247.8110046,101.08
CUST_D1ECB94B336AF3E8BB8D739FA6E9E544,PART_E9B6842E1322877CB977F4F41C542C85,8/11/2023,1,0,1487343.577,29,325.67,161.762,47.618,0,1.149000049,114.0319977,270772.2188,0.512000024,247.8249969,209.38
CUST_D1ECB94B336AF3E8BB8D739FA6E9E544,PART_E9B6842E1322877CB977F4F41C542C85,8/14/2023,1,0,1492204.727,4,44.92,22.312,6.568,0,1.151000023,114.0419998,270629.1875,0.510999978,247.8670044,28.88
CUST_D1ECB94B336AF3E8BB8D739FA6E9E544,PART_E9B6842E1322877CB977F4F41C542C85,8/15/2023,1,0,1500859.707,5,56.15,27.89,8.21,0,1.15199995,114.0449982,270581.5313,0.510999978,247.8809967,36.1
CUST_D1ECB94B336AF3E8BB8D739FA6E9E544,PART_E9B6842E1322877CB977F4F41C542C85,8/16/2023,1,0,1506202.287,15,168.45,83.67,24.63,0,1.152999997,114.0479965,270533.8438,0.510999978,247.8950043,108.3
CUST_D1ECB94B336AF3E8BB8D739FA6E9E544,PART_E9B6842E1322877CB977F4F41C542C85,8/17/2023,1,0,1515484.967,10,112.3,55.78,16.42,0,1.152999997,114.052002,270486.1563,0.50999999,247.9089966,72.2
CUST_D1ECB94B336AF3E8BB8D739FA6E9E544,PART_E9B6842E1322877CB977F4F41C542C85,8/18/2023,1,0,1523770.077,7,78.61,39.046,11.494,0,1.154000044,114.0550003,270438.4688,0.50999999,247.9230042,50.54
CUST_D1ECB94B336AF3E8BB8D739FA6E9E544,PART_E9B6842E1322877CB977F4F41C542C85,8/21/2023,1,0,1530176.677,5,56.15,27.89,8.21,0,1.156000018,114.0650024,270295.4375,0.509000003,247.9649963,36.1
CUST_D1ECB94B336AF3E8BB8D739FA6E9E544,PART_E9B6842E1322877CB977F4F41C542C85,8/22/2023,1,0,1539862.097,1,11.23,5.578,1.642,0,1.156999946,114.0680008,270247.7813,0.509000003,247.9790039,7.22
CUST_D1ECB94B336AF3E8BB8D739FA6E9E544,PART_E9B6842E1322877CB977F4F41C542C85,8/23/2023,1,0,1546580.427,3,33.69,16.734,4.926,0,1.156999946,114.0709991,270200.0938,0.509000003,247.9929962,21.66
CUST_D1ECB94B336AF3E8BB8D739FA6E9E544,PART_E9B6842E1322877CB977F4F41C542C85,8/24/2023,1,0,1557114.007,5,56.15,27.89,8.21,0,1.157999992,114.0739975,270152.4063,0.509000003,248.0070038,36.1
CUST_D1ECB94B336AF3E8BB8D739FA6E9E544,PART_E9B6842E1322877CB977F4F41C542C85,8/28/2023,1,0,1568736.097,5,56.15,27.89,8.21,0,1.159999967,114.086998,269961.7188,0.508000016,248.0639954,36.1
CUST_D1ECB94B336AF3E8BB8D739FA6E9E544,PART_E9B6842E1322877CB977F4F41C542C85,8/29/2023,1,0,1577129.717,13,145.99,72.514,21.346,0,1.161000013,114.0899963,269914.0313,0.508000016,248.0780029,93.86
CUST_D1ECB94B336AF3E8BB8D739FA6E9E544,PART_E9B6842E1322877CB977F4F41C542C85,8/30/2023,1,0,1581783.617,13,145.99,72.514,21.346,0,1.161999941,114.0940018,269866.3438,0.507000029,248.0919952,93.86
CUST_D1ECB94B336AF3E8BB8D739FA6E9E544,PART_E9B6842E1322877CB977F4F41C542C85,8/31/2023,1,0,1591713.167,20,224.6,111.56,32.84,0,1.161999941,114.0970001,269818.6875,0.507000029,248.1060028,144.4
CUST_D1ECB94B336AF3E8BB8D739FA6E9E544,PART_E9B6842E1322877CB977F4F41C542C85,9/1/2023,1,0,1602339.657,11,123.53,61.358,18.062,0,1.162999988,114.0999985,269771,0.507000029,248.1199951,79.42
CUST_D1ECB94B336AF3E8BB8D739FA6E9E544,PART_E9B6842E1322877CB977F4F41C542C85,9/5/2023,1,0,1605384.477,1,11.23,5.578,1.642,0,1.156000018,114.1269989,269639.2813,0.501999974,248.128006,7.22
CUST_D1ECB94B336AF3E8BB8D739FA6E9E544,PART_E9B6842E1322877CB977F4F41C542C85,9/6/2023,1,0,1616444.487,6,67.38,33.468,9.852,0,1.154000044,114.1330032,269606.3438,0.500999987,248.1300049,43.32
CUST_D1ECB94B336AF3E8BB8D739FA6E9E544,PART_E9B6842E1322877CB977F4F41C542C85,9/7/2023,1,0,1627413.337,40,449.2,223.12,65.68,0,1.15199995,114.1399994,269573.4063,0.499000013,248.1320038,288.8
CUST_D1ECB94B336AF3E8BB8D739FA6E9E544,PART_E9B6842E1322877CB977F4F41C542C85,9/8/2023,1,0,1638394.857,9,101.07,50.202,14.778,0,1.149999976,114.1470032,269540.4688,0.497999996,248.1340027,64.98
CUST_D1ECB94B336AF3E8BB8D739FA6E9E544,PART_E9B6842E1322877CB977F4F41C542C85,9/11/2023,1,0,1648226.067,5,56.15,27.89,8.21,0,1.144999981,114.1669998,269441.6563,0.493999988,248.1390076,36.1
CUST_D1ECB94B336AF3E8BB8D739FA6E9E544,PART_E9B6842E1322877CB977F4F41C542C85,9/13/2023,1,0,1663762.557,1,11.23,5.578,1.642,0,1.141000032,114.1800003,269375.8125,0.492000014,248.1430054,7.22
CUST_D1ECB94B336AF3E8BB8D739FA6E9E544,PART_E9B6842E1322877CB977F4F41C542C85,9/19/2023,1,0,1685851.437,3,33.69,16.734,4.926,0,1.129999995,114.2200012,269178.1875,0.483999997,248.1549988,21.66
CUST_D1ECB94B336AF3E8BB8D739FA6E9E544,PART_E9B6842E1322877CB977F4F41C542C85,9/21/2023,1,0,1699783.787,7,78.61,39.046,11.494,0,1.126000047,114.2330017,269112.3438,0.481999993,248.1589966,50.54
CUST_D1ECB94B336AF3E8BB8D739FA6E9E544,PART_E9B6842E1322877CB977F4F41C542C85,9/22/2023,1,0,1706386.017,5,56.15,27.89,8.21,0,1.125,114.2399979,269079.4063,0.479999989,248.1609955,36.1
CUST_D1ECB94B336AF3E8BB8D739FA6E9E544,PART_E9B6842E1322877CB977F4F41C542C85,9/26/2023,1,0,1723939.247,12,134.76,66.936,19.704,0,1.116999984,114.2669983,268947.6563,0.474999994,248.1679993,86.64
CUST_D1ECB94B336AF3E8BB8D739FA6E9E544,PART_E9B6842E1322877CB977F4F41C542C85,9/28/2023,1,0,1740802.717,10,112.3,55.78,16.42,0,1.113999963,114.2799988,268881.8125,0.47299999,248.1719971,72.2
CUST_D1ECB94B336AF3E8BB8D739FA6E9E544,PART_E9B6842E1322877CB977F4F41C542C85,9/29/2023,1,0,1747996.937,2,22.46,11.156,3.284,0,1.111999989,114.2870026,268848.875,0.472000003,248.173996,14.44
CUST_D1ECB94B336AF3E8BB8D739FA6E9E544,PART_E9B6842E1322877CB977F4F41C542C85,10/2/2023,1,0,1757063.597,6,67.38,33.468,9.852,0,1.10800004,114.2809982,268843.4375,0.469000012,248.1809998,43.32
CUST_D1ECB94B336AF3E8BB8D739FA6E9E544,PART_E9B6842E1322877CB977F4F41C542C85,10/3/2023,1,0,1764134.687,15,168.45,83.67,24.63,0,1.106999993,114.2610016,268903.9063,0.469000012,248.1849976,108.3
CUST_D1ECB94B336AF3E8BB8D739FA6E9E544,PART_E9B6842E1322877CB977F4F41C542C85,10/4/2023,1,0,1769163.627,7,78.61,39.046,11.494,0,1.106999993,114.2419968,268964.3438,0.469000012,248.1880035,50.54
CUST_D1ECB94B336AF3E8BB8D739FA6E9E544,PART_E9B6842E1322877CB977F4F41C542C85,10/5/2023,1,0,1773221.927,4,44.92,22.312,6.568,0,1.105999947,114.2229996,269024.8125,0.469999999,248.1920013,28.88
CUST_D1ECB94B336AF3E8BB8D739FA6E9E544,PART_E9B6842E1322877CB977F4F41C542C85,10/9/2023,1,0,1789380.737,6,67.38,33.468,9.852,0,1.103999972,114.1449966,269266.625,0.469999999,248.2050018,43.32
CUST_D1ECB94B336AF3E8BB8D739FA6E9E544,PART_E9B6842E1322877CB977F4F41C542C85,10/11/2023,1,0,1796738.267,3,33.69,16.734,4.926,0,1.103000045,114.1060028,269387.5313,0.470999986,248.2120056,21.66
CUST_D1ECB94B336AF3E8BB8D739FA6E9E544,PART_E9B6842E1322877CB977F4F41C542C85,10/12/2023,1,0,1801793.957,8,89.84,44.624,13.136,0,1.103000045,114.086998,269447.9688,0.470999986,248.2149963,57.76
CUST_D1ECB94B336AF3E8BB8D739FA6E9E544,PART_E9B6842E1322877CB977F4F41C542C85,10/17/2023,1,0,1817676.517,4,44.92,22.312,6.568,0,1.100999951,113.9899979,269750.2188,0.472000003,248.2319946,28.88
CUST_D1ECB94B336AF3E8BB8D739FA6E9E544,PART_E9B6842E1322877CB977F4F41C542C85,10/18/2023,1,0,1823087.637,5,56.15,27.89,8.21,0,1.100000024,113.9710007,269810.6875,0.472000003,248.2359924,36.1
CUST_D1ECB94B336AF3E8BB8D739FA6E9E544,PART_E9B6842E1322877CB977F4F41C542C85,10/23/2023,1,0,1838176.897,10,112.3,55.78,16.42,0,1.09800005,113.8740005,270112.9375,0.47299999,248.253006,72.2
CUST_D1ECB94B336AF3E8BB8D739FA6E9E544,PART_E9B6842E1322877CB977F4F41C542C85,10/24/2023,1,0,1843645.977,7,78.61,39.046,11.494,0,1.09800005,113.8550034,270173.375,0.47299999,248.2559967,50.54
CUST_D1ECB94B336AF3E8BB8D739FA6E9E544,PART_E9B6842E1322877CB977F4F41C542C85,10/26/2023,1,0,1854097.367,30,336.9,167.34,49.26,0,1.097000003,113.8160019,270294.2813,0.47299999,248.2630005,216.6
CUST_D1ECB94B336AF3E8BB8D739FA6E9E544,PART_E9B6842E1322877CB977F4F41C542C85,10/30/2023,1,0,1872447.267,10,112.3,55.78,16.42,0,1.095000029,113.7389984,270536.0938,0.474000007,248.276001,72.2
CUST_D1ECB94B336AF3E8BB8D739FA6E9E544,PART_E9B6842E1322877CB977F4F41C542C85,10/31/2023,1,0,1880285.967,6,67.38,33.468,9.852,0,1.093999982,113.7190018,270596.5625,0.474000007,248.2799988,43.32
CUST_D1ECB94B336AF3E8BB8D739FA6E9E544,PART_E9B6842E1322877CB977F4F41C542C85,11/1/2023,1,0,1887930.107,6,67.38,33.468,9.852,0,1.093999982,113.6999969,270657,0.474000007,248.2830048,43.32
CUST_D1ECB94B336AF3E8BB8D739FA6E9E544,PART_E9B6842E1322877CB977F4F41C542C85,11/2/2023,1,0,1901307.517,7,78.61,39.046,11.494,0,1.093000054,113.7770004,270650.8125,0.474000007,248.2870026,50.54
CUST_D1ECB94B336AF3E8BB8D739FA6E9E544,PART_E9B6842E1322877CB977F4F41C542C85,11/3/2023,1,0,1906367.287,15,168.45,83.67,24.63,0,1.093000054,113.8529968,270644.5938,0.474999994,248.2920074,108.3
CUST_D1ECB94B336AF3E8BB8D739FA6E9E544,PART_E9B6842E1322877CB977F4F41C542C85,11/6/2023,1,0,1911888.917,4,44.92,22.312,6.568,0,1.090999961,114.0830002,270626,0.476000011,248.3049927,28.88
CUST_D1ECB94B336AF3E8BB8D739FA6E9E544,PART_E9B6842E1322877CB977F4F41C542C85,11/8/2023,1,0,1924669.167,2,22.46,11.156,3.284,0,1.090000033,114.2369995,270613.5938,0.476999998,248.3130035,14.44
CUST_D1ECB94B336AF3E8BB8D739FA6E9E544,PART_E9B6842E1322877CB977F4F41C542C85,11/9/2023,1,0,1929306.457,2,22.46,11.156,3.284,0,1.088999987,114.3130035,270607.4063,0.476999998,248.3179932,14.44
CUST_D1ECB94B336AF3E8BB8D739FA6E9E544,PART_E9B6842E1322877CB977F4F41C542C85,11/10/2023,1,0,1943489.487,16,179.68,89.248,26.272,0,1.088999987,114.3899994,270601.1875,0.477999985,248.3220062,115.52
CUST_D1ECB94B336AF3E8BB8D739FA6E9E544,PART_E9B6842E1322877CB977F4F41C542C85,11/17/2023,1,0,1976713.957,1,11.23,5.578,1.642,0,1.085000038,114.927002,270557.8125,0.481000006,248.352005,7.22
CUST_D1ECB94B336AF3E8BB8D739FA6E9E544,PART_E9B6842E1322877CB977F4F41C542C85,11/20/2023,1,0,1985494.817,37,415.51,206.386,60.754,0,1.082999945,115.1569977,270539.1875,0.481999993,248.3650055,267.14
CUST_D1ECB94B336AF3E8BB8D739FA6E9E544,PART_E9B6842E1322877CB977F4F41C542C85,11/21/2023,1,0,1993155.277,1,11.23,5.578,1.642,0,1.082999945,115.2330017,270533,0.48300001,248.3699951,7.22
CUST_D1ECB94B336AF3E8BB8D739FA6E9E544,PART_E9B6842E1322877CB977F4F41C542C85,11/22/2023,1,0,1997826.767,8,89.84,44.624,13.136,0,1.082000017,115.3099976,270526.8125,0.48300001,248.3739929,57.76
CUST_D1ECB94B336AF3E8BB8D739FA6E9E544,PART_E9B6842E1322877CB977F4F41C542C85,11/27/2023,1,0,2008239.587,2,22.46,11.156,3.284,0,1.078999996,115.6930008,270495.8125,0.485000014,248.3959961,14.44
CUST_D1ECB94B336AF3E8BB8D739FA6E9E544,PART_E9B6842E1322877CB977F4F41C542C85,11/30/2023,1,0,2025200.807,13,145.99,72.514,21.346,0,1.077999949,115.9229965,270477.1875,0.486999989,248.4089966,93.86
CUST_D1ECB94B336AF3E8BB8D739FA6E9E544,PART_E9B6842E1322877CB977F4F41C542C85,12/1/2023,1,0,2030634.637,8,89.84,44.624,13.136,0,1.077000022,116,270471,0.486999989,248.4129944,57.76
CUST_D1ECB94B336AF3E8BB8D739FA6E9E544,PART_E9B6842E1322877CB977F4F41C542C85,12/4/2023,1,0,2037912.127,3,33.69,16.734,4.926,0,1.072999954,115.5739975,270688.3438,0.488000005,248.5549927,21.66
CUST_D1ECB94B336AF3E8BB8D739FA6E9E544,PART_E9B6842E1322877CB977F4F41C542C85,12/5/2023,1,0,2044754.987,3,33.69,16.734,4.926,0,1.072000027,115.4319992,270760.8125,0.488000005,248.602005,21.66
CUST_D1ECB94B336AF3E8BB8D739FA6E9E544,PART_E9B6842E1322877CB977F4F41C542C85,12/6/2023,1,0,2050409.887,5,56.15,27.89,8.21,0,1.07099998,115.2900009,270833.25,0.488000005,248.6490021,36.1
CUST_D1ECB94B336AF3E8BB8D739FA6E9E544,PART_E9B6842E1322877CB977F4F41C542C85,12/7/2023,1,0,2054717.717,11,123.53,61.358,18.062,0,1.070000052,115.1480026,270905.7188,0.488000005,248.6959991,79.42
CUST_D1ECB94B336AF3E8BB8D739FA6E9E544,PART_E9B6842E1322877CB977F4F41C542C85,12/8/2023,1,0,2060551.577,15,168.45,83.67,24.63,0,1.067999959,115.0059967,270978.1563,0.488000005,248.7429962,108.3
CUST_D1ECB94B336AF3E8BB8D739FA6E9E544,PART_E9B6842E1322877CB977F4F41C542C85,12/11/2023,1,0,2064763.617,16,179.68,89.248,26.272,0,1.065000057,114.5810013,271195.5313,0.488999993,248.8849945,115.52
CUST_D1ECB94B336AF3E8BB8D739FA6E9E544,PART_E9B6842E1322877CB977F4F41C542C85,12/12/2023,1,0,2069882.927,6,67.38,33.468,9.852,0,1.06400001,114.439003,271267.9688,0.488999993,248.9320068,43.32
CUST_D1ECB94B336AF3E8BB8D739FA6E9E544,PART_E9B6842E1322877CB977F4F41C542C85,12/13/2023,1,0,2073292.447,17,190.91,94.826,27.914,0,1.062000036,114.2969971,271340.4063,0.488999993,248.9790039,122.74
CUST_D1ECB94B336AF3E8BB8D739FA6E9E544,PART_E9B6842E1322877CB977F4F41C542C85,12/15/2023,1,0,2089111.537,5,56.15,27.89,8.21,0,1.059999943,114.0130005,271485.3125,0.49000001,249.0740051,36.1
CUST_D1ECB94B336AF3E8BB8D739FA6E9E544,PART_E9B6842E1322877CB977F4F41C542C85,12/19/2023,1,0,2100276.787,5,56.15,27.89,8.21,0,1.054999948,113.4449997,271775.125,0.49000001,249.2619934,36.1
CUST_D1ECB94B336AF3E8BB8D739FA6E9E544,PART_E9B6842E1322877CB977F4F41C542C85,12/20/2023,1,0,2107486.187,4,44.92,22.312,6.568,0,1.05400002,113.3030014,271847.5938,0.490999997,249.3099976,28.88
CUST_D1ECB94B336AF3E8BB8D739FA6E9E544,PART_E9B6842E1322877CB977F4F41C542C85,12/21/2023,1,0,2113428.737,5,56.15,27.89,8.21,0,1.052000046,113.1610031,271920.0313,0.490999997,249.3569946,36.1
CUST_D1ECB94B336AF3E8BB8D739FA6E9E544,PART_E9B6842E1322877CB977F4F41C542C85,12/22/2023,1,0,2118465.487,5,56.15,27.89,8.21,0,1.050999999,113.0189972,271992.4688,0.490999997,249.404007,36.1
CUST_D1ECB94B336AF3E8BB8D739FA6E9E544,PART_E9B6842E1322877CB977F4F41C542C85,12/26/2023,1,0,2124501.927,11,123.53,61.358,18.062,0,1.046000004,112.4520035,272282.2813,0.492000014,249.5930023,79.42
CUST_D1ECB94B336AF3E8BB8D739FA6E9E544,PART_E9B6842E1322877CB977F4F41C542C85,12/27/2023,1,0,2129147.417,6,67.38,33.468,9.852,0,1.044999957,112.3099976,272354.75,0.492000014,249.6399994,43.32
CUST_D1ECB94B336AF3E8BB8D739FA6E9E544,PART_E9B6842E1322877CB977F4F41C542C85,12/28/2023,1,0,2132803.777,15,168.45,83.67,24.63,0,1.04400003,112.1679993,272427.1875,0.492000014,249.6869965,108.3
CUST_D1ECB94B336AF3E8BB8D739FA6E9E544,PART_E9B6842E1322877CB977F4F41C542C85,1/3/2024,1,0,2143510.497,2,22.46,11.156,3.284,0,1.04400003,111.7549973,273029.375,0.493000001,249.8769989,14.44
CUST_D1ECB94B336AF3E8BB8D739FA6E9E544,PART_E9B6842E1322877CB977F4F41C542C85,1/5/2024,1,0,2141247.107,7,78.61,39.046,11.494,0,1.049000025,111.9100037,273341.7813,0.493000001,249.878006,50.54
CUST_D1ECB94B336AF3E8BB8D739FA6E9E544,PART_E9B6842E1322877CB977F4F41C542C85,1/8/2024,1,0,2136796.997,4,44.92,22.312,6.568,0,1.055999994,112.1419983,273810.3438,0.493999988,249.8800049,28.88
CUST_D1ECB94B336AF3E8BB8D739FA6E9E544,PART_E9B6842E1322877CB977F4F41C542C85,1/9/2024,1,0,2139992.727,5,56.15,27.89,8.21,0,1.059000015,112.2190018,273966.5625,0.493999988,249.8809967,36.1
CUST_D1ECB94B336AF3E8BB8D739FA6E9E544,PART_E9B6842E1322877CB977F4F41C542C85,1/11/2024,1,0,2130951.297,45,505.35,251.01,73.89,0,1.06400001,112.3740005,274278.9375,0.493999988,249.8820038,324.9
CUST_D1ECB94B336AF3E8BB8D739FA6E9E544,PART_E9B6842E1322877CB977F4F41C542C85,1/12/2024,1,0,2114788.787,4,44.92,22.312,6.568,0,1.065999985,112.4520035,274435.125,0.493999988,249.8820038,28.88
CUST_D1ECB94B336AF3E8BB8D739FA6E9E544,PART_E9B6842E1322877CB977F4F41C542C85,1/15/2024,1,0,2098044.297,3,33.69,16.734,4.926,0,1.072999954,112.6839981,274903.7188,0.493999988,249.8840027,21.66
CUST_D1ECB94B336AF3E8BB8D739FA6E9E544,PART_E9B6842E1322877CB977F4F41C542C85,1/16/2024,1,0,2103329.457,4,44.92,22.064,6.816,0,1.075999975,112.7610016,275059.9063,0.493999988,249.8849945,28.88
CUST_D1ECB94B336AF3E8BB8D739FA6E9E544,PART_E9B6842E1322877CB977F4F41C542C85,1/17/2024,1,0,2101295.317,1,11.23,5.516,1.704,0,1.077999949,112.8389969,275216.0938,0.495000005,249.8849945,7.22
CUST_D1ECB94B336AF3E8BB8D739FA6E9E544,PART_E9B6842E1322877CB977F4F41C542C85,1/19/2024,1,0,2080192.197,12,134.76,66.192,20.448,0,1.082999945,112.9940033,275528.4688,0.495000005,249.8860016,86.64
CUST_D1ECB94B336AF3E8BB8D739FA6E9E544,PART_E9B6842E1322877CB977F4F41C542C85,1/23/2024,1,0,2071662.967,18,202.14,99.288,30.672,0,1.093000054,113.3030014,276153.25,0.495000005,249.8890076,129.96
CUST_D1ECB94B336AF3E8BB8D739FA6E9E544,PART_E9B6842E1322877CB977F4F41C542C85,1/24/2024,1,0,2069678.517,15,168.45,82.74,25.56,0,1.095000029,113.3809967,276309.4375,0.495000005,249.8890076,108.3
CUST_D1ECB94B336AF3E8BB8D739FA6E9E544,PART_E9B6842E1322877CB977F4F41C542C85,1/30/2024,1,0,2069052.447,4,45.04,22.064,6.816,0,1.110000014,113.8450012,277246.625,0.495999992,249.8930054,28.88
CUST_D1ECB94B336AF3E8BB8D739FA6E9E544,PART_E9B6842E1322877CB977F4F41C542C85,1/31/2024,1,0,2066381.717,13,146.38,71.708,22.152,0,1.113000035,113.9229965,277402.8125,0.495999992,249.8930054,93.86
CUST_D1ECB94B336AF3E8BB8D739FA6E9E544,PART_E9B6842E1322877CB977F4F41C542C85,2/1/2024,1,0,2066571.597,23,258.98,126.868,39.192,0,1.11500001,114,277559,0.495999992,249.8939972,166.06
CUST_D1ECB94B336AF3E8BB8D739FA6E9E544,PART_E9B6842E1322877CB977F4F41C542C85,2/6/2024,1,0,2053899.687,2,22.52,11.032,3.408,0,1.11500001,113.8450012,276848.3125,0.493999988,249.8999939,14.44
CUST_D1ECB94B336AF3E8BB8D739FA6E9E544,PART_E9B6842E1322877CB977F4F41C542C85,2/7/2024,1,0,2054859.317,-2,-22.52,-11.032,-3.408,0,1.11500001,113.814003,276706.1875,0.493000001,249.901001,-14.44
CUST_D1ECB94B336AF3E8BB8D739FA6E9E544,PART_E9B6842E1322877CB977F4F41C542C85,2/8/2024,1,0,2052519.297,21,236.46,115.836,35.784,0,1.11500001,113.7829971,276564.0313,0.493000001,249.9019928,151.62
CUST_D1ECB94B336AF3E8BB8D739FA6E9E544,PART_E9B6842E1322877CB977F4F41C542C85,2/12/2024,1,0,2038467.9,5,56.3,27.58,8.52,0,1.113999963,113.6589966,275995.4688,0.490999997,249.9069977,36.1
CUST_D1ECB94B336AF3E8BB8D739FA6E9E544,PART_E9B6842E1322877CB977F4F41C542C85,2/14/2024,1,0,2041406.8,4,45.04,22.064,6.816,0,1.113999963,113.5970001,275711.2188,0.49000001,249.9089966,28.88
CUST_D1ECB94B336AF3E8BB8D739FA6E9E544,PART_E9B6842E1322877CB977F4F41C542C85,2/15/2024,1,0,2042120.26,6,67.56,33.096,10.224,0,1.113999963,113.5660019,275569.0625,0.488999993,249.9100037,43.32
CUST_D1ECB94B336AF3E8BB8D739FA6E9E544,PART_E9B6842E1322877CB977F4F41C542C85,2/19/2024,1,0,2032099.02,19,213.94,104.804,32.376,0,1.113999963,113.4410019,275000.5313,0.486999989,249.9149933,137.18
CUST_D1ECB94B336AF3E8BB8D739FA6E9E544,PART_E9B6842E1322877CB977F4F41C542C85,2/21/2024,1,0,2029907.52,8,90.08,44.128,13.632,0,1.113999963,113.3789978,274716.25,0.486000001,249.9170074,57.76
CUST_D1ECB94B336AF3E8BB8D739FA6E9E544,PART_E9B6842E1322877CB977F4F41C542C85,2/23/2024,1,0,2023435.21,14,157.64,77.224,23.856,0,1.113000035,113.3170013,274431.9688,0.485000014,249.9199982,101.08
CUST_D1ECB94B336AF3E8BB8D739FA6E9E544,PART_E9B6842E1322877CB977F4F41C542C85,2/27/2024,1,0,2014871.1,5,56.3,27.58,8.52,0,1.113000035,113.1930008,273863.4063,0.48300001,249.923996,36.1
CUST_D1ECB94B336AF3E8BB8D739FA6E9E544,PART_E9B6842E1322877CB977F4F41C542C85,3/4/2024,1,0,1991542.76,8,90.08,44.128,13.632,0,1.111999989,113.0999985,273533.875,0.481999993,249.9329987,57.76
CUST_D1ECB94B336AF3E8BB8D739FA6E9E544,PART_E9B6842E1322877CB977F4F41C542C85,3/5/2024,1,0,1995784.54,5,56.3,27.58,8.52,0,1.110999942,113.0999985,273566.1563,0.481999993,249.9349976,36.1
CUST_D1ECB94B336AF3E8BB8D739FA6E9E544,PART_E9B6842E1322877CB977F4F41C542C85,3/7/2024,1,0,1999981.29,10,112.6,55.16,17.04,0,1.110000014,113.0999985,273630.75,0.481999993,249.9380035,72.2
CUST_D1ECB94B336AF3E8BB8D739FA6E9E544,PART_E9B6842E1322877CB977F4F41C542C85,3/8/2024,1,0,1996674.1,10,112.6,55.16,17.04,0,1.110000014,113.0999985,273663.0313,0.481999993,249.9400024,72.2
CUST_D1ECB94B336AF3E8BB8D739FA6E9E544,PART_E9B6842E1322877CB977F4F41C542C85,3/11/2024,1,0,1983156.1,5,56.3,27.58,8.52,0,1.10800004,113.0999985,273759.9063,0.481000006,249.9450073,36.1
CUST_D1ECB94B336AF3E8BB8D739FA6E9E544,PART_E9B6842E1322877CB977F4F41C542C85,3/12/2024,1,0,2000030.45,8,90.08,44.128,13.632,0,1.10800004,113.0999985,273792.1875,0.481000006,249.9459991,57.76
CUST_D1ECB94B336AF3E8BB8D739FA6E9E544,PART_E9B6842E1322877CB977F4F41C542C85,3/13/2024,1,0,1993456.81,5,56.3,27.58,8.52,0,1.106999993,113.0999985,273824.4688,0.481000006,249.947998,36.1
CUST_D1ECB94B336AF3E8BB8D739FA6E9E544,PART_E9B6842E1322877CB977F4F41C542C85,3/14/2024,1,0,1990098.81,7,78.82,38.612,11.928,0,1.106999993,113.0999985,273856.7813,0.481000006,249.9499969,50.54
CUST_D1ECB94B336AF3E8BB8D739FA6E9E544,PART_E9B6842E1322877CB977F4F41C542C85,3/15/2024,1,0,1992322.27,5,56.3,27.58,8.52,0,1.105999947,113.0999985,273889.0625,0.481000006,249.951004,36.1
CUST_D1ECB94B336AF3E8BB8D739FA6E9E544,PART_E9B6842E1322877CB977F4F41C542C85,3/20/2024,1,0,1982177.15,30,337.8,165.48,51.12,0,1.103999972,113.0999985,274050.5313,0.481000006,249.9600067,216.6
CUST_D1ECB94B336AF3E8BB8D739FA6E9E544,PART_E9B6842E1322877CB977F4F41C542C85,3/26/2024,1,0,1936931.28,5,56.3,27.58,8.52,0,1.100999951,113.0999985,274244.25,0.479999989,249.9700012,36.1
CUST_D1ECB94B336AF3E8BB8D739FA6E9E544,PART_E9B6842E1322877CB977F4F41C542C85,3/28/2024,1,0,1928955.65,1,11.26,5.516,1.704,0,1.100000024,113.0999985,274308.8438,0.479999989,249.9730072,7.22
CUST_D1ECB94B336AF3E8BB8D739FA6E9E544,PART_E9B6842E1322877CB977F4F41C542C85,4/3/2024,1,0,1912574.55,42,472.92,231.672,71.568,0,1.09800005,113.2200012,274442.5313,0.479999989,249.9420013,303.24
CUST_D1ECB94B336AF3E8BB8D739FA6E9E544,PART_E9B6842E1322877CB977F4F41C542C85,4/4/2024,1,0,1907767.99,10,112.6,55.16,17.04,0,1.09800005,113.2799988,274444.8125,0.479000002,249.9230042,72.2
CUST_D1ECB94B336AF3E8BB8D739FA6E9E544,PART_E9B6842E1322877CB977F4F41C542C85,4/8/2024,1,0,1885022.97,14,157.64,77.224,23.856,0,1.09800005,113.5199966,274453.875,0.477999985,249.8470001,101.08
CUST_D1ECB94B336AF3E8BB8D739FA6E9E544,PART_E9B6842E1322877CB977F4F41C542C85,4/9/2024,1,0,1887770.48,1,11.26,5.516,1.704,0,1.09800005,113.5800018,274456.125,0.477999985,249.8289948,7.22
CUST_D1ECB94B336AF3E8BB8D739FA6E9E544,PART_E9B6842E1322877CB977F4F41C542C85,4/10/2024,1,0,1881275.64,4,45.04,22.064,6.816,0,1.09800005,113.6399994,274458.4063,0.477999985,249.8099976,28.88
CUST_D1ECB94B336AF3E8BB8D739FA6E9E544,PART_E9B6842E1322877CB977F4F41C542C85,4/11/2024,1,0,1878765.35,1,11.26,5.516,1.704,0,1.09800005,113.6999969,274460.6563,0.477999985,249.7910004,7.22
CUST_D1ECB94B336AF3E8BB8D739FA6E9E544,PART_E9B6842E1322877CB977F4F41C542C85,4/12/2024,1,0,1873688.94,6,67.56,33.096,10.224,0,1.09800005,113.7600021,274462.9375,0.476999998,249.7720032,43.32
CUST_D1ECB94B336AF3E8BB8D739FA6E9E544,PART_E9B6842E1322877CB977F4F41C542C85,4/15/2024,1,0,1858838.69,20,225.2,110.32,34.08,0,1.09800005,113.9400024,274469.7188,0.476999998,249.7149963,144.4
CUST_D1ECB94B336AF3E8BB8D739FA6E9E544,PART_E9B6842E1322877CB977F4F41C542C85,4/17/2024,1,0,1865999.95,3,33.78,16.548,5.112,0,1.09800005,114.0599976,274474.2813,0.476000011,249.677002,21.66
CUST_D1ECB94B336AF3E8BB8D739FA6E9E544,PART_E9B6842E1322877CB977F4F41C542C85,4/19/2024,1,0,1877623.07,6,67.56,33.096,10.224,0,1.09800005,114.1800003,274478.8125,0.476000011,249.6390076,43.32
CUST_D1ECB94B336AF3E8BB8D739FA6E9E544,PART_E9B6842E1322877CB977F4F41C542C85,4/22/2024,1,0,1864073.79,5,56.3,27.58,8.52,0,1.09800005,114.3600006,274485.5938,0.474999994,249.5820007,36.1
CUST_D1ECB94B336AF3E8BB8D739FA6E9E544,PART_E9B6842E1322877CB977F4F41C542C85,4/30/2024,1,0,1862979.21,21,236.46,115.836,35.784,0,1.09800005,114.8399963,274503.7188,0.47299999,249.4309998,151.62
CUST_D1ECB94B336AF3E8BB8D739FA6E9E544,PART_E9B6842E1322877CB977F4F41C542C85,5/1/2024,1,0,1853227.59,2,22.52,11.032,3.408,0,1.09800005,114.9000015,274506,0.47299999,249.4120026,14.44
CUST_D1ECB94B336AF3E8BB8D739FA6E9E544,PART_E9B6842E1322877CB977F4F41C542C85,5/2/2024,1,0,1849268.09,11,123.86,60.676,18.744,0,1.097000003,114.8679962,274498.125,0.47299999,249.4120026,79.42
CUST_D1ECB94B336AF3E8BB8D739FA6E9E544,PART_E9B6842E1322877CB977F4F41C542C85,5/3/2024,1,0,1843703.2,8,90.08,44.128,13.632,0,1.097000003,114.8349991,274490.25,0.47299999,249.4129944,57.76
CUST_D1ECB94B336AF3E8BB8D739FA6E9E544,PART_E9B6842E1322877CB977F4F41C542C85,5/6/2024,1,0,1832250.93,5,56.3,27.58,8.52,0,1.095000029,114.7389984,274466.6563,0.472000003,249.4140015,36.1
CUST_D1ECB94B336AF3E8BB8D739FA6E9E544,PART_E9B6842E1322877CB977F4F41C542C85,5/7/2024,1,0,1840339.66,17,191.42,93.772,28.968,0,1.093999982,114.7060013,274458.7813,0.472000003,249.4149933,122.74
CUST_D1ECB94B336AF3E8BB8D739FA6E9E544,PART_E9B6842E1322877CB977F4F41C542C85,5/8/2024,1,0,1835466.34,10,112.6,55.16,17.04,0,1.093000054,114.6740036,274450.9063,0.470999986,249.4149933,72.2
CUST_D1ECB94B336AF3E8BB8D739FA6E9E544,PART_E9B6842E1322877CB977F4F41C542C85,5/9/2024,1,0,1833439.89,10,112.6,55.16,17.04,0,1.093000054,114.6419983,274443.0313,0.470999986,249.4160004,72.2
CUST_D1ECB94B336AF3E8BB8D739FA6E9E544,PART_E9B6842E1322877CB977F4F41C542C85,5/10/2024,1,0,1829705.82,4,45.04,22.064,6.816,0,1.092000008,114.6100006,274435.1563,0.470999986,249.4160004,28.88
CUST_D1ECB94B336AF3E8BB8D739FA6E9E544,PART_E9B6842E1322877CB977F4F41C542C85,5/14/2024,1,0,1820336.7,4,45.04,22.064,6.816,0,1.090000033,114.4810028,274403.6875,0.469999999,249.4179993,28.88
CUST_D1ECB94B336AF3E8BB8D739FA6E9E544,PART_E9B6842E1322877CB977F4F41C542C85,5/16/2024,1,0,1816411.8,5,56.3,27.58,8.52,0,1.088000059,114.4160004,274387.9375,0.469999999,249.4190063,36.1
CUST_D1ECB94B336AF3E8BB8D739FA6E9E544,PART_E9B6842E1322877CB977F4F41C542C85,5/21/2024,1,0,1804376.52,8,90.08,44.128,13.632,0,1.085000038,114.2549973,274348.5938,0.467999995,249.4210052,57.76
CUST_D1ECB94B336AF3E8BB8D739FA6E9E544,PART_E9B6842E1322877CB977F4F41C542C85,5/28/2024,1,0,1782447.28,12,135.12,66.192,20.448,0,1.08099997,114.0289993,274293.4688,0.467000008,249.423996,86.64
CUST_D1ECB94B336AF3E8BB8D739FA6E9E544,PART_E9B6842E1322877CB977F4F41C542C85,6/3/2024,1,0,1776444.1,2,22.52,11.032,3.408,0,1.080000043,113.8799973,274203.0625,0.467999995,249.427002,14.44
CUST_D1ECB94B336AF3E8BB8D739FA6E9E544,PART_E9B6842E1322877CB977F4F41C542C85,6/4/2024,1,0,1782035.01,14,157.64,77.224,23.856,0,1.08099997,113.8700027,274173.5938,0.469000012,249.4279938,101.08
CUST_D1ECB94B336AF3E8BB8D739FA6E9E544,PART_E9B6842E1322877CB977F4F41C542C85,6/11/2024,1,0,1756193.81,2,22.52,11.032,3.408,0,1.088999987,113.8000031,273967.3438,0.476000011,249.4309998,14.44
CUST_D1ECB94B336AF3E8BB8D739FA6E9E544,PART_E9B6842E1322877CB977F4F41C542C85,6/12/2024,1,0,1749541.01,1,11.26,5.516,1.704,0,1.090000033,113.7900009,273937.875,0.476999998,249.4320068,7.22
CUST_D1ECB94B336AF3E8BB8D739FA6E9E544,PART_E9B6842E1322877CB977F4F41C542C85,6/13/2024,1,0,1747448.85,3,33.78,16.548,5.112,0,1.090999961,113.7799988,273908.4063,0.477999985,249.4320068,21.66
CUST_D1ECB94B336AF3E8BB8D739FA6E9E544,PART_E9B6842E1322877CB977F4F41C542C85,6/18/2024,1,0,1747978.34,5,56.3,27.58,8.52,0,1.095999956,113.7300034,273761.0625,0.481999993,249.4349976,36.1
CUST_D1ECB94B336AF3E8BB8D739FA6E9E544,PART_E9B6842E1322877CB977F4F41C542C85,6/19/2024,1,0,1750634.46,30,337.8,165.48,51.12,0,1.097000003,113.7200012,273731.5938,0.48300001,249.4360046,216.6
CUST_D1ECB94B336AF3E8BB8D739FA6E9E544,PART_E9B6842E1322877CB977F4F41C542C85,6/24/2024,1,0,1733062.32,4,45.04,22.064,6.816,0,1.103000045,113.6699982,273584.2813,0.488000005,249.4380035,28.88
CUST_D1ECB94B336AF3E8BB8D739FA6E9E544,PART_E9B6842E1322877CB977F4F41C542C85,7/2/2024,1,0,1720802.39,3,33.78,16.548,5.112,0,1.110000014,113.6259995,273408.2813,0.495000005,249.4420013,21.66
CUST_D1ECB94B336AF3E8BB8D739FA6E9E544,PART_E9B6842E1322877CB977F4F41C542C85,7/5/2024,1,0,1713601.21,2,23.32,11.032,3.408,0,1.110999942,113.7030029,273499.1563,0.495000005,249.4429932,14.44
CUST_D1ECB94B336AF3E8BB8D739FA6E9E544,PART_E9B6842E1322877CB977F4F41C542C85,7/9/2024,1,0,1704814.9,3,34.98,16.548,5.112,0,1.113000035,113.8059998,273620.3125,0.495000005,249.4450073,21.66
CUST_D1ECB94B336AF3E8BB8D739FA6E9E544,PART_E9B6842E1322877CB977F4F41C542C85,7/16/2024,1,0,1697546.41,3,34.98,16.548,5.112,0,1.11500001,113.9869995,273832.3438,0.495000005,249.4470062,21.66
CUST_D1ECB94B336AF3E8BB8D739FA6E9E544,PART_E9B6842E1322877CB977F4F41C542C85,7/18/2024,1,0,1693198.59,10,116.6,55.16,17.04,0,1.116000056,114.0390015,273892.9375,0.493999988,249.447998,72.2
CUST_D1ECB94B336AF3E8BB8D739FA6E9E544,PART_E9B6842E1322877CB977F4F41C542C85,7/22/2024,1,0,1677233.55,2,23.32,11.032,3.408,0,1.116999984,114.1419983,274014.0938,0.493999988,249.4490051,14.44
CUST_D1ECB94B336AF3E8BB8D739FA6E9E544,PART_E9B6842E1322877CB977F4F41C542C85,7/23/2024,1,0,1690411.29,4,46.64,22.064,6.816,0,1.118000031,114.1679993,274044.375,0.493999988,249.4499969,28.88
CUST_D1ECB94B336AF3E8BB8D739FA6E9E544,PART_E9B6842E1322877CB977F4F41C542C85,7/24/2024,1,0,1684863.63,6,69.96,33.096,10.224,0,1.118000031,114.1940002,274074.6875,0.493999988,249.4499969,43.32
CUST_D1ECB94B336AF3E8BB8D739FA6E9E544,PART_E9B6842E1322877CB977F4F41C542C85,7/26/2024,1,0,1675814.35,11,128.26,60.676,18.744,0,1.118999958,114.2450027,274135.25,0.493999988,249.451004,79.42
CUST_D1ECB94B336AF3E8BB8D739FA6E9E544,PART_E9B6842E1322877CB977F4F41C542C85,7/30/2024,1,0,1672198.95,10,116.6,55.16,17.04,0,1.120000005,114.3479996,274256.4063,0.493999988,249.4519958,72.2
CUST_D1ECB94B336AF3E8BB8D739FA6E9E544,PART_E9B6842E1322877CB977F4F41C542C85,8/1/2024,1,0,1662435.74,10,116.6,55.16,17.04,0,1.121000051,114.4000015,274317,0.493999988,249.4530029,72.2
CUST_D1ECB94B336AF3E8BB8D739FA6E9E544,PART_E9B6842E1322877CB977F4F41C542C85,8/5/2024,1,0,1655969.68,7,81.62,38.612,11.928,0,1.118999958,114.2320023,274166.4063,0.492000014,249.8569946,50.54
CUST_D1ECB94B336AF3E8BB8D739FA6E9E544,PART_E9B6842E1322877CB977F4F41C542C85,8/8/2024,1,0,1658513.64,17,198.22,93.772,28.968,0,1.116999984,114.1060028,274053.4688,0.490999997,250.1600037,122.74
CUST_D1ECB94B336AF3E8BB8D739FA6E9E544,PART_E9B6842E1322877CB977F4F41C542C85,8/9/2024,1,0,1658582.26,12,139.92,66.192,20.448,0,1.116000056,114.0650024,274015.8438,0.49000001,250.2619934,86.64
CUST_D1ECB94B336AF3E8BB8D739FA6E9E544,PART_E9B6842E1322877CB977F4F41C542C85,8/12/2024,1,0,1650879.44,2,23.32,11.032,3.408,0,1.113999963,113.939003,273902.9063,0.488999993,250.5650024,14.44
CUST_D1ECB94B336AF3E8BB8D739FA6E9E544,PART_E9B6842E1322877CB977F4F41C542C85,8/15/2024,1,0,1655195.94,1,11.66,5.516,1.704,0,1.111999989,113.8130035,273789.9688,0.488000005,250.8679962,7.22
CUST_D1ECB94B336AF3E8BB8D739FA6E9E544,PART_E9B6842E1322877CB977F4F41C542C85,8/22/2024,1,0,1644721.93,5,58.3,27.58,8.52,0,1.10800004,113.5189972,273526.4375,0.485000014,251.5749969,36.1
CUST_D1ECB94B336AF3E8BB8D739FA6E9E544,PART_E9B6842E1322877CB977F4F41C542C85,8/23/2024,1,0,1645649.87,13,151.58,71.708,22.152,0,1.10800004,113.4769974,273488.8125,0.483999997,251.6759949,93.86
CUST_D1ECB94B336AF3E8BB8D739FA6E9E544,PART_E9B6842E1322877CB977F4F41C542C85,8/27/2024,1,0,1644875.1,10,116.6,55.16,17.04,0,1.105000019,113.3099976,273338.2188,0.481999993,252.0809937,72.2
CUST_D1ECB94B336AF3E8BB8D739FA6E9E544,PART_E9B6842E1322877CB977F4F41C542C85,8/28/2024,1,0,1646281.14,2,23.32,11.032,3.408,0,1.103999972,113.2679977,273300.5938,0.481999993,252.1820068,14.44
CUST_D1ECB94B336AF3E8BB8D739FA6E9E544,PART_E9B6842E1322877CB977F4F41C542C85,8/29/2024,1,0,1648853.34,25,291.5,137.9,42.6,0,1.103999972,113.2259979,273262.9375,0.481000006,252.2830048,180.5
CUST_D1ECB94B336AF3E8BB8D739FA6E9E544,PART_E9B6842E1322877CB977F4F41C542C85,8/30/2024,1,0,1645896.73,8,93.28,44.128,13.632,0,1.103000045,113.1839981,273225.2813,0.481000006,252.3840027,57.76
CUST_D1ECB94B336AF3E8BB8D739FA6E9E544,PART_E9B6842E1322877CB977F4F41C542C85,9/3/2024,1,0,1636799.06,8,93.28,44.128,13.632,0,1.100999951,113.1600037,273348.3438,0.479000002,252.5859985,57.76
CUST_D1ECB94B336AF3E8BB8D739FA6E9E544,PART_E9B6842E1322877CB977F4F41C542C85,9/4/2024,1,0,1647533.7,2,23.32,11.032,3.408,0,1.100000024,113.1900024,273447.5,0.477999985,252.5859985,14.44
CUST_D1ECB94B336AF3E8BB8D739FA6E9E544,PART_E9B6842E1322877CB977F4F41C542C85,9/5/2024,1,0,1647002.67,3,34.98,16.548,5.112,0,1.098999977,113.2200012,273546.6563,0.477999985,252.5859985,21.66
CUST_D1ECB94B336AF3E8BB8D739FA6E9E544,PART_E9B6842E1322877CB977F4F41C542C85,9/12/2024,1,0,1629898.93,4,46.656,22.064,6.816,0,1.093999982,113.4300003,274240.8438,0.474000007,252.5859985,28.88
CUST_D1ECB94B336AF3E8BB8D739FA6E9E544,PART_E9B6842E1322877CB977F4F41C542C85,9/13/2024,1,0,1627948.29,5,58.3,27.58,8.52,0,1.093999982,113.4599991,274340,0.474000007,252.5859985,36.1
CUST_D1ECB94B336AF3E8BB8D739FA6E9E544,PART_E9B6842E1322877CB977F4F41C542C85,9/16/2024,1,0,1625202.81,3,34.98,16.548,5.112,0,1.092000008,113.5500031,274637.5,0.472000003,252.5859985,21.66
CUST_D1ECB94B336AF3E8BB8D739FA6E9E544,PART_E9B6842E1322877CB977F4F41C542C85,9/18/2024,1,0,1625413.35,2,23.32,11.032,3.408,0,1.090000033,113.6100006,274835.8438,0.470999986,252.5859985,14.44
CUST_D1ECB94B336AF3E8BB8D739FA6E9E544,PART_E9B6842E1322877CB977F4F41C542C85,9/19/2024,1,0,1624093.53,6,69.96,33.096,10.224,0,1.088999987,113.6399994,274935,0.469999999,252.5859985,43.32
CUST_D1ECB94B336AF3E8BB8D739FA6E9E544,PART_E9B6842E1322877CB977F4F41C542C85,9/23/2024,1,0,1608986.64,3,34.98,16.548,5.112,0,1.087000012,113.7600021,275331.6563,0.467999995,252.5859985,21.66
CUST_D1ECB94B336AF3E8BB8D739FA6E9E544,PART_E9B6842E1322877CB977F4F41C542C85,9/25/2024,1,0,1612882.8,2,23.32,11.032,3.408,0,1.085000038,113.8199997,275530,0.467000008,252.5859985,14.44
CUST_D1ECB94B336AF3E8BB8D739FA6E9E544,PART_E9B6842E1322877CB977F4F41C542C85,10/1/2024,1,0,1611955.8,1,11.66,5.516,1.704,0,1.08099997,114,276125,0.463999987,252.5859985,7.22
CUST_D1ECB94B336AF3E8BB8D739FA6E9E544,PART_E9B6842E1322877CB977F4F41C542C85,10/2/2024,1,0,1611643.38,10,116.6,55.16,17.04,0,1.08099997,113.9680023,276069.9063,0.465000004,252.5870056,72.2
CUST_D1ECB94B336AF3E8BB8D739FA6E9E544,PART_E9B6842E1322877CB977F4F41C542C85,10/3/2024,1,0,1612298.39,8,93.28,44.128,13.632,0,1.08099997,113.9349976,276014.8125,0.465999991,252.5890045,57.76
CUST_D1ECB94B336AF3E8BB8D739FA6E9E544,PART_E9B6842E1322877CB977F4F41C542C85,10/7/2024,1,0,1602550.33,11,128.26,60.676,18.744,0,1.082000017,113.8059998,275794.4063,0.469000012,252.5939941,79.42
CUST_D1ECB94B336AF3E8BB8D739FA6E9E544,PART_E9B6842E1322877CB977F4F41C542C85,10/10/2024,1,0,1611103.47,6,69.96,33.096,10.224,0,1.082000017,113.7099991,275629.125,0.472000003,252.5980072,43.32
CUST_D1ECB94B336AF3E8BB8D739FA6E9E544,PART_E9B6842E1322877CB977F4F41C542C85,10/14/2024,1,0,1606662.81,2,23.32,11.032,3.408,0,1.082999945,113.5810013,275408.75,0.474999994,252.6029968,14.44
CUST_D1ECB94B336AF3E8BB8D739FA6E9E544,PART_E9B6842E1322877CB977F4F41C542C85,10/15/2024,1,0,1609777.28,17,198.22,93.772,28.968,0,1.082999945,113.5479965,275353.6563,0.476000011,252.6040039,122.74
CUST_D1ECB94B336AF3E8BB8D739FA6E9E544,PART_E9B6842E1322877CB977F4F41C542C85,10/17/2024,1,0,1608081.71,5,58.3,27.58,8.52,0,1.083999991,113.4840012,275243.4375,0.477999985,252.6069946,36.1
CUST_D1ECB94B336AF3E8BB8D739FA6E9E544,PART_E9B6842E1322877CB977F4F41C542C85,10/18/2024,1,0,1610760.31,2,23.32,11.032,3.408,0,1.083999991,113.4520035,275188.3438,0.479000002,252.6080017,14.44
CUST_D1ECB94B336AF3E8BB8D739FA6E9E544,PART_E9B6842E1322877CB977F4F41C542C85,10/21/2024,1,0,1606497.36,20,233.2,110.32,34.08,0,1.083999991,113.3550034,275023.0625,0.481000006,252.6119995,144.4
CUST_D1ECB94B336AF3E8BB8D739FA6E9E544,PART_E9B6842E1322877CB977F4F41C542C85,10/22/2024,1,0,1613215.51,5,58.3,27.58,8.52,0,1.083999991,113.322998,274967.9688,0.481999993,252.6130066,36.1
CUST_D1ECB94B336AF3E8BB8D739FA6E9E544,PART_E9B6842E1322877CB977F4F41C542C85,10/23/2024,1,0,1614842.61,10,116.6,55.16,17.04,0,1.085000038,113.2900009,274912.875,0.48300001,252.6139984,72.2
CUST_D1ECB94B336AF3E8BB8D739FA6E9E544,PART_E9B6842E1322877CB977F4F41C542C85,10/24/2024,1,0,1612674.49,11,128.26,60.676,18.744,0,1.085000038,113.2580032,274857.7813,0.483999997,252.6159973,79.42
CUST_D1ECB94B336AF3E8BB8D739FA6E9E544,PART_E9B6842E1322877CB977F4F41C542C85,10/25/2024,1,0,1614617.49,2,23.32,11.032,3.408,0,1.085000038,113.2259979,274802.6875,0.485000014,252.6170044,14.44
CUST_D1ECB94B336AF3E8BB8D739FA6E9E544,PART_E9B6842E1322877CB977F4F41C542C85,10/28/2024,1,0,1600148.53,9,104.94,49.644,15.336,0,1.085000038,113.1289978,274637.375,0.488000005,252.6210022,64.98
CUST_D1ECB94B336AF3E8BB8D739FA6E9E544,PART_E9B6842E1322877CB977F4F41C542C85,10/31/2024,1,0,1616905.63,25,291.5,137.9,42.6,0,1.085999966,113.0319977,274472.0938,0.49000001,252.625,180.5
CUST_D1ECB94B336AF3E8BB8D739FA6E9E544,PART_E9B6842E1322877CB977F4F41C542C85,11/1/2024,1,0,1612794.83,10,116.6,55.16,17.04,0,1.085999966,113,274417,0.490999997,252.6260071,72.2
CUST_D1ECB94B336AF3E8BB8D739FA6E9E544,PART_E9B6842E1322877CB977F4F41C542C85,11/4/2024,1,0,1606386.7,3,34.98,16.548,5.112,0,1.077999949,112.9599991,274587.4063,0.488000005,252.6399994,21.66
CUST_D1ECB94B336AF3E8BB8D739FA6E9E544,PART_E9B6842E1322877CB977F4F41C542C85,11/5/2024,1,0,1611513.84,1,11.66,5.516,1.704,0,1.075000048,112.9469986,274644.1875,0.486999989,252.6439972,7.22
CUST_D1ECB94B336AF3E8BB8D739FA6E9E544,PART_E9B6842E1322877CB977F4F41C542C85,11/7/2024,1,0,1605294.08,14,163.24,77.224,23.856,0,1.070000052,112.9199982,274757.8125,0.485000014,252.6529999,101.08
CUST_D1ECB94B336AF3E8BB8D739FA6E9E544,PART_E9B6842E1322877CB977F4F41C542C85,11/8/2024,1,0,1606104.49,8,93.28,44.128,13.632,0,1.067999959,112.9069977,274814.5938,0.483999997,252.6580048,57.76
CUST_D1ECB94B336AF3E8BB8D739FA6E9E544,PART_E9B6842E1322877CB977F4F41C542C85,11/11/2024,1,0,1590259.37,4,46.64,22.064,6.816,0,1.059999943,112.8669968,274985,0.481000006,252.6710052,28.88
CUST_D1ECB94B336AF3E8BB8D739FA6E9E544,PART_E9B6842E1322877CB977F4F41C542C85,11/14/2024,1,0,1592679.18,14,163.24,77.224,23.856,0,1.052000046,112.8270035,275155.4063,0.477999985,252.6849976,101.08
CUST_D1ECB94B336AF3E8BB8D739FA6E9E544,PART_E9B6842E1322877CB977F4F41C542C85,11/15/2024,1,0,1590206.89,6,69.96,33.096,10.224,0,1.049000025,112.8130035,275212.1875,0.476999998,252.6889954,43.32
CUST_D1ECB94B336AF3E8BB8D739FA6E9E544,PART_E9B6842E1322877CB977F4F41C542C85,11/18/2024,1,0,1580429.15,8,93.28,44.128,13.632,0,1.041000009,112.7730026,275382.5938,0.474000007,252.7030029,57.76
CUST_D1ECB94B336AF3E8BB8D739FA6E9E544,PART_E9B6842E1322877CB977F4F41C542C85,11/19/2024,1,0,1588605.92,6,69.96,33.096,10.224,0,1.039000034,112.7600021,275439.4063,0.47299999,252.7079926,43.32
CUST_D1ECB94B336AF3E8BB8D739FA6E9E544,PART_E9B6842E1322877CB977F4F41C542C85,11/20/2024,1,0,1585500.82,28,326.48,154.448,47.712,0,1.036000013,112.7470016,275496.1875,0.472000003,252.7120056,202.16
CUST_D1ECB94B336AF3E8BB8D739FA6E9E544,PART_E9B6842E1322877CB977F4F41C542C85,11/21/2024,1,0,1588446.96,12,139.92,66.192,20.448,0,1.032999992,112.7330017,275553,0.470999986,252.7169952,86.64
CUST_D1ECB94B336AF3E8BB8D739FA6E9E544,PART_E9B6842E1322877CB977F4F41C542C85,11/22/2024,1,0,1589761.5,20,233.2,110.32,34.08,0,1.031000018,112.7200012,275609.8125,0.469999999,252.720993,144.4
CUST_D1ECB94B336AF3E8BB8D739FA6E9E544,PART_E9B6842E1322877CB977F4F41C542C85,11/25/2024,1,0,1588544.85,10,116.6,55.16,17.04,0,1.023000002,112.6800003,275780.1875,0.467000008,252.7350006,72.2
CUST_D1ECB94B336AF3E8BB8D739FA6E9E544,PART_E9B6842E1322877CB977F4F41C542C85,11/26/2024,1,0,1592585.14,5,58.3,27.58,8.52,0,1.019999981,112.6669998,275837,0.465999991,252.7389984,36.1
CUST_D1ECB94B336AF3E8BB8D739FA6E9E544,PART_E9B6842E1322877CB977F4F41C542C85,11/27/2024,1,0,1594473.81,2,23.32,11.032,3.408,0,1.018000007,112.6529999,275893.8125,0.465000004,252.7440033,14.44
CUST_D1ECB94B336AF3E8BB8D739FA6E9E544,PART_E9B6842E1322877CB977F4F41C542C85,11/29/2024,1,0,1586974.01,0,0,0,0,0,1.011999965,112.6269989,276007.4063,0.463,252.753006,0
CUST_D1ECB94B336AF3E8BB8D739FA6E9E544,PART_E9B6842E1322877CB977F4F41C542C85,12/5/2024,1,0,1587758.14,4,46.64,22.064,6.816,0,1,112.5350037,276109.25,0.463,252.7610016,28.88
CUST_D1ECB94B336AF3E8BB8D739FA6E9E544,PART_E9B6842E1322877CB977F4F41C542C85,12/6/2024,1,0,1589471.24,17,198.22,93.772,28.968,0,0.998000026,112.5189972,276106.3125,0.463,252.7610016,122.74
CUST_D1ECB94B336AF3E8BB8D739FA6E9E544,PART_E9B6842E1322877CB977F4F41C542C85,12/9/2024,1,0,1583334.48,6,69.96,33.096,10.224,0,0.992999971,112.4710007,276097.5313,0.463999987,252.7599945,43.32
CUST_D1ECB94B336AF3E8BB8D739FA6E9E544,PART_E9B6842E1322877CB977F4F41C542C85,12/10/2024,1,0,1590023.49,12,139.92,66.192,20.448,0,0.991999984,112.4550018,276094.5938,0.465000004,252.7590027,86.64
CUST_D1ECB94B336AF3E8BB8D739FA6E9E544,PART_E9B6842E1322877CB977F4F41C542C85,12/13/2024,1,0,1588934.23,4,46.64,22.064,6.816,0,0.986000001,112.4059982,276085.7813,0.465999991,252.7590027,28.88
CUST_D1ECB94B336AF3E8BB8D739FA6E9E544,PART_E9B6842E1322877CB977F4F41C542C85,12/17/2024,1,0,1591684.49,1,11.66,5.516,1.704,0,0.980000019,112.3420029,276074.0313,0.467999995,252.7570038,7.22
CUST_D1ECB94B336AF3E8BB8D739FA6E9E544,PART_E9B6842E1322877CB977F4F41C542C85,12/18/2024,1,0,1587335.9,10,116.6,55.16,17.04,0,0.977999985,112.3259964,276071.0938,0.467999995,252.7570038,72.2
CUST_D1ECB94B336AF3E8BB8D739FA6E9E544,PART_E9B6842E1322877CB977F4F41C542C85,12/23/2024,1,0,1576231.69,4,46.64,22.064,6.816,0,0.968999982,112.2450027,276056.4063,0.469999999,252.7559967,28.88
CUST_D1ECB94B336AF3E8BB8D739FA6E9E544,PART_E9B6842E1322877CB977F4F41C542C85,12/24/2024,1,0,1583619.05,14,163.24,77.224,23.856,0,0.967999995,112.2289963,276053.4688,0.470999986,252.7550049,101.08
CUST_D1ECB94B336AF3E8BB8D739FA6E9E544,PART_E9B6842E1322877CB977F4F41C542C85,12/26/2024,1,0,1582606.82,12,139.92,66.192,20.448,0,0.963999987,112.1969986,276047.625,0.470999986,252.7550049,86.64
CUST_D1ECB94B336AF3E8BB8D739FA6E9E544,PART_E9B6842E1322877CB977F4F41C542C85,12/30/2024,1,0,1575265.52,7,81.62,38.612,11.928,0,0.957000017,112.1320038,276035.875,0.47299999,252.7539978,50.54
CUST_D1ECB94B336AF3E8BB8D739FA6E9E544,PART_E9B6842E1322877CB977F4F41C542C85,1/3/2025,1,0,1580326.87,2,23.32,11.032,3.408,0,0.959999979,112.2160034,275929.875,0.472000003,252.7960052,14.44
CUST_D1ECB94B336AF3E8BB8D739FA6E9E544,PART_E9B6842E1322877CB977F4F41C542C85,1/6/2025,1,0,1571953.36,1,11.66,5.516,1.704,0,0.970000029,112.3899994,275779.6875,0.469000012,252.8609924,7.22
CUST_D1ECB94B336AF3E8BB8D739FA6E9E544,PART_E9B6842E1322877CB977F4F41C542C85,1/7/2025,1,0,1575215.28,3,34.98,16.548,5.112,0,0.97299999,112.447998,275729.625,0.469000012,252.8829956,21.66
CUST_D1ECB94B336AF3E8BB8D739FA6E9E544,PART_E9B6842E1322877CB977F4F41C542C85,1/8/2025,1,0,1577990.99,4,46.64,22.064,6.816,0,0.976999998,112.5059967,275679.5625,0.467999995,252.904007,28.88
CUST_D1ECB94B336AF3E8BB8D739FA6E9E544,PART_E9B6842E1322877CB977F4F41C542C85,1/16/2025,1,0,1591409.4,13,151.58,71.708,22.152,0,1.001999974,112.9710007,275279.0313,0.460000008,253.0769958,93.86
CUST_D1ECB94B336AF3E8BB8D739FA6E9E544,PART_E9B6842E1322877CB977F4F41C542C85,1/17/2025,1,0,1593463.24,7,81.62,38.612,11.928,0,1.006000042,113.0289993,275228.9688,0.460000008,253.098999,50.54
CUST_D1ECB94B336AF3E8BB8D739FA6E9E544,PART_E9B6842E1322877CB977F4F41C542C85,1/20/2025,1,0,1589812.11,7,81.62,38.612,11.928,0,1.014999986,113.2030029,275078.7813,0.456999987,253.1640015,50.54
CUST_D1ECB94B336AF3E8BB8D739FA6E9E544,PART_E9B6842E1322877CB977F4F41C542C85,1/21/2025,1,0,1596148.44,4,46.64,22.064,6.816,0,1.019000053,113.2610016,275028.7188,0.456,253.1849976,28.88
CUST_D1ECB94B336AF3E8BB8D739FA6E9E544,PART_E9B6842E1322877CB977F4F41C542C85,1/23/2025,1,0,1590950.3,22,256.52,121.352,37.488,0,1.024999976,113.3769989,274928.5938,0.453999996,253.2279968,158.84
CUST_D1ECB94B336AF3E8BB8D739FA6E9E544,PART_E9B6842E1322877CB977F4F41C542C85,1/28/2025,1,0,1585162.52,4,46.64,22.064,6.816,0,1.041000009,113.6679993,274678.25,0.449999988,253.3370056,28.88
CUST_D1ECB94B336AF3E8BB8D739FA6E9E544,PART_E9B6842E1322877CB977F4F41C542C85,1/29/2025,1,0,1586042.34,4,46.64,22.064,6.816,0,1.04400003,113.7259979,274628.1875,0.449000001,253.3580017,28.88
CUST_D1ECB94B336AF3E8BB8D739FA6E9E544,PART_E9B6842E1322877CB977F4F41C542C85,1/30/2025,1,0,1591183.79,18,209.88,99.288,30.672,0,1.047999978,113.7839966,274578.125,0.448000014,253.3800049,129.96
CUST_D1ECB94B336AF3E8BB8D739FA6E9E544,PART_E9B6842E1322877CB977F4F41C542C85,2/3/2025,1,0,1582881.44,15,174.9,82.74,25.56,0,1.05400002,113.8789978,274675.9375,0.446999997,253.4790039,108.3
CUST_D1ECB94B336AF3E8BB8D739FA6E9E544,PART_E9B6842E1322877CB977F4F41C542C85,2/4/2025,1,0,1590495.42,10,116.6,55.16,17.04,0,1.05400002,113.8679962,274774.9063,0.446999997,253.5070038,72.2
CUST_D1ECB94B336AF3E8BB8D739FA6E9E544,PART_E9B6842E1322877CB977F4F41C542C85,2/5/2025,1,0,1591410.03,11,128.26,60.676,18.744,0,1.05400002,113.8570023,274873.8438,0.448000014,253.5350037,79.42
CUST_D1ECB94B336AF3E8BB8D739FA6E9E544,PART_E9B6842E1322877CB977F4F41C542C85,2/6/2025,1,0,1585254.09,2,23.32,11.032,3.408,0,1.05400002,113.8460007,274972.8125,0.448000014,253.5630035,14.44
CUST_D1ECB94B336AF3E8BB8D739FA6E9E544,PART_E9B6842E1322877CB977F4F41C542C85,2/10/2025,1,0,1576762.83,18,209.92,99.288,30.672,0,1.05400002,113.8040009,275368.6875,0.449999988,253.673996,129.96
CUST_D1ECB94B336AF3E8BB8D739FA6E9E544,PART_E9B6842E1322877CB977F4F41C542C85,2/13/2025,1,0,1588487.84,5,58.45,27.58,8.52,0,1.05400002,113.7710037,275665.5625,0.451000005,253.7579956,36.1
CUST_D1ECB94B336AF3E8BB8D739FA6E9E544,PART_E9B6842E1322877CB977F4F41C542C85,2/17/2025,1,0,1576916.89,-3,-35.07,-16.548,-5.112,0,1.05400002,113.7289963,276061.4375,0.453000009,253.8699951,-21.66
CUST_D1ECB94B336AF3E8BB8D739FA6E9E544,PART_E9B6842E1322877CB977F4F41C542C85,2/25/2025,1,0,1571546.23,5,58.45,27.58,8.52,0,1.05400002,113.6429977,276853.1563,0.456,254.0930023,36.1
CUST_D1ECB94B336AF3E8BB8D739FA6E9E544,PART_E9B6842E1322877CB977F4F41C542C85,2/26/2025,1,0,1574190.3,10,116.9,55.16,17.04,0,1.05400002,113.6320038,276952.0938,0.456999987,254.1210022,72.2
CUST_D1ECB94B336AF3E8BB8D739FA6E9E544,PART_E9B6842E1322877CB977F4F41C542C85,3/5/2025,1,0,1592023.55,14,163.66,77.224,23.856,0,1.054999948,113.6259995,277355.3125,0.456999987,254.2140045,101.08
CUST_D1ECB94B336AF3E8BB8D739FA6E9E544,PART_E9B6842E1322877CB977F4F41C542C85,3/6/2025,1,0,1587469.73,3,35.07,16.548,5.112,0,1.054999948,113.6320038,277381.9063,0.456999987,254.2160034,21.66
CUST_D1ECB94B336AF3E8BB8D739FA6E9E544,PART_E9B6842E1322877CB977F4F41C542C85,3/10/2025,1,0,1573532.09,10,116.9,55.16,17.04,0,1.054999948,113.6579971,277488.2188,0.456,254.2250061,72.2
CUST_D1ECB94B336AF3E8BB8D739FA6E9E544,PART_E9B6842E1322877CB977F4F41C542C85,3/14/2025,1,0,1579074.23,6,70.14,33.096,10.224,0,1.055999994,113.6839981,277594.5625,0.455000013,254.2339935,43.32
CUST_D1ECB94B336AF3E8BB8D739FA6E9E544,PART_E9B6842E1322877CB977F4F41C542C85,3/17/2025,1,0,1565076.96,26,303.94,143.416,44.304,0,1.055999994,113.7030029,277674.2813,0.453999996,254.2400055,187.72
CUST_D1ECB94B336AF3E8BB8D739FA6E9E544,PART_E9B6842E1322877CB977F4F41C542C85,3/19/2025,1,0,1573361.66,3,35.07,16.548,5.112,0,1.055999994,113.7160034,277727.4375,0.453999996,254.2440033,21.66
CUST_D1ECB94B336AF3E8BB8D739FA6E9E544,PART_E9B6842E1322877CB977F4F41C542C85,3/24/2025,1,0,1576697.63,6,70.14,33.096,10.224,0,1.057000041,113.7480011,277860.3438,0.453000009,254.2550049,43.32
CUST_D1ECB94B336AF3E8BB8D739FA6E9E544,PART_E9B6842E1322877CB977F4F41C542C85,3/25/2025,1,0,1589458.1,2,23.38,11.032,3.408,0,1.057000041,113.7549973,277886.9375,0.453000009,254.2579956,14.44
CUST_D1ECB94B336AF3E8BB8D739FA6E9E544,PART_E9B6842E1322877CB977F4F41C542C85,3/26/2025,1,0,1592614.14,5,58.45,27.58,8.52,0,1.057000041,113.7610016,277913.5313,0.451999992,254.2599945,36.1
CUST_D1ECB94B336AF3E8BB8D739FA6E9E544,PART_E9B6842E1322877CB977F4F41C542C85,3/28/2025,1,0,1592847.51,8,93.52,44.128,13.632,0,1.057000041,113.7740021,277966.6875,0.451999992,254.2640076,57.76
CUST_D1ECB94B336AF3E8BB8D739FA6E9E544,PART_E9B6842E1322877CB977F4F41C542C85,3/30/2025,1,0,1587260.92,2,23.38,11.032,3.408,0,1.057999969,113.7870026,278019.8438,0.451000005,254.2689972,14.44
CUST_D1ECB94B336AF3E8BB8D739FA6E9E544,PART_E9B6842E1322877CB977F4F41C542C85,4/3/2025,1,0,1605422.42,18,210.42,99.288,30.672,0,1.057999969,113.7870026,277973.4063,0.451000005,254.2749939,129.96
CUST_D1ECB94B336AF3E8BB8D739FA6E9E544,PART_E9B6842E1322877CB977F4F41C542C85,4/4/2025,1,0,1606458.38,23,268.87,126.868,39.192,0,1.057999969,113.7799988,277923.5938,0.451000005,254.2769928,166.06
CUST_D1ECB94B336AF3E8BB8D739FA6E9E544,PART_E9B6842E1322877CB977F4F41C542C85,4/7/2025,1,0,1608484.94,6,70.14,36.606,6.714,0,1.057000041,113.7600021,277774.1875,0.451999992,254.2799988,43.32
CUST_D1ECB94B336AF3E8BB8D739FA6E9E544,PART_E9B6842E1322877CB977F4F41C542C85,4/10/2025,1,0,1626678.45,1,11.69,6.686,0.534,0,1.057000041,113.7399979,277624.8125,0.451999992,254.2839966,7.22
CUST_D1ECB94B336AF3E8BB8D739FA6E9E544,PART_E9B6842E1322877CB977F4F41C542C85,4/11/2025,1,0,1628796.32,5,58.45,33.43,2.67,0,1.057000041,113.7330017,277575,0.451999992,254.2850037,36.1
CUST_D1ECB94B336AF3E8BB8D739FA6E9E544,PART_E9B6842E1322877CB977F4F41C542C85,4/14/2025,1,0,1623422.74,11,128.59,73.546,5.874,0,1.055999994,113.7129974,277425.5938,0.451999992,254.2879944,79.42
CUST_D1ECB94B336AF3E8BB8D739FA6E9E544,PART_E9B6842E1322877CB977F4F41C542C85,4/15/2025,1,0,1626913.33,7,81.83,46.802,3.738,0,1.055999994,113.7070007,277375.8125,0.451999992,254.2890015,50.54
CUST_D1ECB94B336AF3E8BB8D739FA6E9E544,PART_E9B6842E1322877CB977F4F41C542C85,4/16/2025,1,0,1626351.65,2,23.38,13.372,1.068,0,1.055999994,113.6999969,277326,0.453000009,254.2910004,14.44
CUST_D1ECB94B336AF3E8BB8D739FA6E9E544,PART_E9B6842E1322877CB977F4F41C542C85,4/18/2025,1,0,1626185.51,4,46.76,26.744,2.136,0,1.055999994,113.6869965,277226.4063,0.453000009,254.2929993,28.88
CUST_D1ECB94B336AF3E8BB8D739FA6E9E544,PART_E9B6842E1322877CB977F4F41C542C85,4/21/2025,1,0,1618428.83,4,46.76,26.744,2.136,0,1.054999948,113.6669998,277077,0.453000009,254.2960052,28.88
CUST_D1ECB94B336AF3E8BB8D739FA6E9E544,PART_E9B6842E1322877CB977F4F41C542C85,4/23/2025,1,0,1620352.32,5,58.45,33.43,2.67,0,1.054999948,113.6529999,276977.4063,0.453000009,254.298996,36.1
CUST_D1ECB94B336AF3E8BB8D739FA6E9E544,PART_E9B6842E1322877CB977F4F41C542C85,4/24/2025,1,0,1615290.62,2,23.38,13.372,1.068,0,1.054999948,113.6470032,276927.5938,0.453000009,254.3000031,14.44
CUST_D1ECB94B336AF3E8BB8D739FA6E9E544,PART_E9B6842E1322877CB977F4F41C542C85,4/28/2025,1,0,1608113.3,5,58.45,33.43,2.67,0,1.05400002,113.6200027,276728.4063,0.453999996,254.3049927,36.1
CUST_D1ECB94B336AF3E8BB8D739FA6E9E544,PART_E9B6842E1322877CB977F4F41C542C85,4/29/2025,1,0,1615765.99,3,35.07,20.058,1.602,0,1.05400002,113.612999,276678.5938,0.453999996,254.3059998,21.66
CUST_D1ECB94B336AF3E8BB8D739FA6E9E544,PART_E9B6842E1322877CB977F4F41C542C85,4/30/2025,1,0,1619996.86,20,233.8,133.72,10.68,0,1.05400002,113.6070023,276628.8125,0.453999996,254.3070068,144.4
CUST_D1ECB94B336AF3E8BB8D739FA6E9E544,PART_E9B6842E1322877CB977F4F41C542C85,5/1/2025,1,0,1624527.64,21,245.49,140.406,11.214,0,1.05400002,113.5999985,276579,0.453999996,254.3079987,151.62
CUST_D1ECB94B336AF3E8BB8D739FA6E9E544,PART_E9B6842E1322877CB977F4F41C542C85,5/5/2025,1,0,1618064.72,18,251.82,120.348,9.612,0,1.05400002,113.560997,276549.5938,0.453999996,254.3110046,129.96
CUST_D1ECB94B336AF3E8BB8D739FA6E9E544,PART_E9B6842E1322877CB977F4F41C542C85,5/7/2025,1,0,1623460.29,2,27.98,13.372,1.068,0,1.05400002,113.5419998,276534.875,0.453999996,254.3130035,14.44
CUST_D1ECB94B336AF3E8BB8D739FA6E9E544,PART_E9B6842E1322877CB977F4F41C542C85,5/9/2025,1,0,1631878.99,4,55.96,26.744,2.136,0,1.052999973,113.5230026,276520.1563,0.453999996,254.3139954,28.88
CUST_D1ECB94B336AF3E8BB8D739FA6E9E544,PART_E9B6842E1322877CB977F4F41C542C85,5/12/2025,1,0,1629308.16,3,41.97,20.058,1.602,0,1.052999973,113.4940033,276498.0938,0.453999996,254.3170013,21.66
CUST_D1ECB94B336AF3E8BB8D739FA6E9E544,PART_E9B6842E1322877CB977F4F41C542C85,5/13/2025,1,0,1637436.6,15,209.85,100.29,8.01,0,1.052999973,113.4840012,276490.75,0.453999996,254.3170013,108.3
CUST_D1ECB94B336AF3E8BB8D739FA6E9E544,PART_E9B6842E1322877CB977F4F41C542C85,5/15/2025,1,0,1647313.54,2,27.98,13.372,1.068,0,1.052999973,113.4649963,276476.0313,0.453999996,254.3190002,14.44
CUST_D1ECB94B336AF3E8BB8D739FA6E9E544,PART_E9B6842E1322877CB977F4F41C542C85,5/16/2025,1,0,1642316.88,15,209.85,100.29,8.01,0,1.052999973,113.4550018,276468.6875,0.453999996,254.3200073,108.3
CUST_D1ECB94B336AF3E8BB8D739FA6E9E544,PART_E9B6842E1322877CB977F4F41C542C85,5/22/2025,1,0,1638411.22,4,55.96,26.744,2.136,0,1.052999973,113.3970032,276424.5625,0.453000009,254.3240051,28.88
CUST_D1ECB94B336AF3E8BB8D739FA6E9E544,PART_E9B6842E1322877CB977F4F41C542C85,5/28/2025,1,0,1645871.93,10,143.9,66.86,5.34,0,1.052000046,113.3389969,276380.4063,0.453000009,254.3289948,72.2
CUST_D1ECB94B336AF3E8BB8D739FA6E9E544,PART_E9B6842E1322877CB977F4F41C542C85,5/29/2025,1,0,1647810.6,5,71.95,33.43,2.67,0,1.052000046,113.3290024,276373.0625,0.453000009,254.3300018,36.1
CUST_D1ECB94B336AF3E8BB8D739FA6E9E544,PART_E9B6842E1322877CB977F4F41C542C85,5/30/2025,1,0,1649133.58,8,115.12,53.488,4.272,0,1.052000046,113.3190002,276365.7188,0.453000009,254.3300018,57.76
CUST_D1ECB94B336AF3E8BB8D739FA6E9E544,PART_E9B6842E1322877CB977F4F41C542C85,6/4/2025,1,0,1658483.42,17,244.63,113.662,35.088,0,1.049999952,113.3799973,276492.1875,0.449999988,254.3320007,148.75
CUST_D1ECB94B336AF3E8BB8D739FA6E9E544,PART_E9B6842E1322877CB977F4F41C542C85,6/6/2025,1,0,1667052.27,1,14.39,6.686,2.064,0,1.049000025,113.4329987,276586.3438,0.448000014,254.3320007,8.75
CUST_D1ECB94B336AF3E8BB8D739FA6E9E544,PART_E9B6842E1322877CB977F4F41C542C85,6/9/2025,1,0,1660687.87,10,143.9,66.86,20.64,0,1.047000051,113.5130005,276727.5313,0.444999993,254.3320007,87.5
CUST_D1ECB94B336AF3E8BB8D739FA6E9E544,PART_E9B6842E1322877CB977F4F41C542C85,6/12/2025,1,0,1672910.97,6,86.34,40.116,12.384,0,1.044999957,113.5930023,276868.7188,0.442000002,254.3320007,52.5
CUST_D1ECB94B336AF3E8BB8D739FA6E9E544,PART_E9B6842E1322877CB977F4F41C542C85,6/17/2025,1,0,1677917.27,5,71.95,33.43,10.32,0,1.042000055,113.7269974,277104.0625,0.43599999,254.3320007,43.75
CUST_D1ECB94B336AF3E8BB8D739FA6E9E544,PART_E9B6842E1322877CB977F4F41C542C85,6/19/2025,1,0,1665938.45,10,143.9,66.86,20.64,0,1.041000009,113.7799988,277198.1875,0.433999985,254.3320007,87.5
CUST_D1ECB94B336AF3E8BB8D739FA6E9E544,PART_E9B6842E1322877CB977F4F41C542C85,6/24/2025,1,0,1675307.02,14,201.46,93.604,28.896,0,1.036999941,113.913002,277433.5313,0.42899999,254.3320007,122.5
CUST_D1ECB94B336AF3E8BB8D739FA6E9E544,PART_E9B6842E1322877CB977F4F41C542C85,6/30/2025,1,0,1673891.45,1,14.39,6.686,2.064,0,1.034000039,114.072998,277715.9375,0.423000008,254.3320007,8.75
CUST_D1ECB94B336AF3E8BB8D739FA6E9E544,PART_E9B6842E1322877CB977F4F41C542C85,7/1/2025,1,0,1690468,10,143.9,74.11,13.39,0,1.032999992,114.0999985,277763,0.421999991,254.3320007,87.5
CUST_D1ECB94B336AF3E8BB8D739FA6E9E544,PART_E9B6842E1322877CB977F4F41C542C85,7/2/2025,1,0,1733759.65,11,158.29,81.521,14.729,0,1.031999946,114.1259995,277758,0.421000004,254.3509979,96.25
CUST_D1ECB94B336AF3E8BB8D739FA6E9E544,PART_E9B6842E1322877CB977F4F41C542C85,7/3/2025,1,0,1739925.51,11,158.29,81.521,14.729,0,1.031999946,114.1520004,277753,0.421000004,254.3699951,96.25
CUST_D1ECB94B336AF3E8BB8D739FA6E9E544,PART_E9B6842E1322877CB977F4F41C542C85,7/7/2025,1,0,1731003.17,5,71.95,37.055,6.695,0,1.029999971,114.2549973,277733,0.418000013,254.4459991,43.75
CUST_D1ECB94B336AF3E8BB8D739FA6E9E544,PART_E9B6842E1322877CB977F4F41C542C85,7/8/2025,1,0,1745589.58,3,43.17,22.233,4.017,0,1.029000044,114.2809982,277728,0.416999996,254.4649963,26.25
CUST_D1ECB94B336AF3E8BB8D739FA6E9E544,PART_E9B6842E1322877CB977F4F41C542C85,7/9/2025,1,0,1745212.1,5,71.95,37.055,6.695,0,1.029000044,114.3059998,277723,0.416000009,254.4850006,43.75
CUST_D1ECB94B336AF3E8BB8D739FA6E9E544,PART_E9B6842E1322877CB977F4F41C542C85,7/10/2025,1,0,1742498.45,5,71.95,37.055,6.695,0,1.027999997,114.3320007,277718,0.416000009,254.5039978,43.75
CUST_D1ECB94B336AF3E8BB8D739FA6E9E544,PART_E9B6842E1322877CB977F4F41C542C85,7/14/2025,1,0,1735215.96,7,100.73,51.877,9.373,0,1.026000023,114.4349976,277698,0.412999988,254.5800018,61.25
CUST_D1ECB94B336AF3E8BB8D739FA6E9E544,PART_E9B6842E1322877CB977F4F41C542C85,7/15/2025,1,0,1739797.01,14,201.46,103.754,18.746,0,1.026000023,114.4609985,277693,0.412,254.598999,122.5
CUST_D1ECB94B336AF3E8BB8D739FA6E9E544,PART_E9B6842E1322877CB977F4F41C542C85,7/18/2025,1,0,1750249.34,4,57.56,29.644,5.356,0,1.024000049,114.5390015,277678,0.409999996,254.6560059,35
CUST_D1ECB94B336AF3E8BB8D739FA6E9E544,PART_E9B6842E1322877CB977F4F41C542C85,7/22/2025,1,0,1755098.13,10,143.9,74.11,13.39,0,1.021999955,114.6419983,277658,0.407000005,254.7319946,87.5
CUST_D1ECB94B336AF3E8BB8D739FA6E9E544,PART_E9B6842E1322877CB977F4F41C542C85,7/30/2025,1,0,1769762.69,5,71.95,37.055,6.695,0,1.018000007,114.8479996,277618,0.400999993,254.8849945,43.75
CUST_D1ECB94B336AF3E8BB8D739FA6E9E544,PART_E9B6842E1322877CB977F4F41C542C85,7/31/2025,1,0,1770545.67,10,143.9,74.11,13.39,0,1.018000007,114.8740005,277613,0.400999993,254.904007,87.5
CUST_D1ECB94B336AF3E8BB8D739FA6E9E544,PART_E9B6842E1322877CB977F4F41C542C85,8/1/2025,1,0,1774166.53,6,94.74,44.466,5.874,0,1.01699996,114.9000015,277608,0.400000006,254.9230042,50.34
CUST_D1ECB94B336AF3E8BB8D739FA6E9E544,PART_E9B6842E1322877CB977F4F41C542C85,8/4/2025,1,0,1767125.37,2,31.58,14.822,1.958,0,1.019000053,114.7939987,277660.0625,0.398000002,255.0469971,16.78
CUST_D1ECB94B336AF3E8BB8D739FA6E9E544,PART_E9B6842E1322877CB977F4F41C542C85,8/5/2025,1,0,1777321.14,6,94.74,44.466,5.874,0,1.019999981,114.7580032,277677.4063,0.398000002,255.0879974,50.34
CUST_D1ECB94B336AF3E8BB8D739FA6E9E544,PART_E9B6842E1322877CB977F4F41C542C85,8/6/2025,1,0,1777710.37,1,15.79,7.411,0.979,0,1.021000028,114.7229996,277694.7813,0.397000015,255.1300049,8.39
CUST_D1ECB94B336AF3E8BB8D739FA6E9E544,PART_E9B6842E1322877CB977F4F41C542C85,8/7/2025,1,0,1780128.93,22,347.38,163.042,21.538,0,1.021999955,114.6869965,277712.125,0.397000015,255.1710052,184.58
CUST_D1ECB94B336AF3E8BB8D739FA6E9E544,PART_E9B6842E1322877CB977F4F41C542C85,8/11/2025,1,0,1777830.27,23,363.17,170.453,22.517,0,1.024999976,114.5449982,277781.5625,0.395000011,255.3370056,192.97
CUST_D1ECB94B336AF3E8BB8D739FA6E9E544,PART_E9B6842E1322877CB977F4F41C542C85,8/13/2025,1,0,1782238.08,31,489.49,229.741,30.349,0,1.02699995,114.473999,277816.25,0.393000007,255.4190063,260.09
CUST_D1ECB94B336AF3E8BB8D739FA6E9E544,PART_E9B6842E1322877CB977F4F41C542C85,8/15/2025,1,0,1785275.56,8,126.32,59.288,7.832,0,1.027999997,114.4029999,277850.9688,0.39199999,255.5019989,67.12
CUST_D1ECB94B336AF3E8BB8D739FA6E9E544,PART_E9B6842E1322877CB977F4F41C542C85,8/18/2025,1,0,1780022.42,2,31.58,14.822,1.958,0,1.031000018,114.2969971,277903.0313,0.391000003,255.6260071,16.78
CUST_D1ECB94B336AF3E8BB8D739FA6E9E544,PART_E9B6842E1322877CB977F4F41C542C85,8/22/2025,1,0,1785423.17,7,110.53,51.877,6.853,0,1.034000039,114.1549988,277972.4375,0.388000011,255.7910004,58.73
CUST_D1ECB94B336AF3E8BB8D739FA6E9E544,PART_E9B6842E1322877CB977F4F41C542C85,9/3/2025,1,0,1778555.57,3,47.37,22.233,2.937,0,1.039000034,113.6930008,278112.5938,0.379999995,256.2049866,25.17
CUST_D1ECB94B336AF3E8BB8D739FA6E9E544,PART_E9B6842E1322877CB977F4F41C542C85,9/4/2025,1,0,1776533.59,6,94.74,44.466,5.874,0,1.037999988,113.6399994,278095.9063,0.379000008,256.2049866,50.34
CUST_D1ECB94B336AF3E8BB8D739FA6E9E544,PART_E9B6842E1322877CB977F4F41C542C85,9/9/2025,1,0,1768343.62,4,63.16,29.644,3.916,0,1.029999971,113.3730011,278012.4063,0.370999992,256.2049866,33.56
CUST_D1ECB94B336AF3E8BB8D739FA6E9E544,PART_E9B6842E1322877CB977F4F41C542C85,9/11/2025,1,0,1769473.64,12,189.48,88.932,11.748,0,1.02699995,113.2669983,277979,0.368000001,256.2049866,100.68
CUST_D1ECB94B336AF3E8BB8D739FA6E9E544,PART_E9B6842E1322877CB977F4F41C542C85,9/16/2025,1,0,1776323.09,4,63.16,29.644,3.916,0,1.019999981,113,277895.5,0.361000001,256.2049866,33.56
CUST_D1ECB94B336AF3E8BB8D739FA6E9E544,PART_E9B6842E1322877CB977F4F41C542C85,9/17/2025,1,0,1779004.01,1,15.79,7.411,0.979,0,1.018000007,112.9469986,277878.8125,0.360000014,256.2049866,8.39
CUST_D1ECB94B336AF3E8BB8D739FA6E9E544,PART_E9B6842E1322877CB977F4F41C542C85,9/19/2025,1,0,1785269.53,2,31.58,14.822,1.958,0,1.014999986,112.8399963,277845.4063,0.356999993,256.2049866,16.78
CUST_D1ECB94B336AF3E8BB8D739FA6E9E544,PART_E9B6842E1322877CB977F4F41C542C85,9/23/2025,1,0,1793143.01,2,31.58,14.822,1.958,0,1.008999944,112.6269989,277778.5938,0.351000011,256.2049866,16.78
CUST_D1ECB94B336AF3E8BB8D739FA6E9E544,PART_E9B6842E1322877CB977F4F41C542C85,9/24/2025,1,0,1789727.94,4,63.16,29.644,3.916,0,1.008000016,112.572998,277761.9063,0.349000007,256.2049866,33.56
CUST_D1ECB94B336AF3E8BB8D739FA6E9E544,PART_E9B6842E1322877CB977F4F41C542C85,9/25/2025,1,0,1797316.54,3,47.37,22.233,2.937,0,1.006000042,112.5199966,277745.1875,0.34799999,256.2049866,25.17
CUST_D1ECB94B336AF3E8BB8D739FA6E9E544,PART_E9B6842E1322877CB977F4F41C542C85,9/26/2025,1,0,1792500.29,4,63.16,29.644,3.916,0,1.004999995,112.4670029,277728.5,0.345999986,256.2049866,33.56
CUST_D1ECB94B336AF3E8BB8D739FA6E9E544,PART_E9B6842E1322877CB977F4F41C542C85,9/29/2025,1,0,1785039.86,3,47.37,22.233,2.937,0,1,112.3069992,277678.4063,0.342000008,256.2049866,25.17
CUST_D1ECB94B336AF3E8BB8D739FA6E9E544,PART_25F3874B96DA8E29F040CD54AC9B9893,1/3/2023,1,0,9918.94,2,55.82,23.174,3.906,0,1.126999974,116.8059998,275461.6563,0.504999995,244.2590027,27.08
CUST_D1ECB94B336AF3E8BB8D739FA6E9E544,PART_25F3874B96DA8E29F040CD54AC9B9893,1/4/2023,1,0,16497.79,7,195.37,81.109,13.671,0,1.128000021,116.8099976,275304.9688,0.505999982,244.3029938,94.78
CUST_D1ECB94B336AF3E8BB8D739FA6E9E544,PART_25F3874B96DA8E29F040CD54AC9B9893,1/9/2023,1,0,37824.35,14,390.74,162.218,27.342,0,1.13499999,116.8259964,274521.5938,0.508000016,244.5249939,189.56
CUST_D1ECB94B336AF3E8BB8D739FA6E9E544,PART_25F3874B96DA8E29F040CD54AC9B9893,1/11/2023,1,0,52827.86,4,111.64,46.348,7.812,0,1.138000011,116.8320007,274208.2188,0.509000003,244.6139984,54.16
CUST_D1ECB94B336AF3E8BB8D739FA6E9E544,PART_25F3874B96DA8E29F040CD54AC9B9893,1/12/2023,1,0,76622.29,3,83.73,34.761,5.859,0,1.139000058,116.8349991,274051.5625,0.50999999,244.6589966,40.62
CUST_D1ECB94B336AF3E8BB8D739FA6E9E544,PART_25F3874B96DA8E29F040CD54AC9B9893,1/13/2023,1,0,88998.15,4,111.64,46.348,7.812,0,1.141000032,116.8389969,273894.875,0.510999978,244.7030029,54.16
CUST_D1ECB94B336AF3E8BB8D739FA6E9E544,PART_25F3874B96DA8E29F040CD54AC9B9893,1/16/2023,1,0,98152.34,8,225.36,92.696,15.624,0,1.144999981,116.8479996,273424.8438,0.512000024,244.8359985,108.32
CUST_D1ECB94B336AF3E8BB8D739FA6E9E544,PART_25F3874B96DA8E29F040CD54AC9B9893,1/18/2023,1,0,113364.72,4,112.68,46.348,7.812,0,1.148000002,116.8550034,273111.4688,0.513000011,244.9250031,54.16
CUST_D1ECB94B336AF3E8BB8D739FA6E9E544,PART_25F3874B96DA8E29F040CD54AC9B9893,1/19/2023,1,0,136448.98,3,84.51,34.761,5.859,0,1.149000049,116.8580017,272954.8125,0.513999999,244.9700012,40.62
CUST_D1ECB94B336AF3E8BB8D739FA6E9E544,PART_25F3874B96DA8E29F040CD54AC9B9893,1/20/2023,1,0,146871,1,28.17,11.587,1.953,0,1.149999976,116.8610001,272798.125,0.513999999,245.0140076,13.54
CUST_D1ECB94B336AF3E8BB8D739FA6E9E544,PART_25F3874B96DA8E29F040CD54AC9B9893,1/23/2023,1,0,153008.81,10,281.7,115.87,19.53,0,1.154999971,116.8710022,272328.0938,0.515999973,245.1470032,135.4
CUST_D1ECB94B336AF3E8BB8D739FA6E9E544,PART_25F3874B96DA8E29F040CD54AC9B9893,1/24/2023,1,0,167320.08,8,225.36,92.696,15.624,0,1.156000018,116.8740005,272171.4063,0.51700002,245.1920013,108.32
CUST_D1ECB94B336AF3E8BB8D739FA6E9E544,PART_25F3874B96DA8E29F040CD54AC9B9893,1/25/2023,1,0,172722.19,8,225.36,92.696,15.624,0,1.156999946,116.8769989,272014.75,0.51700002,245.2359924,108.32
CUST_D1ECB94B336AF3E8BB8D739FA6E9E544,PART_25F3874B96DA8E29F040CD54AC9B9893,1/26/2023,1,0,183063.21,4,112.68,46.348,7.812,0,1.159000039,116.8809967,271858.0625,0.518000007,245.2799988,54.16
CUST_D1ECB94B336AF3E8BB8D739FA6E9E544,PART_25F3874B96DA8E29F040CD54AC9B9893,1/27/2023,1,0,188052.81,16,450.72,185.392,31.248,0,1.159999967,116.8840027,271701.375,0.518000007,245.3249969,216.64
CUST_D1ECB94B336AF3E8BB8D739FA6E9E544,PART_25F3874B96DA8E29F040CD54AC9B9893,1/28/2023,1,0,198938.73,1,28.17,11.587,1.953,0,1.161000013,116.887001,271544.7188,0.518999994,245.3690033,13.54
CUST_D1ECB94B336AF3E8BB8D739FA6E9E544,PART_25F3874B96DA8E29F040CD54AC9B9893,1/30/2023,1,0,199366.24,12,338.04,139.044,23.436,0,1.164000034,116.8939972,271231.3438,0.519999981,245.4579926,162.48
CUST_D1ECB94B336AF3E8BB8D739FA6E9E544,PART_25F3874B96DA8E29F040CD54AC9B9893,1/31/2023,1,0,206209.82,2,56.34,23.174,3.906,0,1.166000009,116.8970032,271074.6875,0.519999981,245.503006,27.08
CUST_D1ECB94B336AF3E8BB8D739FA6E9E544,PART_25F3874B96DA8E29F040CD54AC9B9893,2/1/2023,1,0,213524.98,2,56.34,23.174,3.906,0,1.167000055,116.9000015,270918,0.521000028,245.5469971,27.08
CUST_D1ECB94B336AF3E8BB8D739FA6E9E544,PART_25F3874B96DA8E29F040CD54AC9B9893,2/2/2023,1,0,221456.7,7,197.19,81.109,13.671,0,1.167000055,116.8180008,270832.6563,0.519999981,245.5469971,94.78
CUST_D1ECB94B336AF3E8BB8D739FA6E9E544,PART_25F3874B96DA8E29F040CD54AC9B9893,2/3/2023,1,0,228911.02,18,507.06,208.566,35.154,0,1.166000009,116.7360001,270747.2813,0.518999994,245.5480042,243.72
CUST_D1ECB94B336AF3E8BB8D739FA6E9E544,PART_25F3874B96DA8E29F040CD54AC9B9893,2/6/2023,1,0,239800.2,0,0,0,0,0,1.164999962,116.4889984,270491.2188,0.515999973,245.548996,0
CUST_D1ECB94B336AF3E8BB8D739FA6E9E544,PART_25F3874B96DA8E29F040CD54AC9B9893,2/9/2023,1,0,265742.297,6,169.02,69.522,11.718,0,1.164000034,116.2429962,270235.1563,0.513000011,245.5500031,81.24
CUST_D1ECB94B336AF3E8BB8D739FA6E9E544,PART_25F3874B96DA8E29F040CD54AC9B9893,2/10/2023,1,0,276467.577,2,56.34,23.174,3.906,0,1.162999988,116.1610031,270149.7813,0.512000024,245.5500031,27.08
CUST_D1ECB94B336AF3E8BB8D739FA6E9E544,PART_25F3874B96DA8E29F040CD54AC9B9893,2/13/2023,1,0,285451.637,5,140.85,57.935,9.765,0,1.161999941,115.9140015,269893.7188,0.509000003,245.5509949,67.7
CUST_D1ECB94B336AF3E8BB8D739FA6E9E544,PART_25F3874B96DA8E29F040CD54AC9B9893,2/15/2023,1,0,299306.927,1,28.17,11.587,1.953,0,1.161000013,115.75,269723,0.507000029,245.552002,13.54
CUST_D1ECB94B336AF3E8BB8D739FA6E9E544,PART_25F3874B96DA8E29F040CD54AC9B9893,2/16/2023,1,0,306377.497,1,28.17,11.587,1.953,0,1.161000013,115.6679993,269637.6563,0.505999982,245.552002,13.54
CUST_D1ECB94B336AF3E8BB8D739FA6E9E544,PART_25F3874B96DA8E29F040CD54AC9B9893,2/17/2023,1,0,311648.597,1,28.17,11.587,1.953,0,1.159999967,115.5859985,269552.2813,0.504999995,245.5529938,13.54
CUST_D1ECB94B336AF3E8BB8D739FA6E9E544,PART_25F3874B96DA8E29F040CD54AC9B9893,2/20/2023,1,0,318491.697,22,619.74,254.914,42.966,0,1.159000039,115.3389969,269296.2188,0.501999974,245.5540009,297.88
CUST_D1ECB94B336AF3E8BB8D739FA6E9E544,PART_25F3874B96DA8E29F040CD54AC9B9893,2/21/2023,1,0,330931.447,20,563.4,231.74,39.06,0,1.157999992,115.2570038,269210.8438,0.500999987,245.5540009,270.8
CUST_D1ECB94B336AF3E8BB8D739FA6E9E544,PART_25F3874B96DA8E29F040CD54AC9B9893,2/22/2023,1,0,339376.287,0,0,0,0,0,1.157999992,115.1750031,269125.5,0.5,245.5549927,0
CUST_D1ECB94B336AF3E8BB8D739FA6E9E544,PART_25F3874B96DA8E29F040CD54AC9B9893,2/23/2023,1,0,356038.767,6,169.02,69.522,11.718,0,1.157999992,115.0930023,269040.1563,0.499000013,245.5549927,81.24
CUST_D1ECB94B336AF3E8BB8D739FA6E9E544,PART_25F3874B96DA8E29F040CD54AC9B9893,2/24/2023,1,0,363139.337,2,56.34,23.174,3.906,0,1.156999946,115.0110016,268954.7813,0.497999996,245.5549927,27.08
CUST_D1ECB94B336AF3E8BB8D739FA6E9E544,PART_25F3874B96DA8E29F040CD54AC9B9893,2/27/2023,1,0,376396.737,2,56.34,23.174,3.906,0,1.156000018,114.7639999,268698.7188,0.495000005,245.5559998,27.08
CUST_D1ECB94B336AF3E8BB8D739FA6E9E544,PART_25F3874B96DA8E29F040CD54AC9B9893,3/1/2023,1,0,389794.357,2,56.34,23.174,4.446,0,1.154999971,114.5999985,268528,0.493000001,245.5570068,27.62
CUST_D1ECB94B336AF3E8BB8D739FA6E9E544,PART_25F3874B96DA8E29F040CD54AC9B9893,3/2/2023,1,0,398944.627,3,84.48,34.761,5.859,0,1.154999971,114.5810013,268601.75,0.495000005,245.5630035,40.62
CUST_D1ECB94B336AF3E8BB8D739FA6E9E544,PART_25F3874B96DA8E29F040CD54AC9B9893,3/3/2023,1,0,412757.397,5,140.85,57.935,11.115,0,1.154000044,114.560997,268675.4688,0.497000009,245.5690002,69.05
CUST_D1ECB94B336AF3E8BB8D739FA6E9E544,PART_25F3874B96DA8E29F040CD54AC9B9893,3/6/2023,1,0,423640.347,16,450.64,185.392,35.568,0,1.152999997,114.5029984,268896.7188,0.501999974,245.5870056,220.96
CUST_D1ECB94B336AF3E8BB8D739FA6E9E544,PART_25F3874B96DA8E29F040CD54AC9B9893,3/7/2023,1,0,433904.687,10,281.7,115.87,22.23,0,1.152999997,114.4840012,268970.4375,0.504000008,245.5930023,138.1
CUST_D1ECB94B336AF3E8BB8D739FA6E9E544,PART_25F3874B96DA8E29F040CD54AC9B9893,3/8/2023,1,0,439620.167,5,140.85,57.935,11.115,0,1.152999997,114.4649963,269044.1875,0.505999982,245.598999,69.05
CUST_D1ECB94B336AF3E8BB8D739FA6E9E544,PART_25F3874B96DA8E29F040CD54AC9B9893,3/9/2023,1,0,452666.597,11,309.87,127.457,24.453,0,1.15199995,114.4449997,269117.9375,0.508000016,245.6049957,151.91
CUST_D1ECB94B336AF3E8BB8D739FA6E9E544,PART_25F3874B96DA8E29F040CD54AC9B9893,3/10/2023,1,0,463221.557,4,112.68,46.348,8.892,0,1.15199995,114.4260025,269191.6875,0.50999999,245.6109924,55.24
CUST_D1ECB94B336AF3E8BB8D739FA6E9E544,PART_25F3874B96DA8E29F040CD54AC9B9893,3/13/2023,1,0,469886.037,5,140.81,57.935,11.115,0,1.151000023,114.3679962,269412.9063,0.514999986,245.6289978,69.05
CUST_D1ECB94B336AF3E8BB8D739FA6E9E544,PART_25F3874B96DA8E29F040CD54AC9B9893,3/15/2023,1,0,485130.857,6,169.02,69.522,13.338,0,1.149999976,114.3290024,269560.375,0.518999994,245.6410065,82.86
CUST_D1ECB94B336AF3E8BB8D739FA6E9E544,PART_25F3874B96DA8E29F040CD54AC9B9893,3/17/2023,1,0,500289.687,10,281.6,115.87,22.23,0,1.149000049,114.2900009,269707.875,0.523000002,245.654007,138.1
CUST_D1ECB94B336AF3E8BB8D739FA6E9E544,PART_25F3874B96DA8E29F040CD54AC9B9893,3/20/2023,1,0,517052.257,1,28.17,11.587,2.223,0,1.148000002,114.2320023,269929.0938,0.528999984,245.6719971,13.81
CUST_D1ECB94B336AF3E8BB8D739FA6E9E544,PART_25F3874B96DA8E29F040CD54AC9B9893,3/21/2023,1,0,529309.197,6,169.02,69.522,13.338,0,1.148000002,114.2129974,270002.8438,0.529999971,245.6779938,82.86
CUST_D1ECB94B336AF3E8BB8D739FA6E9E544,PART_25F3874B96DA8E29F040CD54AC9B9893,3/22/2023,1,0,540794.767,2,56.34,23.174,4.446,0,1.148000002,114.1940002,270076.5938,0.532000005,245.6840057,27.62
CUST_D1ECB94B336AF3E8BB8D739FA6E9E544,PART_25F3874B96DA8E29F040CD54AC9B9893,3/23/2023,1,0,560298.447,14,394.38,162.218,31.122,0,1.146999955,114.1740036,270150.3125,0.533999979,245.6900024,193.34
CUST_D1ECB94B336AF3E8BB8D739FA6E9E544,PART_25F3874B96DA8E29F040CD54AC9B9893,3/27/2023,1,0,590473.127,2,56.34,23.174,4.446,0,1.146000028,114.0970001,270445.2813,0.541999996,245.7140045,27.62
CUST_D1ECB94B336AF3E8BB8D739FA6E9E544,PART_25F3874B96DA8E29F040CD54AC9B9893,3/29/2023,1,0,616625.927,1,28.17,11.587,2.223,0,1.144999981,114.0579987,270592.7813,0.545000017,245.7259979,13.81
CUST_D1ECB94B336AF3E8BB8D739FA6E9E544,PART_25F3874B96DA8E29F040CD54AC9B9893,3/30/2023,1,0,621113.477,2,56.34,23.174,4.446,0,1.144999981,114.0390015,270666.5313,0.546999991,245.7319946,27.62
CUST_D1ECB94B336AF3E8BB8D739FA6E9E544,PART_25F3874B96DA8E29F040CD54AC9B9893,3/31/2023,1,0,630816.217,6,169.02,69.522,13.338,0,1.144000053,114.0189972,270740.25,0.549000025,245.7380066,82.86
CUST_D1ECB94B336AF3E8BB8D739FA6E9E544,PART_25F3874B96DA8E29F040CD54AC9B9893,4/3/2023,1,0,639273.187,6,169.02,69.522,13.338,0,1.144999981,113.9800034,270796.2813,0.550000012,245.7649994,82.86
CUST_D1ECB94B336AF3E8BB8D739FA6E9E544,PART_25F3874B96DA8E29F040CD54AC9B9893,4/4/2023,1,0,650476.277,4,112.68,46.348,8.892,0,1.146000028,113.9700012,270787.4063,0.550000012,245.776001,55.24
CUST_D1ECB94B336AF3E8BB8D739FA6E9E544,PART_25F3874B96DA8E29F040CD54AC9B9893,4/7/2023,1,0,681827.487,19,535.23,220.153,42.237,0,1.148000002,113.9400024,270760.8125,0.549000025,245.8079987,262.39
CUST_D1ECB94B336AF3E8BB8D739FA6E9E544,PART_25F3874B96DA8E29F040CD54AC9B9893,4/10/2023,1,0,693791.097,5,140.85,57.935,11.115,0,1.151000023,113.9100037,270734.1875,0.547999978,245.8399963,69.05
CUST_D1ECB94B336AF3E8BB8D739FA6E9E544,PART_25F3874B96DA8E29F040CD54AC9B9893,4/11/2023,1,0,703637.507,7,197.19,81.109,15.561,0,1.151000023,113.9000015,270725.3438,0.547999978,245.8500061,96.67
CUST_D1ECB94B336AF3E8BB8D739FA6E9E544,PART_25F3874B96DA8E29F040CD54AC9B9893,4/12/2023,1,0,710021.207,2,56.34,23.174,4.446,0,1.15199995,113.8899994,270716.4688,0.546999991,245.8609924,27.62
CUST_D1ECB94B336AF3E8BB8D739FA6E9E544,PART_25F3874B96DA8E29F040CD54AC9B9893,4/13/2023,1,0,721264.937,1,28.17,11.587,2.223,0,1.152999997,113.8799973,270707.5938,0.546999991,245.871994,13.81
CUST_D1ECB94B336AF3E8BB8D739FA6E9E544,PART_25F3874B96DA8E29F040CD54AC9B9893,4/14/2023,1,0,729807.437,5,140.85,57.935,11.115,0,1.154000044,113.8700027,270698.7188,0.546999991,245.8820038,69.05
CUST_D1ECB94B336AF3E8BB8D739FA6E9E544,PART_25F3874B96DA8E29F040CD54AC9B9893,4/17/2023,1,0,741363.117,21,591.57,243.327,46.683,0,1.156000018,113.8399963,270672.125,0.546000004,245.9140015,290.01
CUST_D1ECB94B336AF3E8BB8D739FA6E9E544,PART_25F3874B96DA8E29F040CD54AC9B9893,4/18/2023,1,0,745358.687,6,169.02,69.522,13.338,0,1.156000018,113.8300018,270663.2813,0.545000017,245.9250031,82.86
CUST_D1ECB94B336AF3E8BB8D739FA6E9E544,PART_25F3874B96DA8E29F040CD54AC9B9893,4/19/2023,1,0,748518.987,19,535.23,220.153,42.237,0,1.156999946,113.8199997,270654.4063,0.545000017,245.9349976,262.39
CUST_D1ECB94B336AF3E8BB8D739FA6E9E544,PART_25F3874B96DA8E29F040CD54AC9B9893,4/20/2023,1,0,757073.577,5,140.85,57.935,11.115,0,1.157999992,113.8099976,270645.5313,0.545000017,245.9459991,69.05
CUST_D1ECB94B336AF3E8BB8D739FA6E9E544,PART_25F3874B96DA8E29F040CD54AC9B9893,4/24/2023,1,0,774105.157,13,366.21,93.821,85.709,0,1.161000013,113.7699966,270610.0625,0.542999983,245.9889984,179.53
CUST_D1ECB94B336AF3E8BB8D739FA6E9E544,PART_25F3874B96DA8E29F040CD54AC9B9893,4/25/2023,1,0,785975.337,2,56.34,14.434,13.186,0,1.161999941,113.7600021,270601.1875,0.542999983,245.9989929,27.62
CUST_D1ECB94B336AF3E8BB8D739FA6E9E544,PART_25F3874B96DA8E29F040CD54AC9B9893,4/26/2023,1,0,791291.597,2,56.34,14.434,13.186,0,1.161999941,113.75,270592.3438,0.542999983,246.0099945,27.62
CUST_D1ECB94B336AF3E8BB8D739FA6E9E544,PART_25F3874B96DA8E29F040CD54AC9B9893,4/27/2023,1,0,803652.237,2,56.34,14.434,13.186,0,1.162999988,113.7399979,270583.4688,0.541999996,246.0200043,27.62
CUST_D1ECB94B336AF3E8BB8D739FA6E9E544,PART_25F3874B96DA8E29F040CD54AC9B9893,4/28/2023,1,0,809297.577,11,309.87,79.387,72.523,0,1.164000034,113.7300034,270574.5938,0.541999996,246.0310059,151.91
CUST_D1ECB94B336AF3E8BB8D739FA6E9E544,PART_25F3874B96DA8E29F040CD54AC9B9893,5/1/2023,1,0,818232.187,9,253.53,64.953,59.337,0,1.166000009,113.6999969,270548,0.541000009,246.0630035,124.29
CUST_D1ECB94B336AF3E8BB8D739FA6E9E544,PART_25F3874B96DA8E29F040CD54AC9B9893,5/2/2023,1,0,831606.617,4,112.68,28.868,26.372,0,1.164999962,113.7160034,270540.0313,0.541000009,246.0870056,55.24
CUST_D1ECB94B336AF3E8BB8D739FA6E9E544,PART_25F3874B96DA8E29F040CD54AC9B9893,5/4/2023,1,0,852534.347,2,56.34,14.434,13.186,0,1.164000034,113.7480011,270524.0938,0.540000021,246.1349945,27.62
CUST_D1ECB94B336AF3E8BB8D739FA6E9E544,PART_25F3874B96DA8E29F040CD54AC9B9893,5/5/2023,1,0,864683.137,5,140.85,36.085,32.965,0,1.164000034,113.7649994,270516.125,0.540000021,246.1589966,69.05
CUST_D1ECB94B336AF3E8BB8D739FA6E9E544,PART_25F3874B96DA8E29F040CD54AC9B9893,5/8/2023,1,0,871682.977,4,112.68,28.868,26.372,0,1.161999941,113.8130035,270492.2188,0.540000021,246.2310028,55.24
CUST_D1ECB94B336AF3E8BB8D739FA6E9E544,PART_25F3874B96DA8E29F040CD54AC9B9893,5/9/2023,1,0,884574.177,11,309.87,79.387,72.523,0,1.161000013,113.8290024,270484.25,0.538999975,246.2539978,151.91
CUST_D1ECB94B336AF3E8BB8D739FA6E9E544,PART_25F3874B96DA8E29F040CD54AC9B9893,5/10/2023,1,0,890586.557,10,281.7,72.17,65.93,0,1.159999967,113.8450012,270476.2813,0.538999975,246.2779999,138.1
CUST_D1ECB94B336AF3E8BB8D739FA6E9E544,PART_25F3874B96DA8E29F040CD54AC9B9893,5/11/2023,1,0,897779.137,2,56.34,14.434,13.186,0,1.159999967,113.8610001,270468.3125,0.538999975,246.302002,27.62
CUST_D1ECB94B336AF3E8BB8D739FA6E9E544,PART_25F3874B96DA8E29F040CD54AC9B9893,5/12/2023,1,0,903862.687,4,112.68,28.868,26.372,0,1.159000039,113.8769989,270460.3438,0.538999975,246.326004,55.24
CUST_D1ECB94B336AF3E8BB8D739FA6E9E544,PART_25F3874B96DA8E29F040CD54AC9B9893,5/15/2023,1,0,919175.437,8,225.36,57.736,52.744,0,1.156999946,113.9260025,270436.4375,0.537999988,246.397995,110.48
CUST_D1ECB94B336AF3E8BB8D739FA6E9E544,PART_25F3874B96DA8E29F040CD54AC9B9893,5/16/2023,1,0,929487.727,3,84.51,21.651,19.779,0,1.156999946,113.9420013,270428.4688,0.537999988,246.4219971,41.43
CUST_D1ECB94B336AF3E8BB8D739FA6E9E544,PART_25F3874B96DA8E29F040CD54AC9B9893,5/17/2023,1,0,942354.877,11,309.87,79.387,72.523,0,1.156000018,113.9580002,270420.5313,0.537999988,246.4459991,151.91
CUST_D1ECB94B336AF3E8BB8D739FA6E9E544,PART_25F3874B96DA8E29F040CD54AC9B9893,5/18/2023,1,0,953982.157,1,28.17,7.217,6.593,0,1.156000018,113.973999,270412.5625,0.537999988,246.4700012,13.81
CUST_D1ECB94B336AF3E8BB8D739FA6E9E544,PART_25F3874B96DA8E29F040CD54AC9B9893,5/19/2023,1,0,959818.887,10,281.7,72.17,65.93,0,1.154999971,113.9899979,270404.5938,0.537999988,246.4940033,138.1
CUST_D1ECB94B336AF3E8BB8D739FA6E9E544,PART_25F3874B96DA8E29F040CD54AC9B9893,5/22/2023,1,0,974094.537,6,169.02,43.302,39.558,0,1.152999997,114.0390015,270380.6875,0.537,246.5659943,82.86
CUST_D1ECB94B336AF3E8BB8D739FA6E9E544,PART_25F3874B96DA8E29F040CD54AC9B9893,5/23/2023,1,0,990591.857,15,422.55,108.255,98.895,0,1.152999997,114.0550003,270372.7188,0.537,246.5899963,207.15
CUST_D1ECB94B336AF3E8BB8D739FA6E9E544,PART_25F3874B96DA8E29F040CD54AC9B9893,5/24/2023,1,0,998600.267,4,112.68,28.868,26.372,0,1.15199995,114.0709991,270364.75,0.537,246.6139984,55.24
CUST_D1ECB94B336AF3E8BB8D739FA6E9E544,PART_25F3874B96DA8E29F040CD54AC9B9893,5/26/2023,1,0,1011449.757,2,56.34,14.434,13.186,0,1.151000023,114.1029968,270348.8125,0.536000013,246.6609955,27.62
CUST_D1ECB94B336AF3E8BB8D739FA6E9E544,PART_25F3874B96DA8E29F040CD54AC9B9893,5/30/2023,1,0,1016295.197,5,140.85,36.085,32.965,0,1.148000002,114.1679993,270316.9375,0.535000026,246.7570038,69.05
CUST_D1ECB94B336AF3E8BB8D739FA6E9E544,PART_25F3874B96DA8E29F040CD54AC9B9893,5/31/2023,1,0,1025114.717,20,563.4,144.34,131.86,0,1.148000002,114.1839981,270308.9688,0.535000026,246.7810059,276.2
CUST_D1ECB94B336AF3E8BB8D739FA6E9E544,PART_25F3874B96DA8E29F040CD54AC9B9893,6/1/2023,1,0,1037590.707,5,140.85,36.085,32.965,0,1.146999955,114.1999969,270301,0.535000026,246.8049927,69.05
CUST_D1ECB94B336AF3E8BB8D739FA6E9E544,PART_25F3874B96DA8E29F040CD54AC9B9893,6/2/2023,1,0,1045514.537,6,169.02,43.302,39.558,0,1.146000028,114.2300034,270319.7188,0.533999979,246.8339996,82.86
CUST_D1ECB94B336AF3E8BB8D739FA6E9E544,PART_25F3874B96DA8E29F040CD54AC9B9893,6/5/2023,1,0,1049781.457,1,28.17,7.217,6.593,0,1.144000053,114.3199997,270375.9375,0.532000005,246.9210052,13.81
CUST_D1ECB94B336AF3E8BB8D739FA6E9E544,PART_25F3874B96DA8E29F040CD54AC9B9893,6/7/2023,1,0,1070030.027,5,140.85,36.085,32.965,0,1.14199996,114.3799973,270413.4063,0.529999971,246.9790039,69.05
CUST_D1ECB94B336AF3E8BB8D739FA6E9E544,PART_25F3874B96DA8E29F040CD54AC9B9893,6/8/2023,1,0,1082211.507,3,53.61,21.651,19.779,0,1.141000032,114.4100037,270432.125,0.528999984,247.0079956,41.43
CUST_D1ECB94B336AF3E8BB8D739FA6E9E544,PART_25F3874B96DA8E29F040CD54AC9B9893,6/9/2023,1,0,1092419.657,9,160.83,64.953,59.337,0,1.139999986,114.4400024,270450.875,0.528999984,247.0370026,124.29
CUST_D1ECB94B336AF3E8BB8D739FA6E9E544,PART_25F3874B96DA8E29F040CD54AC9B9893,6/12/2023,1,0,1101746.637,2,35.74,14.434,13.186,0,1.138000011,114.5299988,270507.0625,0.526000023,247.1239929,27.62
CUST_D1ECB94B336AF3E8BB8D739FA6E9E544,PART_25F3874B96DA8E29F040CD54AC9B9893,6/13/2023,1,0,1115001.927,15,268.05,108.255,98.895,0,1.136999965,114.5599976,270525.8125,0.524999976,247.1529999,207.15
CUST_D1ECB94B336AF3E8BB8D739FA6E9E544,PART_25F3874B96DA8E29F040CD54AC9B9893,6/14/2023,1,0,1124058.947,5,89.35,36.085,32.965,0,1.136000037,114.5899963,270544.5313,0.524999976,247.1820068,69.05
CUST_D1ECB94B336AF3E8BB8D739FA6E9E544,PART_25F3874B96DA8E29F040CD54AC9B9893,6/16/2023,1,0,1145073.507,16,285.92,115.472,105.488,0,1.13499999,114.6500015,270582,0.523000002,247.2400055,220.96
CUST_D1ECB94B336AF3E8BB8D739FA6E9E544,PART_25F3874B96DA8E29F040CD54AC9B9893,6/19/2023,1,0,1151906.107,1,17.87,7.217,6.593,0,1.131999969,114.7399979,270638.1875,0.521000028,247.326004,13.81
CUST_D1ECB94B336AF3E8BB8D739FA6E9E544,PART_25F3874B96DA8E29F040CD54AC9B9893,6/20/2023,1,0,1162960.097,5,89.35,36.085,32.965,0,1.131000042,114.7699966,270656.9375,0.519999981,247.3549957,69.05
CUST_D1ECB94B336AF3E8BB8D739FA6E9E544,PART_25F3874B96DA8E29F040CD54AC9B9893,6/22/2023,1,0,1182879.617,6,107.22,43.302,39.558,0,1.129999995,114.8300018,270694.4063,0.518000007,247.4129944,82.86
CUST_D1ECB94B336AF3E8BB8D739FA6E9E544,PART_25F3874B96DA8E29F040CD54AC9B9893,6/23/2023,1,0,1193015.927,4,71.48,28.868,26.372,0,1.128999949,114.8600006,270713.125,0.51700002,247.4420013,55.24
CUST_D1ECB94B336AF3E8BB8D739FA6E9E544,PART_25F3874B96DA8E29F040CD54AC9B9893,6/26/2023,1,0,1196948.767,7,125.09,50.519,46.151,0,1.126000047,114.9499969,270769.3438,0.514999986,247.529007,96.67
CUST_D1ECB94B336AF3E8BB8D739FA6E9E544,PART_25F3874B96DA8E29F040CD54AC9B9893,6/27/2023,1,0,1204844.647,5,89.35,36.085,32.965,0,1.125,114.9800034,270788.0625,0.513999999,247.5579987,69.05
CUST_D1ECB94B336AF3E8BB8D739FA6E9E544,PART_25F3874B96DA8E29F040CD54AC9B9893,6/28/2023,1,0,1216505.967,4,71.48,28.868,26.372,0,1.125,115.0100021,270806.8125,0.513000011,247.5870056,55.24
CUST_D1ECB94B336AF3E8BB8D739FA6E9E544,PART_25F3874B96DA8E29F040CD54AC9B9893,6/29/2023,1,0,1227720.207,1,17.87,7.217,6.593,0,1.123999953,115.0400009,270825.5313,0.513000011,247.6159973,13.81
CUST_D1ECB94B336AF3E8BB8D739FA6E9E544,PART_25F3874B96DA8E29F040CD54AC9B9893,6/30/2023,1,0,1241222.127,6,107.22,43.302,39.558,0,1.123000026,115.0699997,270844.2813,0.512000024,247.6450043,82.86
CUST_D1ECB94B336AF3E8BB8D739FA6E9E544,PART_25F3874B96DA8E29F040CD54AC9B9893,7/3/2023,1,0,1246381.407,3,53.61,21.651,19.779,0,1.123000026,115.0289993,270887.9063,0.510999978,247.6750031,41.43
CUST_D1ECB94B336AF3E8BB8D739FA6E9E544,PART_25F3874B96DA8E29F040CD54AC9B9893,7/5/2023,1,0,1249114.517,4,71.48,28.868,26.372,0,1.125,114.9580002,270912.8125,0.510999978,247.6750031,55.24
CUST_D1ECB94B336AF3E8BB8D739FA6E9E544,PART_25F3874B96DA8E29F040CD54AC9B9893,7/6/2023,1,0,1261988.867,2,35.74,14.434,13.186,0,1.125,114.9229965,270925.25,0.510999978,247.6759949,27.62
CUST_D1ECB94B336AF3E8BB8D739FA6E9E544,PART_25F3874B96DA8E29F040CD54AC9B9893,7/7/2023,1,0,1277641.927,14,250.18,101.038,92.302,0,1.126000047,114.887001,270937.7188,0.512000024,247.6759949,193.34
CUST_D1ECB94B336AF3E8BB8D739FA6E9E544,PART_25F3874B96DA8E29F040CD54AC9B9893,7/10/2023,1,0,1283803.237,13,232.31,93.821,85.709,0,1.128000021,114.7809982,270975.0625,0.512000024,247.677002,179.53
CUST_D1ECB94B336AF3E8BB8D739FA6E9E544,PART_25F3874B96DA8E29F040CD54AC9B9893,7/11/2023,1,0,1289846.257,18,321.66,129.906,118.674,0,1.128999949,114.7450027,270987.5313,0.512000024,247.677002,248.58
CUST_D1ECB94B336AF3E8BB8D739FA6E9E544,PART_25F3874B96DA8E29F040CD54AC9B9893,7/12/2023,1,0,1298297.697,2,35.74,14.434,13.186,0,1.128999949,114.7099991,270999.9688,0.512000024,247.6779938,27.62
CUST_D1ECB94B336AF3E8BB8D739FA6E9E544,PART_25F3874B96DA8E29F040CD54AC9B9893,7/13/2023,1,0,1305903.937,6,107.22,43.302,39.558,0,1.129999995,114.6740036,271012.4063,0.512000024,247.6779938,82.86
CUST_D1ECB94B336AF3E8BB8D739FA6E9E544,PART_25F3874B96DA8E29F040CD54AC9B9893,7/14/2023,1,0,1310753.517,32,571.84,230.944,210.976,0,1.131000042,114.6389999,271024.875,0.512000024,247.6779938,441.92
CUST_D1ECB94B336AF3E8BB8D739FA6E9E544,PART_25F3874B96DA8E29F040CD54AC9B9893,7/17/2023,1,0,1321523.727,15,268.05,108.255,98.895,0,1.133000016,114.5319977,271062.2188,0.513000011,247.6790009,207.15
CUST_D1ECB94B336AF3E8BB8D739FA6E9E544,PART_25F3874B96DA8E29F040CD54AC9B9893,7/18/2023,1,0,1329306.577,6,107.22,43.302,39.558,0,1.133999944,114.4970016,271074.6875,0.513000011,247.6790009,82.86
CUST_D1ECB94B336AF3E8BB8D739FA6E9E544,PART_25F3874B96DA8E29F040CD54AC9B9893,7/19/2023,1,0,1334127.967,2,35.74,14.434,13.186,0,1.133999944,114.4609985,271087.125,0.513000011,247.6799927,27.62
CUST_D1ECB94B336AF3E8BB8D739FA6E9E544,PART_25F3874B96DA8E29F040CD54AC9B9893,7/20/2023,1,0,1344721.877,9,160.83,64.953,59.337,0,1.13499999,114.4260025,271099.5938,0.513000011,247.6799927,124.29
CUST_D1ECB94B336AF3E8BB8D739FA6E9E544,PART_25F3874B96DA8E29F040CD54AC9B9893,7/24/2023,1,0,1370201.827,6,107.22,43.302,39.558,0,1.138000011,114.2839966,271149.375,0.513000011,247.6809998,82.86
CUST_D1ECB94B336AF3E8BB8D739FA6E9E544,PART_25F3874B96DA8E29F040CD54AC9B9893,7/25/2023,1,0,1381083.207,10,178.7,72.17,65.93,0,1.138000011,114.2480011,271161.8438,0.513000011,247.6820068,138.1
CUST_D1ECB94B336AF3E8BB8D739FA6E9E544,PART_25F3874B96DA8E29F040CD54AC9B9893,7/27/2023,1,0,1400944.057,21,375.27,151.557,138.453,0,1.139999986,114.177002,271186.75,0.513999999,247.6820068,290.01
CUST_D1ECB94B336AF3E8BB8D739FA6E9E544,PART_25F3874B96DA8E29F040CD54AC9B9893,7/31/2023,1,0,1413592.247,6,107.22,43.302,39.558,0,1.14199996,114.0350037,271236.5625,0.513999999,247.6840057,82.86
CUST_D1ECB94B336AF3E8BB8D739FA6E9E544,PART_25F3874B96DA8E29F040CD54AC9B9893,8/1/2023,1,0,1422592.227,3,53.61,21.651,19.779,0,1.143000007,114,271249,0.513999999,247.6840057,41.43
CUST_D1ECB94B336AF3E8BB8D739FA6E9E544,PART_25F3874B96DA8E29F040CD54AC9B9893,8/2/2023,1,0,1436709.337,8,142.96,57.736,52.744,0,1.144000053,114.0029984,271201.3125,0.513999999,247.697998,110.48
CUST_D1ECB94B336AF3E8BB8D739FA6E9E544,PART_25F3874B96DA8E29F040CD54AC9B9893,8/3/2023,1,0,1443244.987,5,89.35,36.085,32.965,0,1.144000053,114.0059967,271153.6563,0.513999999,247.7120056,69.05
CUST_D1ECB94B336AF3E8BB8D739FA6E9E544,PART_25F3874B96DA8E29F040CD54AC9B9893,8/4/2023,1,0,1447978.717,19,339.53,137.123,125.267,0,1.144999981,114.0100021,271105.9688,0.513000011,247.7259979,262.39
CUST_D1ECB94B336AF3E8BB8D739FA6E9E544,PART_25F3874B96DA8E29F040CD54AC9B9893,8/8/2023,1,0,1467399.717,10,178.7,72.17,65.93,0,1.148000002,114.0230026,270915.25,0.512000024,247.7819977,138.1
CUST_D1ECB94B336AF3E8BB8D739FA6E9E544,PART_25F3874B96DA8E29F040CD54AC9B9893,8/9/2023,1,0,1475631.877,10,178.7,72.17,65.93,0,1.148000002,114.026001,270867.5938,0.512000024,247.7969971,138.1
CUST_D1ECB94B336AF3E8BB8D739FA6E9E544,PART_25F3874B96DA8E29F040CD54AC9B9893,8/11/2023,1,0,1487343.577,10,178.7,72.17,65.93,0,1.149000049,114.0319977,270772.2188,0.512000024,247.8249969,138.1
CUST_D1ECB94B336AF3E8BB8D739FA6E9E544,PART_25F3874B96DA8E29F040CD54AC9B9893,8/14/2023,1,0,1492204.727,7,125.09,50.519,46.151,0,1.151000023,114.0419998,270629.1875,0.510999978,247.8670044,96.67
CUST_D1ECB94B336AF3E8BB8D739FA6E9E544,PART_25F3874B96DA8E29F040CD54AC9B9893,8/16/2023,1,0,1506202.287,1,17.87,7.217,6.593,0,1.152999997,114.0479965,270533.8438,0.510999978,247.8950043,13.81
CUST_D1ECB94B336AF3E8BB8D739FA6E9E544,PART_25F3874B96DA8E29F040CD54AC9B9893,8/17/2023,1,0,1515484.967,2,35.74,14.434,13.186,0,1.152999997,114.052002,270486.1563,0.50999999,247.9089966,27.62
CUST_D1ECB94B336AF3E8BB8D739FA6E9E544,PART_25F3874B96DA8E29F040CD54AC9B9893,8/18/2023,1,0,1523770.077,36,643.32,259.812,237.348,0,1.154000044,114.0550003,270438.4688,0.50999999,247.9230042,497.16
CUST_D1ECB94B336AF3E8BB8D739FA6E9E544,PART_25F3874B96DA8E29F040CD54AC9B9893,8/21/2023,1,0,1530176.677,22,393.14,158.774,145.046,0,1.156000018,114.0650024,270295.4375,0.509000003,247.9649963,303.82
CUST_D1ECB94B336AF3E8BB8D739FA6E9E544,PART_25F3874B96DA8E29F040CD54AC9B9893,8/22/2023,1,0,1539862.097,8,142.96,57.736,52.744,0,1.156999946,114.0680008,270247.7813,0.509000003,247.9790039,110.48
CUST_D1ECB94B336AF3E8BB8D739FA6E9E544,PART_25F3874B96DA8E29F040CD54AC9B9893,8/23/2023,1,0,1546580.427,12,214.44,86.604,79.116,0,1.156999946,114.0709991,270200.0938,0.509000003,247.9929962,165.72
CUST_D1ECB94B336AF3E8BB8D739FA6E9E544,PART_25F3874B96DA8E29F040CD54AC9B9893,8/28/2023,1,0,1568736.097,24,428.88,173.208,158.232,0,1.159999967,114.086998,269961.7188,0.508000016,248.0639954,331.44
CUST_D1ECB94B336AF3E8BB8D739FA6E9E544,PART_25F3874B96DA8E29F040CD54AC9B9893,8/30/2023,1,0,1581783.617,3,53.61,21.651,19.779,0,1.161999941,114.0940018,269866.3438,0.507000029,248.0919952,41.43
CUST_D1ECB94B336AF3E8BB8D739FA6E9E544,PART_25F3874B96DA8E29F040CD54AC9B9893,8/31/2023,1,0,1591713.167,0,0,0,0,0,1.161999941,114.0970001,269818.6875,0.507000029,248.1060028,0
CUST_D1ECB94B336AF3E8BB8D739FA6E9E544,PART_25F3874B96DA8E29F040CD54AC9B9893,9/1/2023,1,0,1602339.657,12,214.44,86.604,79.116,0,1.162999988,114.0999985,269771,0.507000029,248.1199951,165.72
CUST_D1ECB94B336AF3E8BB8D739FA6E9E544,PART_25F3874B96DA8E29F040CD54AC9B9893,9/5/2023,1,0,1605384.477,13,232.31,93.821,85.709,0,1.156000018,114.1269989,269639.2813,0.501999974,248.128006,179.53
CUST_D1ECB94B336AF3E8BB8D739FA6E9E544,PART_25F3874B96DA8E29F040CD54AC9B9893,9/6/2023,1,0,1616444.487,2,35.74,14.434,13.186,0,1.154000044,114.1330032,269606.3438,0.500999987,248.1300049,27.62
CUST_D1ECB94B336AF3E8BB8D739FA6E9E544,PART_25F3874B96DA8E29F040CD54AC9B9893,9/7/2023,1,0,1627413.337,1,17.87,7.217,6.593,0,1.15199995,114.1399994,269573.4063,0.499000013,248.1320038,13.81
CUST_D1ECB94B336AF3E8BB8D739FA6E9E544,PART_25F3874B96DA8E29F040CD54AC9B9893,9/8/2023,1,0,1638394.857,1,17.87,7.217,6.593,0,1.149999976,114.1470032,269540.4688,0.497999996,248.1340027,13.81
CUST_D1ECB94B336AF3E8BB8D739FA6E9E544,PART_25F3874B96DA8E29F040CD54AC9B9893,9/11/2023,1,0,1648226.067,2,35.74,14.434,13.186,0,1.144999981,114.1669998,269441.6563,0.493999988,248.1390076,27.62
CUST_D1ECB94B336AF3E8BB8D739FA6E9E544,PART_25F3874B96DA8E29F040CD54AC9B9893,9/12/2023,1,0,1654487.327,7,125.09,50.519,46.151,0,1.143000007,114.1729965,269408.7188,0.493000001,248.1410065,96.67
CUST_D1ECB94B336AF3E8BB8D739FA6E9E544,PART_25F3874B96DA8E29F040CD54AC9B9893,9/13/2023,1,0,1663762.557,1,17.87,7.217,6.593,0,1.141000032,114.1800003,269375.8125,0.492000014,248.1430054,13.81
CUST_D1ECB94B336AF3E8BB8D739FA6E9E544,PART_25F3874B96DA8E29F040CD54AC9B9893,9/14/2023,1,0,1669754.287,1,17.87,7.217,6.593,0,1.139000058,114.1869965,269342.875,0.490999997,248.1450043,13.81
CUST_D1ECB94B336AF3E8BB8D739FA6E9E544,PART_25F3874B96DA8E29F040CD54AC9B9893,9/15/2023,1,0,1673311.067,16,285.92,115.472,105.488,0,1.136999965,114.1930008,269309.9375,0.488999993,248.1470032,220.96
CUST_D1ECB94B336AF3E8BB8D739FA6E9E544,PART_25F3874B96DA8E29F040CD54AC9B9893,9/18/2023,1,0,1677644.187,2,35.74,14.434,13.186,0,1.131999969,114.2129974,269211.125,0.485000014,248.1529999,27.62
CUST_D1ECB94B336AF3E8BB8D739FA6E9E544,PART_25F3874B96DA8E29F040CD54AC9B9893,9/19/2023,1,0,1685851.437,17,303.79,122.689,112.081,0,1.129999995,114.2200012,269178.1875,0.483999997,248.1549988,234.77
CUST_D1ECB94B336AF3E8BB8D739FA6E9E544,PART_25F3874B96DA8E29F040CD54AC9B9893,9/20/2023,1,0,1690220.677,7,125.09,50.519,46.151,0,1.128000021,114.2269974,269145.2813,0.48300001,248.1569977,96.67
CUST_D1ECB94B336AF3E8BB8D739FA6E9E544,PART_25F3874B96DA8E29F040CD54AC9B9893,9/21/2023,1,0,1699783.787,20,357.4,144.34,131.86,0,1.126000047,114.2330017,269112.3438,0.481999993,248.1589966,276.2
CUST_D1ECB94B336AF3E8BB8D739FA6E9E544,PART_25F3874B96DA8E29F040CD54AC9B9893,9/22/2023,1,0,1706386.017,29,518.23,209.293,191.197,0,1.125,114.2399979,269079.4063,0.479999989,248.1609955,400.49
CUST_D1ECB94B336AF3E8BB8D739FA6E9E544,PART_25F3874B96DA8E29F040CD54AC9B9893,9/25/2023,1,0,1716259.857,13,232.31,93.821,85.709,0,1.118999958,114.2600021,268980.5938,0.476999998,248.1660004,179.53
CUST_D1ECB94B336AF3E8BB8D739FA6E9E544,PART_25F3874B96DA8E29F040CD54AC9B9893,9/26/2023,1,0,1723939.247,23,411.01,165.991,151.639,0,1.116999984,114.2669983,268947.6563,0.474999994,248.1679993,317.63
CUST_D1ECB94B336AF3E8BB8D739FA6E9E544,PART_25F3874B96DA8E29F040CD54AC9B9893,9/27/2023,1,0,1732093.417,4,71.48,28.868,26.372,0,1.11500001,114.2730026,268914.7188,0.474000007,248.1699982,55.24
CUST_D1ECB94B336AF3E8BB8D739FA6E9E544,PART_25F3874B96DA8E29F040CD54AC9B9893,9/28/2023,1,0,1740802.717,5,89.35,36.085,32.965,0,1.113999963,114.2799988,268881.8125,0.47299999,248.1719971,69.05
CUST_D1ECB94B336AF3E8BB8D739FA6E9E544,PART_25F3874B96DA8E29F040CD54AC9B9893,9/29/2023,1,0,1747996.937,2,35.74,14.434,13.186,0,1.111999989,114.2870026,268848.875,0.472000003,248.173996,27.62
CUST_D1ECB94B336AF3E8BB8D739FA6E9E544,PART_25F3874B96DA8E29F040CD54AC9B9893,10/2/2023,1,0,1757063.597,8,142.96,57.736,52.744,0,1.10800004,114.2809982,268843.4375,0.469000012,248.1809998,110.48
CUST_D1ECB94B336AF3E8BB8D739FA6E9E544,PART_25F3874B96DA8E29F040CD54AC9B9893,10/4/2023,1,0,1769163.627,3,53.61,21.651,19.779,0,1.106999993,114.2419968,268964.3438,0.469000012,248.1880035,41.43
CUST_D1ECB94B336AF3E8BB8D739FA6E9E544,PART_25F3874B96DA8E29F040CD54AC9B9893,10/5/2023,1,0,1773221.927,14,250.18,101.038,92.302,0,1.105999947,114.2229996,269024.8125,0.469999999,248.1920013,193.34
CUST_D1ECB94B336AF3E8BB8D739FA6E9E544,PART_25F3874B96DA8E29F040CD54AC9B9893,10/9/2023,1,0,1789380.737,10,178.7,72.17,65.93,0,1.103999972,114.1449966,269266.625,0.469999999,248.2050018,138.1
CUST_D1ECB94B336AF3E8BB8D739FA6E9E544,PART_25F3874B96DA8E29F040CD54AC9B9893,10/11/2023,1,0,1796738.267,1,17.87,7.217,6.593,0,1.103000045,114.1060028,269387.5313,0.470999986,248.2120056,13.81
CUST_D1ECB94B336AF3E8BB8D739FA6E9E544,PART_25F3874B96DA8E29F040CD54AC9B9893,10/13/2023,1,0,1804573.907,3,53.61,21.651,19.779,0,1.103000045,114.0680008,269508.4063,0.470999986,248.2189941,41.43
CUST_D1ECB94B336AF3E8BB8D739FA6E9E544,PART_25F3874B96DA8E29F040CD54AC9B9893,10/16/2023,1,0,1810083.737,15,268.05,108.255,98.895,0,1.100999951,114.0100021,269689.7813,0.470999986,248.2290039,207.15
CUST_D1ECB94B336AF3E8BB8D739FA6E9E544,PART_25F3874B96DA8E29F040CD54AC9B9893,10/17/2023,1,0,1817676.517,1,17.87,7.217,6.593,0,1.100999951,113.9899979,269750.2188,0.472000003,248.2319946,13.81
CUST_D1ECB94B336AF3E8BB8D739FA6E9E544,PART_25F3874B96DA8E29F040CD54AC9B9893,10/18/2023,1,0,1823087.637,4,71.48,28.868,26.372,0,1.100000024,113.9710007,269810.6875,0.472000003,248.2359924,55.24
CUST_D1ECB94B336AF3E8BB8D739FA6E9E544,PART_25F3874B96DA8E29F040CD54AC9B9893,10/19/2023,1,0,1827855.107,7,125.09,50.519,46.151,0,1.100000024,113.9520035,269871.125,0.472000003,248.2389984,96.67
CUST_D1ECB94B336AF3E8BB8D739FA6E9E544,PART_25F3874B96DA8E29F040CD54AC9B9893,10/23/2023,1,0,1838176.897,10,178.7,72.17,65.93,0,1.09800005,113.8740005,270112.9375,0.47299999,248.253006,138.1
CUST_D1ECB94B336AF3E8BB8D739FA6E9E544,PART_25F3874B96DA8E29F040CD54AC9B9893,10/24/2023,1,0,1843645.977,5,89.35,36.085,32.965,0,1.09800005,113.8550034,270173.375,0.47299999,248.2559967,69.05
CUST_D1ECB94B336AF3E8BB8D739FA6E9E544,PART_25F3874B96DA8E29F040CD54AC9B9893,10/25/2023,1,0,1850341.487,5,89.35,36.085,32.965,0,1.097000003,113.8349991,270233.8438,0.47299999,248.2590027,69.05
CUST_D1ECB94B336AF3E8BB8D739FA6E9E544,PART_25F3874B96DA8E29F040CD54AC9B9893,10/26/2023,1,0,1854097.367,2,35.74,14.434,13.186,0,1.097000003,113.8160019,270294.2813,0.47299999,248.2630005,27.62
CUST_D1ECB94B336AF3E8BB8D739FA6E9E544,PART_25F3874B96DA8E29F040CD54AC9B9893,10/27/2023,1,0,1865028.677,26,464.62,187.642,171.418,0,1.095999956,113.7969971,270354.75,0.47299999,248.2660065,359.06
CUST_D1ECB94B336AF3E8BB8D739FA6E9E544,PART_25F3874B96DA8E29F040CD54AC9B9893,10/30/2023,1,0,1872447.267,4,71.48,28.868,26.372,0,1.095000029,113.7389984,270536.0938,0.474000007,248.276001,55.24
CUST_D1ECB94B336AF3E8BB8D739FA6E9E544,PART_25F3874B96DA8E29F040CD54AC9B9893,10/31/2023,1,0,1880285.967,10,178.7,72.17,65.93,0,1.093999982,113.7190018,270596.5625,0.474000007,248.2799988,138.1
CUST_D1ECB94B336AF3E8BB8D739FA6E9E544,PART_25F3874B96DA8E29F040CD54AC9B9893,11/1/2023,1,0,1887930.107,12,214.44,86.604,79.116,0,1.093999982,113.6999969,270657,0.474000007,248.2830048,165.72
CUST_D1ECB94B336AF3E8BB8D739FA6E9E544,PART_25F3874B96DA8E29F040CD54AC9B9893,11/2/2023,1,0,1901307.517,2,35.74,14.434,13.186,0,1.093000054,113.7770004,270650.8125,0.474000007,248.2870026,27.62
CUST_D1ECB94B336AF3E8BB8D739FA6E9E544,PART_25F3874B96DA8E29F040CD54AC9B9893,11/3/2023,1,0,1906367.287,2,35.74,14.434,13.186,0,1.093000054,113.8529968,270644.5938,0.474999994,248.2920074,27.62
CUST_D1ECB94B336AF3E8BB8D739FA6E9E544,PART_25F3874B96DA8E29F040CD54AC9B9893,11/6/2023,1,0,1911888.917,7,125.09,50.519,46.151,0,1.090999961,114.0830002,270626,0.476000011,248.3049927,96.67
CUST_D1ECB94B336AF3E8BB8D739FA6E9E544,PART_25F3874B96DA8E29F040CD54AC9B9893,11/7/2023,1,0,1918694.587,4,71.48,28.868,26.372,0,1.090999961,114.1600037,270619.8125,0.476999998,248.3090057,55.24
CUST_D1ECB94B336AF3E8BB8D739FA6E9E544,PART_25F3874B96DA8E29F040CD54AC9B9893,11/8/2023,1,0,1924669.167,5,89.35,36.085,32.965,0,1.090000033,114.2369995,270613.5938,0.476999998,248.3130035,69.05
CUST_D1ECB94B336AF3E8BB8D739FA6E9E544,PART_25F3874B96DA8E29F040CD54AC9B9893,11/9/2023,1,0,1929306.457,6,107.22,43.302,39.558,0,1.088999987,114.3130035,270607.4063,0.476999998,248.3179932,82.86
CUST_D1ECB94B336AF3E8BB8D739FA6E9E544,PART_25F3874B96DA8E29F040CD54AC9B9893,11/10/2023,1,0,1943489.487,8,142.96,57.736,52.744,0,1.088999987,114.3899994,270601.1875,0.477999985,248.3220062,110.48
CUST_D1ECB94B336AF3E8BB8D739FA6E9E544,PART_25F3874B96DA8E29F040CD54AC9B9893,11/13/2023,1,0,1948795.287,2,35.74,14.434,13.186,0,1.087000012,114.6200027,270582.5938,0.479000002,248.3350067,27.62
CUST_D1ECB94B336AF3E8BB8D739FA6E9E544,PART_25F3874B96DA8E29F040CD54AC9B9893,11/15/2023,1,0,1964378.597,15,268.05,108.255,98.895,0,1.085999966,114.7730026,270570.1875,0.479999989,248.3439941,207.15
CUST_D1ECB94B336AF3E8BB8D739FA6E9E544,PART_25F3874B96DA8E29F040CD54AC9B9893,11/16/2023,1,0,1971784.557,3,53.61,21.651,19.779,0,1.085999966,114.8499985,270564,0.481000006,248.3480072,41.43
CUST_D1ECB94B336AF3E8BB8D739FA6E9E544,PART_25F3874B96DA8E29F040CD54AC9B9893,11/22/2023,1,0,1997826.767,6,107.22,43.302,39.558,0,1.082000017,115.3099976,270526.8125,0.48300001,248.3739929,82.86
CUST_D1ECB94B336AF3E8BB8D739FA6E9E544,PART_25F3874B96DA8E29F040CD54AC9B9893,11/27/2023,1,0,2008239.587,3,53.61,21.651,19.779,0,1.078999996,115.6930008,270495.8125,0.485000014,248.3959961,41.43
CUST_D1ECB94B336AF3E8BB8D739FA6E9E544,PART_25F3874B96DA8E29F040CD54AC9B9893,11/28/2023,1,0,2013868.207,6,107.22,43.302,39.558,0,1.078999996,115.7699966,270489.5938,0.486000001,248.3999939,82.86
CUST_D1ECB94B336AF3E8BB8D739FA6E9E544,PART_25F3874B96DA8E29F040CD54AC9B9893,11/29/2023,1,0,2017553.167,5,89.35,36.085,32.965,0,1.077999949,115.8470001,270483.4063,0.486000001,248.404007,69.05
CUST_D1ECB94B336AF3E8BB8D739FA6E9E544,PART_25F3874B96DA8E29F040CD54AC9B9893,11/30/2023,1,0,2025200.807,2,35.74,14.434,13.186,0,1.077999949,115.9229965,270477.1875,0.486999989,248.4089966,27.62
CUST_D1ECB94B336AF3E8BB8D739FA6E9E544,PART_25F3874B96DA8E29F040CD54AC9B9893,12/1/2023,1,0,2030634.637,7,125.09,50.519,46.151,0,1.077000022,116,270471,0.486999989,248.4129944,96.67
CUST_D1ECB94B336AF3E8BB8D739FA6E9E544,PART_25F3874B96DA8E29F040CD54AC9B9893,12/4/2023,1,0,2037912.127,5,89.35,36.085,32.965,0,1.072999954,115.5739975,270688.3438,0.488000005,248.5549927,69.05
CUST_D1ECB94B336AF3E8BB8D739FA6E9E544,PART_25F3874B96DA8E29F040CD54AC9B9893,12/5/2023,1,0,2044754.987,6,107.22,43.302,39.558,0,1.072000027,115.4319992,270760.8125,0.488000005,248.602005,82.86
CUST_D1ECB94B336AF3E8BB8D739FA6E9E544,PART_25F3874B96DA8E29F040CD54AC9B9893,12/6/2023,1,0,2050409.887,35,625.45,252.595,230.755,0,1.07099998,115.2900009,270833.25,0.488000005,248.6490021,483.35
CUST_D1ECB94B336AF3E8BB8D739FA6E9E544,PART_25F3874B96DA8E29F040CD54AC9B9893,12/7/2023,1,0,2054717.717,4,71.48,28.868,26.372,0,1.070000052,115.1480026,270905.7188,0.488000005,248.6959991,55.24
CUST_D1ECB94B336AF3E8BB8D739FA6E9E544,PART_25F3874B96DA8E29F040CD54AC9B9893,12/8/2023,1,0,2060551.577,1,17.87,7.217,6.593,0,1.067999959,115.0059967,270978.1563,0.488000005,248.7429962,13.81
CUST_D1ECB94B336AF3E8BB8D739FA6E9E544,PART_25F3874B96DA8E29F040CD54AC9B9893,12/11/2023,1,0,2064763.617,5,89.35,36.085,32.965,0,1.065000057,114.5810013,271195.5313,0.488999993,248.8849945,69.05
CUST_D1ECB94B336AF3E8BB8D739FA6E9E544,PART_25F3874B96DA8E29F040CD54AC9B9893,12/12/2023,1,0,2069882.927,3,53.61,21.651,19.779,0,1.06400001,114.439003,271267.9688,0.488999993,248.9320068,41.43
CUST_D1ECB94B336AF3E8BB8D739FA6E9E544,PART_25F3874B96DA8E29F040CD54AC9B9893,12/13/2023,1,0,2073292.447,-3,-53.61,-21.651,-19.779,0,1.062000036,114.2969971,271340.4063,0.488999993,248.9790039,-41.43
CUST_D1ECB94B336AF3E8BB8D739FA6E9E544,PART_25F3874B96DA8E29F040CD54AC9B9893,12/14/2023,1,0,2079158.797,1,17.87,7.217,6.593,0,1.06099999,114.1549988,271412.875,0.49000001,249.0269928,13.81
CUST_D1ECB94B336AF3E8BB8D739FA6E9E544,PART_25F3874B96DA8E29F040CD54AC9B9893,12/15/2023,1,0,2089111.537,7,125.09,50.519,46.151,0,1.059999943,114.0130005,271485.3125,0.49000001,249.0740051,96.67
CUST_D1ECB94B336AF3E8BB8D739FA6E9E544,PART_25F3874B96DA8E29F040CD54AC9B9893,12/18/2023,1,0,2092840.877,5,89.35,36.085,32.965,0,1.055999994,113.586998,271702.6875,0.49000001,249.2149963,69.05
CUST_D1ECB94B336AF3E8BB8D739FA6E9E544,PART_25F3874B96DA8E29F040CD54AC9B9893,12/19/2023,1,0,2100276.787,11,196.57,79.387,72.523,0,1.054999948,113.4449997,271775.125,0.49000001,249.2619934,151.91
CUST_D1ECB94B336AF3E8BB8D739FA6E9E544,PART_25F3874B96DA8E29F040CD54AC9B9893,12/20/2023,1,0,2107486.187,1,17.87,7.217,6.593,0,1.05400002,113.3030014,271847.5938,0.490999997,249.3099976,13.81
CUST_D1ECB94B336AF3E8BB8D739FA6E9E544,PART_25F3874B96DA8E29F040CD54AC9B9893,12/22/2023,1,0,2118465.487,8,142.96,57.736,52.744,0,1.050999999,113.0189972,271992.4688,0.490999997,249.404007,110.48
CUST_D1ECB94B336AF3E8BB8D739FA6E9E544,PART_25F3874B96DA8E29F040CD54AC9B9893,12/26/2023,1,0,2124501.927,10,178.7,72.17,65.93,0,1.046000004,112.4520035,272282.2813,0.492000014,249.5930023,138.1
CUST_D1ECB94B336AF3E8BB8D739FA6E9E544,PART_25F3874B96DA8E29F040CD54AC9B9893,12/27/2023,1,0,2129147.417,1,17.87,7.217,6.593,0,1.044999957,112.3099976,272354.75,0.492000014,249.6399994,13.81
CUST_D1ECB94B336AF3E8BB8D739FA6E9E544,PART_25F3874B96DA8E29F040CD54AC9B9893,12/29/2023,1,0,2140677.987,1,17.87,7.217,6.593,0,1.042999983,112.026001,272499.6563,0.492000014,249.7339935,13.81
CUST_D1ECB94B336AF3E8BB8D739FA6E9E544,PART_25F3874B96DA8E29F040CD54AC9B9893,1/2/2024,1,0,2139569.027,14,250.18,101.038,92.302,0,1.041000009,111.677002,272873.1875,0.493000001,249.8769989,193.34
CUST_D1ECB94B336AF3E8BB8D739FA6E9E544,PART_25F3874B96DA8E29F040CD54AC9B9893,1/4/2024,1,0,2146750.197,7,125.09,50.519,46.151,0,1.046000004,111.8320007,273185.5938,0.493000001,249.878006,96.67
CUST_D1ECB94B336AF3E8BB8D739FA6E9E544,PART_25F3874B96DA8E29F040CD54AC9B9893,1/5/2024,1,0,2141247.107,14,250.18,101.038,92.302,0,1.049000025,111.9100037,273341.7813,0.493000001,249.878006,193.34
CUST_D1ECB94B336AF3E8BB8D739FA6E9E544,PART_25F3874B96DA8E29F040CD54AC9B9893,1/8/2024,1,0,2136796.997,4,71.48,28.868,26.372,0,1.055999994,112.1419983,273810.3438,0.493999988,249.8800049,55.24
CUST_D1ECB94B336AF3E8BB8D739FA6E9E544,PART_25F3874B96DA8E29F040CD54AC9B9893,1/9/2024,1,0,2139992.727,5,89.35,36.085,32.965,0,1.059000015,112.2190018,273966.5625,0.493999988,249.8809967,69.05
CUST_D1ECB94B336AF3E8BB8D739FA6E9E544,PART_25F3874B96DA8E29F040CD54AC9B9893,1/10/2024,1,0,2134782.537,2,35.74,14.434,13.186,0,1.06099999,112.2969971,274122.75,0.493999988,249.8809967,27.62
CUST_D1ECB94B336AF3E8BB8D739FA6E9E544,PART_25F3874B96DA8E29F040CD54AC9B9893,1/11/2024,1,0,2130951.297,2,35.74,14.434,13.186,0,1.06400001,112.3740005,274278.9375,0.493999988,249.8820038,27.62
CUST_D1ECB94B336AF3E8BB8D739FA6E9E544,PART_25F3874B96DA8E29F040CD54AC9B9893,1/15/2024,1,0,2098044.297,6,107.22,43.302,39.558,0,1.072999954,112.6839981,274903.7188,0.493999988,249.8840027,82.86
CUST_D1ECB94B336AF3E8BB8D739FA6E9E544,PART_25F3874B96DA8E29F040CD54AC9B9893,1/16/2024,1,0,2103329.457,7,125.09,50.519,46.151,0,1.075999975,112.7610016,275059.9063,0.493999988,249.8849945,96.67
CUST_D1ECB94B336AF3E8BB8D739FA6E9E544,PART_25F3874B96DA8E29F040CD54AC9B9893,1/18/2024,1,0,2098651.477,5,89.35,36.085,32.965,0,1.08099997,112.9160004,275372.2813,0.495000005,249.8860016,69.05
CUST_D1ECB94B336AF3E8BB8D739FA6E9E544,PART_25F3874B96DA8E29F040CD54AC9B9893,1/19/2024,1,0,2080192.197,5,89.35,36.085,32.965,0,1.082999945,112.9940033,275528.4688,0.495000005,249.8860016,69.05
CUST_D1ECB94B336AF3E8BB8D739FA6E9E544,PART_25F3874B96DA8E29F040CD54AC9B9893,1/22/2024,1,0,2067394.187,2,35.74,14.434,13.186,0,1.090000033,113.2259979,275997.0625,0.495000005,249.8880005,27.62
CUST_D1ECB94B336AF3E8BB8D739FA6E9E544,PART_25F3874B96DA8E29F040CD54AC9B9893,1/23/2024,1,0,2071662.967,5,89.35,36.085,32.965,0,1.093000054,113.3030014,276153.25,0.495000005,249.8890076,69.05
CUST_D1ECB94B336AF3E8BB8D739FA6E9E544,PART_25F3874B96DA8E29F040CD54AC9B9893,1/25/2024,1,0,2076728.757,6,107.22,43.302,39.558,0,1.09800005,113.4580002,276465.6563,0.495000005,249.8899994,82.86
CUST_D1ECB94B336AF3E8BB8D739FA6E9E544,PART_25F3874B96DA8E29F040CD54AC9B9893,1/30/2024,1,0,2069052.447,8,142.88,57.736,52.744,0,1.110000014,113.8450012,277246.625,0.495999992,249.8930054,110.48
CUST_D1ECB94B336AF3E8BB8D739FA6E9E544,PART_25F3874B96DA8E29F040CD54AC9B9893,1/31/2024,1,0,2066381.717,7,125.04,50.519,46.151,0,1.113000035,113.9229965,277402.8125,0.495999992,249.8930054,96.67
CUST_D1ECB94B336AF3E8BB8D739FA6E9E544,PART_25F3874B96DA8E29F040CD54AC9B9893,2/1/2024,1,0,2066571.597,3,53.58,21.651,19.779,0,1.11500001,114,277559,0.495999992,249.8939972,41.43
CUST_D1ECB94B336AF3E8BB8D739FA6E9E544,PART_25F3874B96DA8E29F040CD54AC9B9893,2/5/2024,1,0,2049715.697,1,17.86,7.217,6.593,0,1.11500001,113.8759995,276990.4375,0.493999988,249.8990021,13.81
CUST_D1ECB94B336AF3E8BB8D739FA6E9E544,PART_25F3874B96DA8E29F040CD54AC9B9893,2/6/2024,1,0,2053899.687,1,17.86,7.217,6.593,0,1.11500001,113.8450012,276848.3125,0.493999988,249.8999939,13.81
CUST_D1ECB94B336AF3E8BB8D739FA6E9E544,PART_25F3874B96DA8E29F040CD54AC9B9893,2/7/2024,1,0,2054859.317,9,160.74,64.953,59.337,0,1.11500001,113.814003,276706.1875,0.493000001,249.901001,124.29
CUST_D1ECB94B336AF3E8BB8D739FA6E9E544,PART_25F3874B96DA8E29F040CD54AC9B9893,2/8/2024,1,0,2052519.297,2,35.72,14.434,13.186,0,1.11500001,113.7829971,276564.0313,0.493000001,249.9019928,27.62
CUST_D1ECB94B336AF3E8BB8D739FA6E9E544,PART_25F3874B96DA8E29F040CD54AC9B9893,2/12/2024,1,0,2038467.9,10,178.6,72.17,65.93,0,1.113999963,113.6589966,275995.4688,0.490999997,249.9069977,138.1
CUST_D1ECB94B336AF3E8BB8D739FA6E9E544,PART_25F3874B96DA8E29F040CD54AC9B9893,2/13/2024,1,0,2043429.41,7,125.02,50.519,46.151,0,1.113999963,113.6279984,275853.3438,0.49000001,249.9080048,96.67
CUST_D1ECB94B336AF3E8BB8D739FA6E9E544,PART_25F3874B96DA8E29F040CD54AC9B9893,2/15/2024,1,0,2042120.26,8,142.88,57.736,52.744,0,1.113999963,113.5660019,275569.0625,0.488999993,249.9100037,110.48
CUST_D1ECB94B336AF3E8BB8D739FA6E9E544,PART_25F3874B96DA8E29F040CD54AC9B9893,2/19/2024,1,0,2032099.02,6,107.16,43.302,39.558,0,1.113999963,113.4410019,275000.5313,0.486999989,249.9149933,82.86
CUST_D1ECB94B336AF3E8BB8D739FA6E9E544,PART_25F3874B96DA8E29F040CD54AC9B9893,2/20/2024,1,0,2037830.9,1,17.87,7.217,6.593,0,1.113999963,113.4100037,274858.375,0.486999989,249.9160004,13.81
CUST_D1ECB94B336AF3E8BB8D739FA6E9E544,PART_25F3874B96DA8E29F040CD54AC9B9893,2/21/2024,1,0,2029907.52,4,71.44,28.868,26.372,0,1.113999963,113.3789978,274716.25,0.486000001,249.9170074,55.24
CUST_D1ECB94B336AF3E8BB8D739FA6E9E544,PART_25F3874B96DA8E29F040CD54AC9B9893,2/22/2024,1,0,2035321.66,5,89.3,36.085,32.965,0,1.113999963,113.3479996,274574.0938,0.486000001,249.9190063,69.05
CUST_D1ECB94B336AF3E8BB8D739FA6E9E544,PART_25F3874B96DA8E29F040CD54AC9B9893,2/23/2024,1,0,2023435.21,2,35.72,14.434,13.186,0,1.113000035,113.3170013,274431.9688,0.485000014,249.9199982,27.62
CUST_D1ECB94B336AF3E8BB8D739FA6E9E544,PART_25F3874B96DA8E29F040CD54AC9B9893,2/26/2024,1,0,2009984.84,8,142.88,57.736,52.744,0,1.113000035,113.223999,274005.5625,0.483999997,249.9230042,110.48
CUST_D1ECB94B336AF3E8BB8D739FA6E9E544,PART_25F3874B96DA8E29F040CD54AC9B9893,2/27/2024,1,0,2014871.1,6,107.16,43.302,39.558,0,1.113000035,113.1930008,273863.4063,0.48300001,249.923996,82.86
CUST_D1ECB94B336AF3E8BB8D739FA6E9E544,PART_25F3874B96DA8E29F040CD54AC9B9893,2/28/2024,1,0,2017351.57,1,17.86,7.217,6.593,0,1.113000035,113.1620026,273721.2813,0.48300001,249.9259949,13.81
CUST_D1ECB94B336AF3E8BB8D739FA6E9E544,PART_25F3874B96DA8E29F040CD54AC9B9893,3/1/2024,1,0,2012149.49,3,53.61,21.651,19.779,0,1.113000035,113.0999985,273437,0.481999993,249.9279938,41.43
CUST_D1ECB94B336AF3E8BB8D739FA6E9E544,PART_25F3874B96DA8E29F040CD54AC9B9893,3/4/2024,1,0,1991542.76,2,35.74,14.434,13.186,0,1.111999989,113.0999985,273533.875,0.481999993,249.9329987,27.62
CUST_D1ECB94B336AF3E8BB8D739FA6E9E544,PART_25F3874B96DA8E29F040CD54AC9B9893,3/5/2024,1,0,1995784.54,17,303.7,122.689,112.081,0,1.110999942,113.0999985,273566.1563,0.481999993,249.9349976,234.77
CUST_D1ECB94B336AF3E8BB8D739FA6E9E544,PART_25F3874B96DA8E29F040CD54AC9B9893,3/6/2024,1,0,1995947.65,12,214.32,86.604,79.116,0,1.110999942,113.0999985,273598.4375,0.481999993,249.9360046,165.72
CUST_D1ECB94B336AF3E8BB8D739FA6E9E544,PART_25F3874B96DA8E29F040CD54AC9B9893,3/7/2024,1,0,1999981.29,7,125.02,50.519,46.151,0,1.110000014,113.0999985,273630.75,0.481999993,249.9380035,96.67
CUST_D1ECB94B336AF3E8BB8D739FA6E9E544,PART_25F3874B96DA8E29F040CD54AC9B9893,3/11/2024,1,0,1983156.1,2,35.72,14.434,13.186,0,1.10800004,113.0999985,273759.9063,0.481000006,249.9450073,27.62
CUST_D1ECB94B336AF3E8BB8D739FA6E9E544,PART_25F3874B96DA8E29F040CD54AC9B9893,3/12/2024,1,0,2000030.45,3,53.58,21.651,19.779,0,1.10800004,113.0999985,273792.1875,0.481000006,249.9459991,41.43
CUST_D1ECB94B336AF3E8BB8D739FA6E9E544,PART_25F3874B96DA8E29F040CD54AC9B9893,3/13/2024,1,0,1993456.81,9,160.74,64.953,59.337,0,1.106999993,113.0999985,273824.4688,0.481000006,249.947998,124.29
CUST_D1ECB94B336AF3E8BB8D739FA6E9E544,PART_25F3874B96DA8E29F040CD54AC9B9893,3/14/2024,1,0,1990098.81,1,17.86,7.217,6.593,0,1.106999993,113.0999985,273856.7813,0.481000006,249.9499969,13.81
CUST_D1ECB94B336AF3E8BB8D739FA6E9E544,PART_25F3874B96DA8E29F040CD54AC9B9893,3/18/2024,1,0,1980824.78,8,142.88,57.736,52.744,0,1.105000019,113.0999985,273985.9375,0.481000006,249.9570007,110.48
CUST_D1ECB94B336AF3E8BB8D739FA6E9E544,PART_25F3874B96DA8E29F040CD54AC9B9893,3/20/2024,1,0,1982177.15,28,500.1,202.076,184.604,0,1.103999972,113.0999985,274050.5313,0.481000006,249.9600067,386.68
CUST_D1ECB94B336AF3E8BB8D739FA6E9E544,PART_25F3874B96DA8E29F040CD54AC9B9893,3/21/2024,1,0,1975516.51,3,53.58,21.651,19.779,0,1.103000045,113.0999985,274082.8125,0.481000006,249.9620056,41.43
CUST_D1ECB94B336AF3E8BB8D739FA6E9E544,PART_25F3874B96DA8E29F040CD54AC9B9893,3/22/2024,1,0,1963226.35,1,17.86,7.217,6.593,0,1.103000045,113.0999985,274115.0938,0.481000006,249.9629974,13.81
CUST_D1ECB94B336AF3E8BB8D739FA6E9E544,PART_25F3874B96DA8E29F040CD54AC9B9893,3/25/2024,1,0,1935814.21,2,35.72,14.434,13.186,0,1.100999951,113.0999985,274211.9688,0.479999989,249.9680023,27.62
CUST_D1ECB94B336AF3E8BB8D739FA6E9E544,PART_25F3874B96DA8E29F040CD54AC9B9893,3/26/2024,1,0,1936931.28,4,71.44,28.868,26.372,0,1.100999951,113.0999985,274244.25,0.479999989,249.9700012,55.24
CUST_D1ECB94B336AF3E8BB8D739FA6E9E544,PART_25F3874B96DA8E29F040CD54AC9B9893,3/27/2024,1,0,1937942.28,4,71.44,28.868,26.372,0,1.100000024,113.0999985,274276.5625,0.479999989,249.9720001,55.24
CUST_D1ECB94B336AF3E8BB8D739FA6E9E544,PART_25F3874B96DA8E29F040CD54AC9B9893,3/28/2024,1,0,1928955.65,4,71.44,28.868,26.372,0,1.100000024,113.0999985,274308.8438,0.479999989,249.9730072,55.24
CUST_D1ECB94B336AF3E8BB8D739FA6E9E544,PART_25F3874B96DA8E29F040CD54AC9B9893,3/29/2024,1,0,1930257.38,1,17.86,7.217,6.593,0,1.098999977,113.0999985,274341.125,0.479999989,249.9750061,13.81
CUST_D1ECB94B336AF3E8BB8D739FA6E9E544,PART_25F3874B96DA8E29F040CD54AC9B9893,4/3/2024,1,0,1912574.55,2,33.44,14.434,13.186,0,1.09800005,113.2200012,274442.5313,0.479999989,249.9420013,27.62
CUST_D1ECB94B336AF3E8BB8D739FA6E9E544,PART_25F3874B96DA8E29F040CD54AC9B9893,4/4/2024,1,0,1907767.99,6,100.32,43.302,39.558,0,1.09800005,113.2799988,274444.8125,0.479000002,249.9230042,82.86
CUST_D1ECB94B336AF3E8BB8D739FA6E9E544,PART_25F3874B96DA8E29F040CD54AC9B9893,4/5/2024,1,0,1902102.69,5,83.6,36.085,32.965,0,1.09800005,113.3399963,274447.0625,0.479000002,249.904007,69.05
CUST_D1ECB94B336AF3E8BB8D739FA6E9E544,PART_25F3874B96DA8E29F040CD54AC9B9893,4/8/2024,1,0,1885022.97,7,117.04,50.519,46.151,0,1.09800005,113.5199966,274453.875,0.477999985,249.8470001,96.67
CUST_D1ECB94B336AF3E8BB8D739FA6E9E544,PART_25F3874B96DA8E29F040CD54AC9B9893,4/10/2024,1,0,1881275.64,5,83.6,36.085,32.965,0,1.09800005,113.6399994,274458.4063,0.477999985,249.8099976,69.05
CUST_D1ECB94B336AF3E8BB8D739FA6E9E544,PART_25F3874B96DA8E29F040CD54AC9B9893,4/11/2024,1,0,1878765.35,4,66.88,28.868,26.372,0,1.09800005,113.6999969,274460.6563,0.477999985,249.7910004,55.24
CUST_D1ECB94B336AF3E8BB8D739FA6E9E544,PART_25F3874B96DA8E29F040CD54AC9B9893,4/12/2024,1,0,1873688.94,8,133.76,57.736,52.744,0,1.09800005,113.7600021,274462.9375,0.476999998,249.7720032,110.48
CUST_D1ECB94B336AF3E8BB8D739FA6E9E544,PART_25F3874B96DA8E29F040CD54AC9B9893,4/15/2024,1,0,1858838.69,1,16.72,7.217,6.593,0,1.09800005,113.9400024,274469.7188,0.476999998,249.7149963,13.81
CUST_D1ECB94B336AF3E8BB8D739FA6E9E544,PART_25F3874B96DA8E29F040CD54AC9B9893,4/17/2024,1,0,1865999.95,12,200.64,86.604,79.116,0,1.09800005,114.0599976,274474.2813,0.476000011,249.677002,165.72
CUST_D1ECB94B336AF3E8BB8D739FA6E9E544,PART_25F3874B96DA8E29F040CD54AC9B9893,4/18/2024,1,0,1876083.57,20,334.4,144.34,131.86,0,1.09800005,114.1200027,274476.5313,0.476000011,249.6580048,276.2
CUST_D1ECB94B336AF3E8BB8D739FA6E9E544,PART_25F3874B96DA8E29F040CD54AC9B9893,4/19/2024,1,0,1877623.07,4,66.88,28.868,26.372,0,1.09800005,114.1800003,274478.8125,0.476000011,249.6390076,55.24
CUST_D1ECB94B336AF3E8BB8D739FA6E9E544,PART_25F3874B96DA8E29F040CD54AC9B9893,4/22/2024,1,0,1864073.79,3,50.16,21.651,19.779,0,1.09800005,114.3600006,274485.5938,0.474999994,249.5820007,41.43
CUST_D1ECB94B336AF3E8BB8D739FA6E9E544,PART_25F3874B96DA8E29F040CD54AC9B9893,4/23/2024,1,0,1872552.57,2,33.44,14.434,13.186,0,1.09800005,114.4199982,274487.875,0.474999994,249.5630035,27.62
CUST_D1ECB94B336AF3E8BB8D739FA6E9E544,PART_25F3874B96DA8E29F040CD54AC9B9893,4/24/2024,1,0,1870989.5,13,217.36,93.821,85.709,0,1.09800005,114.4800034,274490.125,0.474999994,249.5449982,179.53
CUST_D1ECB94B336AF3E8BB8D739FA6E9E544,PART_25F3874B96DA8E29F040CD54AC9B9893,4/25/2024,1,0,1867980.5,3,50.16,21.651,19.779,0,1.09800005,114.5400009,274492.4063,0.474000007,249.526001,41.43
CUST_D1ECB94B336AF3E8BB8D739FA6E9E544,PART_25F3874B96DA8E29F040CD54AC9B9893,4/26/2024,1,0,1864624.28,7,117.04,50.519,46.151,0,1.09800005,114.5999985,274494.6563,0.474000007,249.5070038,96.67
CUST_D1ECB94B336AF3E8BB8D739FA6E9E544,PART_25F3874B96DA8E29F040CD54AC9B9893,4/29/2024,1,0,1859364.28,4,66.88,28.868,26.372,0,1.09800005,114.7799988,274501.4688,0.47299999,249.4499969,55.24
CUST_D1ECB94B336AF3E8BB8D739FA6E9E544,PART_25F3874B96DA8E29F040CD54AC9B9893,5/1/2024,1,0,1853227.59,3,50.16,21.651,19.779,0,1.09800005,114.9000015,274506,0.47299999,249.4120026,41.43
CUST_D1ECB94B336AF3E8BB8D739FA6E9E544,PART_25F3874B96DA8E29F040CD54AC9B9893,5/3/2024,1,0,1843703.2,9,150.48,64.953,59.337,0,1.097000003,114.8349991,274490.25,0.47299999,249.4129944,124.29
CUST_D1ECB94B336AF3E8BB8D739FA6E9E544,PART_25F3874B96DA8E29F040CD54AC9B9893,5/6/2024,1,0,1832250.93,3,50.16,21.651,19.779,0,1.095000029,114.7389984,274466.6563,0.472000003,249.4140015,41.43
CUST_D1ECB94B336AF3E8BB8D739FA6E9E544,PART_25F3874B96DA8E29F040CD54AC9B9893,5/7/2024,1,0,1840339.66,12,200.64,86.604,79.116,0,1.093999982,114.7060013,274458.7813,0.472000003,249.4149933,165.72
CUST_D1ECB94B336AF3E8BB8D739FA6E9E544,PART_25F3874B96DA8E29F040CD54AC9B9893,5/8/2024,1,0,1835466.34,2,33.44,14.434,13.186,0,1.093000054,114.6740036,274450.9063,0.470999986,249.4149933,27.62
CUST_D1ECB94B336AF3E8BB8D739FA6E9E544,PART_25F3874B96DA8E29F040CD54AC9B9893,5/9/2024,1,0,1833439.89,2,33.44,14.434,13.186,0,1.093000054,114.6419983,274443.0313,0.470999986,249.4160004,27.62
CUST_D1ECB94B336AF3E8BB8D739FA6E9E544,PART_25F3874B96DA8E29F040CD54AC9B9893,5/10/2024,1,0,1829705.82,1,16.72,7.217,6.593,0,1.092000008,114.6100006,274435.1563,0.470999986,249.4160004,13.81
CUST_D1ECB94B336AF3E8BB8D739FA6E9E544,PART_25F3874B96DA8E29F040CD54AC9B9893,5/13/2024,1,0,1814574.87,4,66.88,28.868,26.372,0,1.090000033,114.5130005,274411.5625,0.469999999,249.4170074,55.24
CUST_D1ECB94B336AF3E8BB8D739FA6E9E544,PART_25F3874B96DA8E29F040CD54AC9B9893,5/14/2024,1,0,1820336.7,4,66.88,28.868,26.372,0,1.090000033,114.4810028,274403.6875,0.469999999,249.4179993,55.24
CUST_D1ECB94B336AF3E8BB8D739FA6E9E544,PART_25F3874B96DA8E29F040CD54AC9B9893,5/15/2024,1,0,1816806.57,2,33.44,14.434,13.186,0,1.088999987,114.447998,274395.8125,0.469999999,249.4179993,27.62
CUST_D1ECB94B336AF3E8BB8D739FA6E9E544,PART_25F3874B96DA8E29F040CD54AC9B9893,5/16/2024,1,0,1816411.8,1,16.72,7.217,6.593,0,1.088000059,114.4160004,274387.9375,0.469999999,249.4190063,13.81
CUST_D1ECB94B336AF3E8BB8D739FA6E9E544,PART_25F3874B96DA8E29F040CD54AC9B9893,5/17/2024,1,0,1809319.8,2,33.44,14.434,13.186,0,1.088000059,114.3840027,274380.0625,0.469000012,249.4190063,27.62
CUST_D1ECB94B336AF3E8BB8D739FA6E9E544,PART_25F3874B96DA8E29F040CD54AC9B9893,5/20/2024,1,0,1793202.25,3,50.16,21.651,19.779,0,1.085999966,114.2870026,274356.4375,0.469000012,249.4210052,41.43
CUST_D1ECB94B336AF3E8BB8D739FA6E9E544,PART_25F3874B96DA8E29F040CD54AC9B9893,5/21/2024,1,0,1804376.52,2,33.44,14.434,13.186,0,1.085000038,114.2549973,274348.5938,0.467999995,249.4210052,27.62
CUST_D1ECB94B336AF3E8BB8D739FA6E9E544,PART_25F3874B96DA8E29F040CD54AC9B9893,5/22/2024,1,0,1793465.9,5,83.6,36.085,32.965,0,1.083999991,114.2229996,274340.7188,0.467999995,249.4210052,69.05
CUST_D1ECB94B336AF3E8BB8D739FA6E9E544,PART_25F3874B96DA8E29F040CD54AC9B9893,5/23/2024,1,0,1791982.67,7,117.04,50.519,46.151,0,1.083999991,114.1900024,274332.8438,0.467999995,249.4219971,96.67
CUST_D1ECB94B336AF3E8BB8D739FA6E9E544,PART_25F3874B96DA8E29F040CD54AC9B9893,5/24/2024,1,0,1789468.51,4,66.88,28.868,26.372,0,1.082999945,114.1579971,274324.9688,0.467999995,249.4219971,55.24
CUST_D1ECB94B336AF3E8BB8D739FA6E9E544,PART_25F3874B96DA8E29F040CD54AC9B9893,5/28/2024,1,0,1782447.28,4,66.88,28.868,26.372,0,1.08099997,114.0289993,274293.4688,0.467000008,249.423996,55.24
CUST_D1ECB94B336AF3E8BB8D739FA6E9E544,PART_25F3874B96DA8E29F040CD54AC9B9893,5/29/2024,1,0,1790804.85,5,83.6,36.085,32.965,0,1.080000043,113.9970016,274285.625,0.467000008,249.4250031,69.05
CUST_D1ECB94B336AF3E8BB8D739FA6E9E544,PART_25F3874B96DA8E29F040CD54AC9B9893,5/30/2024,1,0,1790079.84,1,16.72,7.217,6.593,0,1.078999996,113.9649963,274277.75,0.465999991,249.4250031,13.81
CUST_D1ECB94B336AF3E8BB8D739FA6E9E544,PART_25F3874B96DA8E29F040CD54AC9B9893,5/31/2024,1,0,1784163.83,5,83.6,36.085,32.965,0,1.078999996,113.9319992,274269.875,0.465999991,249.4259949,69.05
CUST_D1ECB94B336AF3E8BB8D739FA6E9E544,PART_25F3874B96DA8E29F040CD54AC9B9893,6/5/2024,1,0,1776961.01,1,18.82,7.217,6.593,0,1.082000017,113.8600006,274144.125,0.469999999,249.4279938,13.81
CUST_D1ECB94B336AF3E8BB8D739FA6E9E544,PART_25F3874B96DA8E29F040CD54AC9B9893,6/11/2024,1,0,1756193.81,5,94.1,36.085,32.965,0,1.088999987,113.8000031,273967.3438,0.476000011,249.4309998,69.05
CUST_D1ECB94B336AF3E8BB8D739FA6E9E544,PART_25F3874B96DA8E29F040CD54AC9B9893,6/12/2024,1,0,1749541.01,3,56.46,21.651,19.779,0,1.090000033,113.7900009,273937.875,0.476999998,249.4320068,41.43
CUST_D1ECB94B336AF3E8BB8D739FA6E9E544,PART_25F3874B96DA8E29F040CD54AC9B9893,6/13/2024,1,0,1747448.85,29,493.28,209.293,191.197,0,1.090999961,113.7799988,273908.4063,0.477999985,249.4320068,400.49
CUST_D1ECB94B336AF3E8BB8D739FA6E9E544,PART_25F3874B96DA8E29F040CD54AC9B9893,6/14/2024,1,0,1746984.48,2,37.64,14.434,13.186,0,1.092000008,113.7699966,273878.9375,0.479000002,249.4329987,27.62
CUST_D1ECB94B336AF3E8BB8D739FA6E9E544,PART_25F3874B96DA8E29F040CD54AC9B9893,6/17/2024,1,0,1736515.08,4,75.28,28.868,26.372,0,1.095000029,113.7399979,273790.5313,0.481000006,249.4349976,55.24
CUST_D1ECB94B336AF3E8BB8D739FA6E9E544,PART_25F3874B96DA8E29F040CD54AC9B9893,6/18/2024,1,0,1747978.34,16,286.42,115.472,105.488,0,1.095999956,113.7300034,273761.0625,0.481999993,249.4349976,220.96
CUST_D1ECB94B336AF3E8BB8D739FA6E9E544,PART_25F3874B96DA8E29F040CD54AC9B9893,6/19/2024,1,0,1750634.46,14,263.48,101.038,92.302,0,1.097000003,113.7200012,273731.5938,0.48300001,249.4360046,193.34
CUST_D1ECB94B336AF3E8BB8D739FA6E9E544,PART_25F3874B96DA8E29F040CD54AC9B9893,6/20/2024,1,0,1742794.64,5,94.1,36.085,32.965,0,1.09800005,113.7099991,273702.125,0.483999997,249.4360046,69.05
CUST_D1ECB94B336AF3E8BB8D739FA6E9E544,PART_25F3874B96DA8E29F040CD54AC9B9893,6/21/2024,1,0,1742331.04,2,37.64,14.434,13.186,0,1.098999977,113.6999969,273672.6563,0.485000014,249.4369965,27.62
CUST_D1ECB94B336AF3E8BB8D739FA6E9E544,PART_25F3874B96DA8E29F040CD54AC9B9893,6/24/2024,1,0,1733062.32,1,18.82,7.217,6.593,0,1.103000045,113.6699982,273584.2813,0.488000005,249.4380035,13.81
CUST_D1ECB94B336AF3E8BB8D739FA6E9E544,PART_25F3874B96DA8E29F040CD54AC9B9893,6/25/2024,1,0,1741737.67,6,112.968,43.302,39.558,0,1.103999972,113.6600037,273554.8125,0.488999993,249.4389954,82.86
CUST_D1ECB94B336AF3E8BB8D739FA6E9E544,PART_25F3874B96DA8E29F040CD54AC9B9893,6/26/2024,1,0,1735241.78,2,37.64,14.434,13.186,0,1.105000019,113.6500015,273525.3438,0.49000001,249.4389954,27.62
CUST_D1ECB94B336AF3E8BB8D739FA6E9E544,PART_25F3874B96DA8E29F040CD54AC9B9893,6/27/2024,1,0,1728092.85,10,188.2,72.17,65.93,0,1.105999947,113.6399994,273495.875,0.490999997,249.4400024,138.1
CUST_D1ECB94B336AF3E8BB8D739FA6E9E544,PART_25F3874B96DA8E29F040CD54AC9B9893,6/28/2024,1,0,1727057.84,8,150.56,57.736,52.744,0,1.106999993,113.6299973,273466.4063,0.492000014,249.4400024,110.48
CUST_D1ECB94B336AF3E8BB8D739FA6E9E544,PART_25F3874B96DA8E29F040CD54AC9B9893,7/1/2024,1,0,1712433.49,4,75.28,28.868,26.372,0,1.110000014,113.5999985,273378,0.495000005,249.4420013,55.24
CUST_D1ECB94B336AF3E8BB8D739FA6E9E544,PART_25F3874B96DA8E29F040CD54AC9B9893,7/3/2024,1,0,1720563.29,9,169.38,64.953,59.337,0,1.110999942,113.6520004,273438.5938,0.495000005,249.4429932,124.29
CUST_D1ECB94B336AF3E8BB8D739FA6E9E544,PART_25F3874B96DA8E29F040CD54AC9B9893,7/5/2024,1,0,1713601.21,3,56.46,21.651,19.779,0,1.110999942,113.7030029,273499.1563,0.495000005,249.4429932,41.43
CUST_D1ECB94B336AF3E8BB8D739FA6E9E544,PART_25F3874B96DA8E29F040CD54AC9B9893,7/8/2024,1,0,1698072.31,16,301.12,115.472,105.488,0,1.111999989,113.7809982,273590.0313,0.495000005,249.4440002,220.96
CUST_D1ECB94B336AF3E8BB8D739FA6E9E544,PART_25F3874B96DA8E29F040CD54AC9B9893,7/9/2024,1,0,1704814.9,4,75.28,28.868,26.372,0,1.113000035,113.8059998,273620.3125,0.495000005,249.4450073,55.24
CUST_D1ECB94B336AF3E8BB8D739FA6E9E544,PART_25F3874B96DA8E29F040CD54AC9B9893,7/10/2024,1,0,1705688.77,9,169.38,64.953,59.337,0,1.113000035,113.8320007,273650.625,0.495000005,249.4450073,124.29
CUST_D1ECB94B336AF3E8BB8D739FA6E9E544,PART_25F3874B96DA8E29F040CD54AC9B9893,7/12/2024,1,0,1704076.32,5,94.1,36.085,32.965,0,1.113999963,113.8840027,273711.1875,0.495000005,249.4459991,69.05
CUST_D1ECB94B336AF3E8BB8D739FA6E9E544,PART_25F3874B96DA8E29F040CD54AC9B9893,7/15/2024,1,0,1693416.44,8,150.56,57.736,52.744,0,1.11500001,113.9609985,273802.0625,0.495000005,249.4470062,110.48
CUST_D1ECB94B336AF3E8BB8D739FA6E9E544,PART_25F3874B96DA8E29F040CD54AC9B9893,7/17/2024,1,0,1692006.29,6,112.92,43.302,39.558,0,1.116000056,114.0130005,273862.6563,0.493999988,249.447998,82.86
CUST_D1ECB94B336AF3E8BB8D739FA6E9E544,PART_25F3874B96DA8E29F040CD54AC9B9893,7/18/2024,1,0,1693198.59,4,75.28,28.868,26.372,0,1.116000056,114.0390015,273892.9375,0.493999988,249.447998,55.24
CUST_D1ECB94B336AF3E8BB8D739FA6E9E544,PART_25F3874B96DA8E29F040CD54AC9B9893,7/22/2024,1,0,1677233.55,16,301.12,115.472,105.488,0,1.116999984,114.1419983,274014.0938,0.493999988,249.4490051,220.96
CUST_D1ECB94B336AF3E8BB8D739FA6E9E544,PART_25F3874B96DA8E29F040CD54AC9B9893,7/23/2024,1,0,1690411.29,4,75.28,28.868,26.372,0,1.118000031,114.1679993,274044.375,0.493999988,249.4499969,55.24
CUST_D1ECB94B336AF3E8BB8D739FA6E9E544,PART_25F3874B96DA8E29F040CD54AC9B9893,7/24/2024,1,0,1684863.63,2,37.64,14.434,13.186,0,1.118000031,114.1940002,274074.6875,0.493999988,249.4499969,27.62
CUST_D1ECB94B336AF3E8BB8D739FA6E9E544,PART_25F3874B96DA8E29F040CD54AC9B9893,7/25/2024,1,0,1681428.78,2,37.64,14.434,13.186,0,1.118999958,114.2190018,274104.9688,0.493999988,249.451004,27.62
CUST_D1ECB94B336AF3E8BB8D739FA6E9E544,PART_25F3874B96DA8E29F040CD54AC9B9893,7/26/2024,1,0,1675814.35,9,169.41,64.953,59.337,0,1.118999958,114.2450027,274135.25,0.493999988,249.451004,124.29
CUST_D1ECB94B336AF3E8BB8D739FA6E9E544,PART_25F3874B96DA8E29F040CD54AC9B9893,7/29/2024,1,0,1666957.7,9,169.38,64.953,59.337,0,1.120000005,114.322998,274226.125,0.493999988,249.4519958,124.29
CUST_D1ECB94B336AF3E8BB8D739FA6E9E544,PART_25F3874B96DA8E29F040CD54AC9B9893,7/30/2024,1,0,1672198.95,2,37.64,14.434,13.186,0,1.120000005,114.3479996,274256.4063,0.493999988,249.4519958,27.62
CUST_D1ECB94B336AF3E8BB8D739FA6E9E544,PART_25F3874B96DA8E29F040CD54AC9B9893,7/31/2024,1,0,1669537.87,10,188.2,72.17,65.93,0,1.121000051,114.3740005,274286.7188,0.493999988,249.4530029,138.1
CUST_D1ECB94B336AF3E8BB8D739FA6E9E544,PART_25F3874B96DA8E29F040CD54AC9B9893,8/1/2024,1,0,1662435.74,2,37.64,14.434,13.186,0,1.121000051,114.4000015,274317,0.493999988,249.4530029,27.62
CUST_D1ECB94B336AF3E8BB8D739FA6E9E544,PART_25F3874B96DA8E29F040CD54AC9B9893,8/2/2024,1,0,1661863.22,1,18.82,7.217,6.593,0,1.120000005,114.3580017,274279.3438,0.493999988,249.5540009,13.81
CUST_D1ECB94B336AF3E8BB8D739FA6E9E544,PART_25F3874B96DA8E29F040CD54AC9B9893,8/5/2024,1,0,1655969.68,14,263.48,101.038,92.302,0,1.118999958,114.2320023,274166.4063,0.492000014,249.8569946,193.34
CUST_D1ECB94B336AF3E8BB8D739FA6E9E544,PART_25F3874B96DA8E29F040CD54AC9B9893,8/6/2024,1,0,1665706.37,1,18.82,7.217,6.593,0,1.118000031,114.1900024,274128.7813,0.492000014,249.9579926,13.81
CUST_D1ECB94B336AF3E8BB8D739FA6E9E544,PART_25F3874B96DA8E29F040CD54AC9B9893,8/7/2024,1,0,1661505.86,10,188.2,72.17,65.93,0,1.116999984,114.1480026,274091.125,0.490999997,250.0590057,138.1
CUST_D1ECB94B336AF3E8BB8D739FA6E9E544,PART_25F3874B96DA8E29F040CD54AC9B9893,8/8/2024,1,0,1658513.64,6,112.92,43.302,39.558,0,1.116999984,114.1060028,274053.4688,0.490999997,250.1600037,82.86
CUST_D1ECB94B336AF3E8BB8D739FA6E9E544,PART_25F3874B96DA8E29F040CD54AC9B9893,8/9/2024,1,0,1658582.26,7,131.74,50.519,46.151,0,1.116000056,114.0650024,274015.8438,0.49000001,250.2619934,96.67
CUST_D1ECB94B336AF3E8BB8D739FA6E9E544,PART_25F3874B96DA8E29F040CD54AC9B9893,8/12/2024,1,0,1650879.44,17,319.94,122.689,112.081,0,1.113999963,113.939003,273902.9063,0.488999993,250.5650024,234.77
CUST_D1ECB94B336AF3E8BB8D739FA6E9E544,PART_25F3874B96DA8E29F040CD54AC9B9893,8/14/2024,1,0,1653089.94,6,112.92,43.302,39.558,0,1.113000035,113.8550034,273827.625,0.488000005,250.7669983,82.86
CUST_D1ECB94B336AF3E8BB8D739FA6E9E544,PART_25F3874B96DA8E29F040CD54AC9B9893,8/15/2024,1,0,1655195.94,16,301.12,115.472,105.488,0,1.111999989,113.8130035,273789.9688,0.488000005,250.8679962,220.96
CUST_D1ECB94B336AF3E8BB8D739FA6E9E544,PART_25F3874B96DA8E29F040CD54AC9B9893,8/19/2024,1,0,1641471.76,10,188.2,72.17,65.93,0,1.110000014,113.6449966,273639.375,0.486000001,251.2720032,138.1
CUST_D1ECB94B336AF3E8BB8D739FA6E9E544,PART_25F3874B96DA8E29F040CD54AC9B9893,8/20/2024,1,0,1650025.51,9,169.38,64.953,59.337,0,1.108999968,113.6029968,273601.75,0.485000014,251.3730011,124.29
CUST_D1ECB94B336AF3E8BB8D739FA6E9E544,PART_25F3874B96DA8E29F040CD54AC9B9893,8/21/2024,1,0,1646470.51,1,18.82,7.217,6.593,0,1.108999968,113.560997,273564.0938,0.485000014,251.473999,13.81
CUST_D1ECB94B336AF3E8BB8D739FA6E9E544,PART_25F3874B96DA8E29F040CD54AC9B9893,8/22/2024,1,0,1644721.93,2,37.66,14.434,13.186,0,1.10800004,113.5189972,273526.4375,0.485000014,251.5749969,27.62
CUST_D1ECB94B336AF3E8BB8D739FA6E9E544,PART_25F3874B96DA8E29F040CD54AC9B9893,8/23/2024,1,0,1645649.87,7,131.74,50.519,46.151,0,1.10800004,113.4769974,273488.8125,0.483999997,251.6759949,96.67
CUST_D1ECB94B336AF3E8BB8D739FA6E9E544,PART_25F3874B96DA8E29F040CD54AC9B9893,8/26/2024,1,0,1637082.7,14,263.48,101.038,92.302,0,1.105999947,113.3519974,273375.875,0.48300001,251.9799957,193.34
CUST_D1ECB94B336AF3E8BB8D739FA6E9E544,PART_25F3874B96DA8E29F040CD54AC9B9893,8/27/2024,1,0,1644875.1,12,225.84,86.604,79.116,0,1.105000019,113.3099976,273338.2188,0.481999993,252.0809937,165.72
CUST_D1ECB94B336AF3E8BB8D739FA6E9E544,PART_25F3874B96DA8E29F040CD54AC9B9893,8/28/2024,1,0,1646281.14,9,169.38,64.953,59.337,0,1.103999972,113.2679977,273300.5938,0.481999993,252.1820068,124.29
CUST_D1ECB94B336AF3E8BB8D739FA6E9E544,PART_25F3874B96DA8E29F040CD54AC9B9893,8/29/2024,1,0,1648853.34,-2,-37.66,-14.434,-13.186,0,1.103999972,113.2259979,273262.9375,0.481000006,252.2830048,-27.62
CUST_D1ECB94B336AF3E8BB8D739FA6E9E544,PART_25F3874B96DA8E29F040CD54AC9B9893,8/30/2024,1,0,1645896.73,2,37.64,14.434,13.186,0,1.103000045,113.1839981,273225.2813,0.481000006,252.3840027,27.62
CUST_D1ECB94B336AF3E8BB8D739FA6E9E544,PART_25F3874B96DA8E29F040CD54AC9B9893,9/3/2024,1,0,1636799.06,16,301.12,115.472,105.488,0,1.100999951,113.1600037,273348.3438,0.479000002,252.5859985,220.96
CUST_D1ECB94B336AF3E8BB8D739FA6E9E544,PART_25F3874B96DA8E29F040CD54AC9B9893,9/4/2024,1,0,1647533.7,15,282.3,108.255,98.895,0,1.100000024,113.1900024,273447.5,0.477999985,252.5859985,207.15
CUST_D1ECB94B336AF3E8BB8D739FA6E9E544,PART_25F3874B96DA8E29F040CD54AC9B9893,9/5/2024,1,0,1647002.67,7,131.74,50.519,46.151,0,1.098999977,113.2200012,273546.6563,0.477999985,252.5859985,96.67
CUST_D1ECB94B336AF3E8BB8D739FA6E9E544,PART_25F3874B96DA8E29F040CD54AC9B9893,9/9/2024,1,0,1626882.55,12,225.84,86.604,79.116,0,1.095999956,113.3399963,273943.3438,0.476000011,252.5859985,165.72
CUST_D1ECB94B336AF3E8BB8D739FA6E9E544,PART_25F3874B96DA8E29F040CD54AC9B9893,9/11/2024,1,0,1633090.8,1,18.82,7.217,6.593,0,1.095000029,113.4000015,274141.6563,0.474999994,252.5859985,13.81
CUST_D1ECB94B336AF3E8BB8D739FA6E9E544,PART_25F3874B96DA8E29F040CD54AC9B9893,9/12/2024,1,0,1629898.93,4,75.312,28.868,26.372,0,1.093999982,113.4300003,274240.8438,0.474000007,252.5859985,55.24
CUST_D1ECB94B336AF3E8BB8D739FA6E9E544,PART_25F3874B96DA8E29F040CD54AC9B9893,9/13/2024,1,0,1627948.29,25,470.5,180.425,164.825,0,1.093999982,113.4599991,274340,0.474000007,252.5859985,345.25
CUST_D1ECB94B336AF3E8BB8D739FA6E9E544,PART_25F3874B96DA8E29F040CD54AC9B9893,9/16/2024,1,0,1625202.81,1,18.82,7.217,6.593,0,1.092000008,113.5500031,274637.5,0.472000003,252.5859985,13.81
CUST_D1ECB94B336AF3E8BB8D739FA6E9E544,PART_25F3874B96DA8E29F040CD54AC9B9893,9/17/2024,1,0,1629058.16,2,37.64,14.434,13.186,0,1.090999961,113.5800018,274736.6563,0.470999986,252.5859985,27.62
CUST_D1ECB94B336AF3E8BB8D739FA6E9E544,PART_25F3874B96DA8E29F040CD54AC9B9893,9/18/2024,1,0,1625413.35,8,150.56,57.736,52.744,0,1.090000033,113.6100006,274835.8438,0.470999986,252.5859985,110.48
CUST_D1ECB94B336AF3E8BB8D739FA6E9E544,PART_25F3874B96DA8E29F040CD54AC9B9893,9/19/2024,1,0,1624093.53,7,131.74,50.519,46.151,0,1.088999987,113.6399994,274935,0.469999999,252.5859985,96.67
CUST_D1ECB94B336AF3E8BB8D739FA6E9E544,PART_25F3874B96DA8E29F040CD54AC9B9893,9/20/2024,1,0,1620673.18,9,169.38,64.953,59.337,0,1.088999987,113.6699982,275034.1563,0.469999999,252.5859985,124.29
CUST_D1ECB94B336AF3E8BB8D739FA6E9E544,PART_25F3874B96DA8E29F040CD54AC9B9893,9/23/2024,1,0,1608986.64,9,169.38,64.953,59.337,0,1.087000012,113.7600021,275331.6563,0.467999995,252.5859985,124.29
CUST_D1ECB94B336AF3E8BB8D739FA6E9E544,PART_25F3874B96DA8E29F040CD54AC9B9893,9/24/2024,1,0,1617275.42,1,18.82,7.217,6.593,0,1.085999966,113.7900009,275430.8438,0.467999995,252.5859985,13.81
CUST_D1ECB94B336AF3E8BB8D739FA6E9E544,PART_25F3874B96DA8E29F040CD54AC9B9893,9/25/2024,1,0,1612882.8,4,75.28,28.868,26.372,0,1.085000038,113.8199997,275530,0.467000008,252.5859985,55.24
CUST_D1ECB94B336AF3E8BB8D739FA6E9E544,PART_25F3874B96DA8E29F040CD54AC9B9893,9/26/2024,1,0,1614635.19,8,150.56,57.736,52.744,0,1.085000038,113.8499985,275629.1563,0.467000008,252.5859985,110.48
CUST_D1ECB94B336AF3E8BB8D739FA6E9E544,PART_25F3874B96DA8E29F040CD54AC9B9893,9/30/2024,1,0,1603431.72,4,75.28,28.868,26.372,0,1.082000017,113.9700012,276025.8438,0.465000004,252.5859985,55.24
CUST_D1ECB94B336AF3E8BB8D739FA6E9E544,PART_25F3874B96DA8E29F040CD54AC9B9893,10/1/2024,1,0,1611955.8,5,94.108,36.085,32.965,0,1.08099997,114,276125,0.463999987,252.5859985,69.05
CUST_D1ECB94B336AF3E8BB8D739FA6E9E544,PART_25F3874B96DA8E29F040CD54AC9B9893,10/2/2024,1,0,1611643.38,3,56.46,21.651,19.779,0,1.08099997,113.9680023,276069.9063,0.465000004,252.5870056,41.43
CUST_D1ECB94B336AF3E8BB8D739FA6E9E544,PART_25F3874B96DA8E29F040CD54AC9B9893,10/3/2024,1,0,1612298.39,6,112.92,43.302,39.558,0,1.08099997,113.9349976,276014.8125,0.465999991,252.5890045,82.86
CUST_D1ECB94B336AF3E8BB8D739FA6E9E544,PART_25F3874B96DA8E29F040CD54AC9B9893,10/7/2024,1,0,1602550.33,8,150.56,57.736,52.744,0,1.082000017,113.8059998,275794.4063,0.469000012,252.5939941,110.48
CUST_D1ECB94B336AF3E8BB8D739FA6E9E544,PART_25F3874B96DA8E29F040CD54AC9B9893,10/8/2024,1,0,1608522.71,5,94.1,36.085,32.965,0,1.082000017,113.7740021,275739.3125,0.469999999,252.5950012,69.05
CUST_D1ECB94B336AF3E8BB8D739FA6E9E544,PART_25F3874B96DA8E29F040CD54AC9B9893,10/9/2024,1,0,1609888.79,2,37.64,14.434,13.186,0,1.082000017,113.7419968,275684.2188,0.470999986,252.595993,27.62
CUST_D1ECB94B336AF3E8BB8D739FA6E9E544,PART_25F3874B96DA8E29F040CD54AC9B9893,10/10/2024,1,0,1611103.47,7,131.74,50.519,46.151,0,1.082000017,113.7099991,275629.125,0.472000003,252.5980072,96.67
CUST_D1ECB94B336AF3E8BB8D739FA6E9E544,PART_25F3874B96DA8E29F040CD54AC9B9893,10/11/2024,1,0,1610612.01,1,18.82,7.217,6.593,0,1.082999945,113.677002,275574.0313,0.47299999,252.598999,13.81
CUST_D1ECB94B336AF3E8BB8D739FA6E9E544,PART_25F3874B96DA8E29F040CD54AC9B9893,10/14/2024,1,0,1606662.81,13,244.66,93.821,85.709,0,1.082999945,113.5810013,275408.75,0.474999994,252.6029968,179.53
CUST_D1ECB94B336AF3E8BB8D739FA6E9E544,PART_25F3874B96DA8E29F040CD54AC9B9893,10/15/2024,1,0,1609777.28,4,75.28,28.868,26.372,0,1.082999945,113.5479965,275353.6563,0.476000011,252.6040039,55.24
CUST_D1ECB94B336AF3E8BB8D739FA6E9E544,PART_25F3874B96DA8E29F040CD54AC9B9893,10/17/2024,1,0,1608081.71,12,225.864,86.604,79.116,0,1.083999991,113.4840012,275243.4375,0.477999985,252.6069946,165.72
CUST_D1ECB94B336AF3E8BB8D739FA6E9E544,PART_25F3874B96DA8E29F040CD54AC9B9893,10/18/2024,1,0,1610760.31,13,244.66,93.821,85.709,0,1.083999991,113.4520035,275188.3438,0.479000002,252.6080017,179.53
CUST_D1ECB94B336AF3E8BB8D739FA6E9E544,PART_25F3874B96DA8E29F040CD54AC9B9893,10/21/2024,1,0,1606497.36,13,244.74,93.821,85.709,0,1.083999991,113.3550034,275023.0625,0.481000006,252.6119995,179.53
CUST_D1ECB94B336AF3E8BB8D739FA6E9E544,PART_25F3874B96DA8E29F040CD54AC9B9893,10/23/2024,1,0,1614842.61,8,150.58,57.736,52.744,0,1.085000038,113.2900009,274912.875,0.48300001,252.6139984,110.48
CUST_D1ECB94B336AF3E8BB8D739FA6E9E544,PART_25F3874B96DA8E29F040CD54AC9B9893,10/25/2024,1,0,1614617.49,2,37.64,14.434,13.186,0,1.085000038,113.2259979,274802.6875,0.485000014,252.6170044,27.62
CUST_D1ECB94B336AF3E8BB8D739FA6E9E544,PART_25F3874B96DA8E29F040CD54AC9B9893,10/28/2024,1,0,1600148.53,8,150.56,57.736,52.744,0,1.085000038,113.1289978,274637.375,0.488000005,252.6210022,110.48
CUST_D1ECB94B336AF3E8BB8D739FA6E9E544,PART_25F3874B96DA8E29F040CD54AC9B9893,10/29/2024,1,0,1605337.83,22,414.04,158.774,145.046,0,1.085999966,113.0970001,274582.2813,0.488000005,252.621994,303.82
CUST_D1ECB94B336AF3E8BB8D739FA6E9E544,PART_25F3874B96DA8E29F040CD54AC9B9893,10/30/2024,1,0,1604569.38,2,37.64,14.434,13.186,0,1.085999966,113.0650024,274527.1875,0.488999993,252.6230011,27.62
CUST_D1ECB94B336AF3E8BB8D739FA6E9E544,PART_25F3874B96DA8E29F040CD54AC9B9893,10/31/2024,1,0,1616905.63,3,56.46,21.651,19.779,0,1.085999966,113.0319977,274472.0938,0.49000001,252.625,41.43
CUST_D1ECB94B336AF3E8BB8D739FA6E9E544,PART_25F3874B96DA8E29F040CD54AC9B9893,11/1/2024,1,0,1612794.83,11,207.02,79.387,72.523,0,1.085999966,113,274417,0.490999997,252.6260071,151.91
CUST_D1ECB94B336AF3E8BB8D739FA6E9E544,PART_25F3874B96DA8E29F040CD54AC9B9893,11/4/2024,1,0,1606386.7,18,338.76,129.906,118.674,0,1.077999949,112.9599991,274587.4063,0.488000005,252.6399994,248.58
CUST_D1ECB94B336AF3E8BB8D739FA6E9E544,PART_25F3874B96DA8E29F040CD54AC9B9893,11/6/2024,1,0,1609867.36,2,37.64,14.434,13.186,0,1.072999954,112.9329987,274701,0.486000001,252.6490021,27.62
CUST_D1ECB94B336AF3E8BB8D739FA6E9E544,PART_25F3874B96DA8E29F040CD54AC9B9893,11/7/2024,1,0,1605294.08,1,18.82,7.217,6.593,0,1.070000052,112.9199982,274757.8125,0.485000014,252.6529999,13.81
CUST_D1ECB94B336AF3E8BB8D739FA6E9E544,PART_25F3874B96DA8E29F040CD54AC9B9893,11/8/2024,1,0,1606104.49,15,282.3,108.255,98.895,0,1.067999959,112.9069977,274814.5938,0.483999997,252.6580048,207.15
CUST_D1ECB94B336AF3E8BB8D739FA6E9E544,PART_25F3874B96DA8E29F040CD54AC9B9893,11/11/2024,1,0,1590259.37,9,169.38,64.953,59.337,0,1.059999943,112.8669968,274985,0.481000006,252.6710052,124.29
CUST_D1ECB94B336AF3E8BB8D739FA6E9E544,PART_25F3874B96DA8E29F040CD54AC9B9893,11/12/2024,1,0,1598950.95,3,56.46,21.651,19.779,0,1.057000041,112.8529968,275041.8125,0.479999989,252.6759949,41.43
CUST_D1ECB94B336AF3E8BB8D739FA6E9E544,PART_25F3874B96DA8E29F040CD54AC9B9893,11/13/2024,1,0,1596765.25,10,188.2,72.17,65.93,0,1.05400002,112.8399963,275098.5938,0.479000002,252.6799927,138.1
CUST_D1ECB94B336AF3E8BB8D739FA6E9E544,PART_25F3874B96DA8E29F040CD54AC9B9893,11/14/2024,1,0,1592679.18,20,376.4,144.34,131.86,0,1.052000046,112.8270035,275155.4063,0.477999985,252.6849976,276.2
CUST_D1ECB94B336AF3E8BB8D739FA6E9E544,PART_25F3874B96DA8E29F040CD54AC9B9893,11/15/2024,1,0,1590206.89,5,94.1,36.085,32.965,0,1.049000025,112.8130035,275212.1875,0.476999998,252.6889954,69.05
CUST_D1ECB94B336AF3E8BB8D739FA6E9E544,PART_25F3874B96DA8E29F040CD54AC9B9893,11/18/2024,1,0,1580429.15,7,131.74,50.519,46.151,0,1.041000009,112.7730026,275382.5938,0.474000007,252.7030029,96.67
CUST_D1ECB94B336AF3E8BB8D739FA6E9E544,PART_25F3874B96DA8E29F040CD54AC9B9893,11/19/2024,1,0,1588605.92,4,75.28,28.868,26.372,0,1.039000034,112.7600021,275439.4063,0.47299999,252.7079926,55.24
CUST_D1ECB94B336AF3E8BB8D739FA6E9E544,PART_25F3874B96DA8E29F040CD54AC9B9893,11/20/2024,1,0,1585500.82,4,75.28,28.868,26.372,0,1.036000013,112.7470016,275496.1875,0.472000003,252.7120056,55.24
CUST_D1ECB94B336AF3E8BB8D739FA6E9E544,PART_25F3874B96DA8E29F040CD54AC9B9893,11/21/2024,1,0,1588446.96,6,112.92,43.302,39.558,0,1.032999992,112.7330017,275553,0.470999986,252.7169952,82.86
CUST_D1ECB94B336AF3E8BB8D739FA6E9E544,PART_25F3874B96DA8E29F040CD54AC9B9893,11/25/2024,1,0,1588544.85,16,301.12,115.472,105.488,0,1.023000002,112.6800003,275780.1875,0.467000008,252.7350006,220.96
CUST_D1ECB94B336AF3E8BB8D739FA6E9E544,PART_25F3874B96DA8E29F040CD54AC9B9893,11/26/2024,1,0,1592585.14,21,395.22,151.557,138.453,0,1.019999981,112.6669998,275837,0.465999991,252.7389984,290.01
CUST_D1ECB94B336AF3E8BB8D739FA6E9E544,PART_25F3874B96DA8E29F040CD54AC9B9893,11/27/2024,1,0,1594473.81,2,37.64,14.434,13.186,0,1.018000007,112.6529999,275893.8125,0.465000004,252.7440033,27.62
CUST_D1ECB94B336AF3E8BB8D739FA6E9E544,PART_25F3874B96DA8E29F040CD54AC9B9893,12/2/2024,1,0,1578486.2,10,188.2,72.17,65.93,0,1.004999995,112.5839996,276118.0625,0.460999995,252.7619934,138.1
CUST_D1ECB94B336AF3E8BB8D739FA6E9E544,PART_25F3874B96DA8E29F040CD54AC9B9893,12/3/2024,1,0,1590108.61,5,94.1,36.085,32.965,0,1.003999949,112.5680008,276115.125,0.462000012,252.7610016,69.05
CUST_D1ECB94B336AF3E8BB8D739FA6E9E544,PART_25F3874B96DA8E29F040CD54AC9B9893,12/4/2024,1,0,1588074.63,21,395.22,151.557,138.453,0,1.001999974,112.552002,276112.1875,0.462000012,252.7610016,290.01
CUST_D1ECB94B336AF3E8BB8D739FA6E9E544,PART_25F3874B96DA8E29F040CD54AC9B9893,12/5/2024,1,0,1587758.14,4,75.28,28.868,26.372,0,1,112.5350037,276109.25,0.463,252.7610016,55.24
CUST_D1ECB94B336AF3E8BB8D739FA6E9E544,PART_25F3874B96DA8E29F040CD54AC9B9893,12/11/2024,1,0,1588521.71,14,263.48,101.038,92.302,0,0.99000001,112.439003,276091.6563,0.465000004,252.7590027,193.34
CUST_D1ECB94B336AF3E8BB8D739FA6E9E544,PART_25F3874B96DA8E29F040CD54AC9B9893,12/17/2024,1,0,1591684.49,7,131.74,50.519,46.151,0,0.980000019,112.3420029,276074.0313,0.467999995,252.7570038,96.67
CUST_D1ECB94B336AF3E8BB8D739FA6E9E544,PART_25F3874B96DA8E29F040CD54AC9B9893,12/18/2024,1,0,1587335.9,4,75.28,28.868,26.372,0,0.977999985,112.3259964,276071.0938,0.467999995,252.7570038,55.24
CUST_D1ECB94B336AF3E8BB8D739FA6E9E544,PART_25F3874B96DA8E29F040CD54AC9B9893,12/20/2024,1,0,1583839.39,17,319.94,122.689,112.081,0,0.975000024,112.2939987,276065.2188,0.469000012,252.7559967,234.77
CUST_D1ECB94B336AF3E8BB8D739FA6E9E544,PART_25F3874B96DA8E29F040CD54AC9B9893,12/23/2024,1,0,1576231.69,5,94.1,36.085,32.965,0,0.968999982,112.2450027,276056.4063,0.469999999,252.7559967,69.05
CUST_D1ECB94B336AF3E8BB8D739FA6E9E544,PART_25F3874B96DA8E29F040CD54AC9B9893,12/24/2024,1,0,1583619.05,5,94.1,36.085,32.965,0,0.967999995,112.2289963,276053.4688,0.470999986,252.7550049,69.05
CUST_D1ECB94B336AF3E8BB8D739FA6E9E544,PART_25F3874B96DA8E29F040CD54AC9B9893,12/27/2024,1,0,1580290.44,8,150.56,57.736,52.744,0,0.963,112.1809998,276044.6875,0.472000003,252.7539978,110.48
CUST_D1ECB94B336AF3E8BB8D739FA6E9E544,PART_25F3874B96DA8E29F040CD54AC9B9893,12/30/2024,1,0,1575265.52,10,188.2,72.17,65.93,0,0.957000017,112.1320038,276035.875,0.47299999,252.7539978,138.1
CUST_D1ECB94B336AF3E8BB8D739FA6E9E544,PART_25F3874B96DA8E29F040CD54AC9B9893,12/31/2024,1,0,1582896.28,4,75.28,28.868,26.372,0,0.95599997,112.1159973,276032.9375,0.474000007,252.753006,55.24
CUST_D1ECB94B336AF3E8BB8D739FA6E9E544,PART_25F3874B96DA8E29F040CD54AC9B9893,1/2/2025,1,0,1583191.83,6,112.92,43.302,39.558,0,0.957000017,112.1579971,275979.9375,0.47299999,252.7749939,82.86
CUST_D1ECB94B336AF3E8BB8D739FA6E9E544,PART_25F3874B96DA8E29F040CD54AC9B9893,1/3/2025,1,0,1580326.87,2,37.64,14.434,13.186,0,0.959999979,112.2160034,275929.875,0.472000003,252.7960052,27.62
CUST_D1ECB94B336AF3E8BB8D739FA6E9E544,PART_25F3874B96DA8E29F040CD54AC9B9893,1/8/2025,1,0,1577990.99,6,112.92,43.302,39.558,0,0.976999998,112.5059967,275679.5625,0.467999995,252.904007,82.86
CUST_D1ECB94B336AF3E8BB8D739FA6E9E544,PART_25F3874B96DA8E29F040CD54AC9B9893,1/13/2025,1,0,1573900.66,3,56.46,21.651,19.779,0,0.992999971,112.7969971,275429.2188,0.463,253.0119934,41.43
CUST_D1ECB94B336AF3E8BB8D739FA6E9E544,PART_25F3874B96DA8E29F040CD54AC9B9893,1/14/2025,1,0,1589026.73,12,225.84,86.604,79.116,0,0.995999992,112.8550034,275379.1563,0.462000012,253.0339966,165.72
CUST_D1ECB94B336AF3E8BB8D739FA6E9E544,PART_25F3874B96DA8E29F040CD54AC9B9893,1/15/2025,1,0,1592925.3,4,75.3,28.868,26.372,0,0.999000013,112.913002,275329.0938,0.460999995,253.0559998,55.24
CUST_D1ECB94B336AF3E8BB8D739FA6E9E544,PART_25F3874B96DA8E29F040CD54AC9B9893,1/16/2025,1,0,1591409.4,3,56.46,21.651,19.779,0,1.001999974,112.9710007,275279.0313,0.460000008,253.0769958,41.43
CUST_D1ECB94B336AF3E8BB8D739FA6E9E544,PART_25F3874B96DA8E29F040CD54AC9B9893,1/18/2025,1,0,1593649.62,3,56.49,21.651,19.779,0,1.008999944,113.086998,275178.9063,0.458999991,253.1199951,41.43
CUST_D1ECB94B336AF3E8BB8D739FA6E9E544,PART_25F3874B96DA8E29F040CD54AC9B9893,1/20/2025,1,0,1589812.11,10,188.2,72.17,65.93,0,1.014999986,113.2030029,275078.7813,0.456999987,253.1640015,138.1
CUST_D1ECB94B336AF3E8BB8D739FA6E9E544,PART_25F3874B96DA8E29F040CD54AC9B9893,1/22/2025,1,0,1596710.85,5,94.1,36.085,32.965,0,1.021999955,113.3190002,274978.6563,0.455000013,253.2070007,69.05
CUST_D1ECB94B336AF3E8BB8D739FA6E9E544,PART_25F3874B96DA8E29F040CD54AC9B9893,1/23/2025,1,0,1590950.3,1,18.82,7.217,6.593,0,1.024999976,113.3769989,274928.5938,0.453999996,253.2279968,13.81
CUST_D1ECB94B336AF3E8BB8D739FA6E9E544,PART_25F3874B96DA8E29F040CD54AC9B9893,1/24/2025,1,0,1583868.09,11,207.02,79.387,72.523,0,1.027999997,113.4349976,274878.5313,0.453000009,253.25,151.91
CUST_D1ECB94B336AF3E8BB8D739FA6E9E544,PART_25F3874B96DA8E29F040CD54AC9B9893,1/27/2025,1,0,1579224.04,8,150.56,57.736,52.744,0,1.037999988,113.6100006,274728.3125,0.451000005,253.3150024,110.48
CUST_D1ECB94B336AF3E8BB8D739FA6E9E544,PART_25F3874B96DA8E29F040CD54AC9B9893,1/28/2025,1,0,1585162.52,16,301.12,115.472,105.488,0,1.041000009,113.6679993,274678.25,0.449999988,253.3370056,220.96
CUST_D1ECB94B336AF3E8BB8D739FA6E9E544,PART_25F3874B96DA8E29F040CD54AC9B9893,1/29/2025,1,0,1586042.34,3,56.46,21.651,19.779,0,1.04400003,113.7259979,274628.1875,0.449000001,253.3580017,41.43
CUST_D1ECB94B336AF3E8BB8D739FA6E9E544,PART_25F3874B96DA8E29F040CD54AC9B9893,1/30/2025,1,0,1591183.79,1,18.82,7.217,6.593,0,1.047999978,113.7839966,274578.125,0.448000014,253.3800049,13.81
CUST_D1ECB94B336AF3E8BB8D739FA6E9E544,PART_25F3874B96DA8E29F040CD54AC9B9893,1/31/2025,1,0,1589085.18,18,338.79,129.906,118.674,0,1.050999999,113.8420029,274528.0625,0.446999997,253.401001,248.58
CUST_D1ECB94B336AF3E8BB8D739FA6E9E544,PART_25F3874B96DA8E29F040CD54AC9B9893,2/5/2025,1,0,1591410.03,2,37.64,14.434,13.186,0,1.05400002,113.8570023,274873.8438,0.448000014,253.5350037,27.62
CUST_D1ECB94B336AF3E8BB8D739FA6E9E544,PART_25F3874B96DA8E29F040CD54AC9B9893,2/6/2025,1,0,1585254.09,9,169.38,64.953,59.337,0,1.05400002,113.8460007,274972.8125,0.448000014,253.5630035,124.29
CUST_D1ECB94B336AF3E8BB8D739FA6E9E544,PART_25F3874B96DA8E29F040CD54AC9B9893,2/7/2025,1,0,1586071.34,2,37.64,14.434,13.186,0,1.05400002,113.8359985,275071.7813,0.449000001,253.5910034,27.62
CUST_D1ECB94B336AF3E8BB8D739FA6E9E544,PART_25F3874B96DA8E29F040CD54AC9B9893,2/10/2025,1,0,1576762.83,6,112.92,43.302,39.558,0,1.05400002,113.8040009,275368.6875,0.449999988,253.673996,82.86
CUST_D1ECB94B336AF3E8BB8D739FA6E9E544,PART_25F3874B96DA8E29F040CD54AC9B9893,2/11/2025,1,0,1585632.24,12,225.84,86.604,79.116,0,1.05400002,113.7929993,275467.6563,0.449999988,253.7019958,165.72
CUST_D1ECB94B336AF3E8BB8D739FA6E9E544,PART_25F3874B96DA8E29F040CD54AC9B9893,2/13/2025,1,0,1588487.84,18,340.02,139.788,108.792,0,1.05400002,113.7710037,275665.5625,0.451000005,253.7579956,248.58
CUST_D1ECB94B336AF3E8BB8D739FA6E9E544,PART_25F3874B96DA8E29F040CD54AC9B9893,2/14/2025,1,0,1585615.93,6,113.34,46.596,36.264,0,1.05400002,113.7610016,275764.5313,0.451999992,253.7859955,82.86
CUST_D1ECB94B336AF3E8BB8D739FA6E9E544,PART_25F3874B96DA8E29F040CD54AC9B9893,2/17/2025,1,0,1576916.89,1,18.89,7.766,6.044,0,1.05400002,113.7289963,276061.4375,0.453000009,253.8699951,13.81
CUST_D1ECB94B336AF3E8BB8D739FA6E9E544,PART_25F3874B96DA8E29F040CD54AC9B9893,2/18/2025,1,0,1579523.19,1,18.89,7.766,6.044,0,1.05400002,113.7180023,276160.4063,0.453000009,253.897995,13.81
CUST_D1ECB94B336AF3E8BB8D739FA6E9E544,PART_25F3874B96DA8E29F040CD54AC9B9893,2/19/2025,1,0,1579476.03,6,113.34,46.596,36.264,0,1.05400002,113.7070007,276259.3438,0.453999996,253.9259949,82.86
CUST_D1ECB94B336AF3E8BB8D739FA6E9E544,PART_25F3874B96DA8E29F040CD54AC9B9893,2/21/2025,1,0,1571323.5,10,188.9,77.66,60.44,0,1.05400002,113.685997,276457.2813,0.455000013,253.9819946,138.1
CUST_D1ECB94B336AF3E8BB8D739FA6E9E544,PART_25F3874B96DA8E29F040CD54AC9B9893,2/24/2025,1,0,1566216.37,4,75.56,31.064,24.176,0,1.05400002,113.6539993,276754.1875,0.456,254.0650024,55.24
CUST_D1ECB94B336AF3E8BB8D739FA6E9E544,PART_25F3874B96DA8E29F040CD54AC9B9893,2/25/2025,1,0,1571546.23,5,94.45,38.83,30.22,0,1.05400002,113.6429977,276853.1563,0.456,254.0930023,69.05
CUST_D1ECB94B336AF3E8BB8D739FA6E9E544,PART_25F3874B96DA8E29F040CD54AC9B9893,2/27/2025,1,0,1573631.73,10,188.9,77.66,60.44,0,1.05400002,113.6210022,277051.0625,0.456999987,254.1490021,138.1
CUST_D1ECB94B336AF3E8BB8D739FA6E9E544,PART_25F3874B96DA8E29F040CD54AC9B9893,3/5/2025,1,0,1592023.55,2,37.78,16.63,10.99,0,1.054999948,113.6259995,277355.3125,0.456999987,254.2140045,27.62
CUST_D1ECB94B336AF3E8BB8D739FA6E9E544,PART_25F3874B96DA8E29F040CD54AC9B9893,3/6/2025,1,0,1587469.73,7,132.23,58.205,38.465,0,1.054999948,113.6320038,277381.9063,0.456999987,254.2160034,96.67
CUST_D1ECB94B336AF3E8BB8D739FA6E9E544,PART_25F3874B96DA8E29F040CD54AC9B9893,3/11/2025,1,0,1582411.31,2,37.78,16.63,10.99,0,1.054999948,113.6650009,277514.8125,0.456,254.227005,27.62
CUST_D1ECB94B336AF3E8BB8D739FA6E9E544,PART_25F3874B96DA8E29F040CD54AC9B9893,3/12/2025,1,0,1569321.18,8,151.12,66.52,43.96,0,1.054999948,113.6709976,277541.375,0.456,254.2290039,110.48
CUST_D1ECB94B336AF3E8BB8D739FA6E9E544,PART_25F3874B96DA8E29F040CD54AC9B9893,3/13/2025,1,0,1572115.21,13,245.57,108.095,71.435,0,1.055999994,113.677002,277567.9688,0.455000013,254.2310028,179.53
CUST_D1ECB94B336AF3E8BB8D739FA6E9E544,PART_25F3874B96DA8E29F040CD54AC9B9893,3/18/2025,1,0,1575672.48,22,415.58,182.93,120.89,0,1.055999994,113.7099991,277700.875,0.453999996,254.2420044,303.82
CUST_D1ECB94B336AF3E8BB8D739FA6E9E544,PART_25F3874B96DA8E29F040CD54AC9B9893,3/20/2025,1,0,1572723.43,6,113.34,49.89,32.97,0,1.055999994,113.7229996,277754.0313,0.453999996,254.246994,82.86
CUST_D1ECB94B336AF3E8BB8D739FA6E9E544,PART_25F3874B96DA8E29F040CD54AC9B9893,3/24/2025,1,0,1576697.63,6,113.34,49.89,32.97,0,1.057000041,113.7480011,277860.3438,0.453000009,254.2550049,82.86
CUST_D1ECB94B336AF3E8BB8D739FA6E9E544,PART_25F3874B96DA8E29F040CD54AC9B9893,3/25/2025,1,0,1589458.1,4,93.56,33.26,21.98,0,1.057000041,113.7549973,277886.9375,0.453000009,254.2579956,55.24
CUST_D1ECB94B336AF3E8BB8D739FA6E9E544,PART_25F3874B96DA8E29F040CD54AC9B9893,3/27/2025,1,0,1589913.76,8,151.12,66.52,43.96,0,1.057000041,113.7679977,277940.0938,0.451999992,254.2619934,110.48
CUST_D1ECB94B336AF3E8BB8D739FA6E9E544,PART_25F3874B96DA8E29F040CD54AC9B9893,3/28/2025,1,0,1592847.51,2,37.78,16.63,10.99,0,1.057000041,113.7740021,277966.6875,0.451999992,254.2640076,27.62
CUST_D1ECB94B336AF3E8BB8D739FA6E9E544,PART_25F3874B96DA8E29F040CD54AC9B9893,4/1/2025,1,0,1593759.89,3,56.67,24.945,16.485,0,1.057999969,113.8000031,278073,0.451000005,254.272995,41.43
CUST_D1ECB94B336AF3E8BB8D739FA6E9E544,PART_25F3874B96DA8E29F040CD54AC9B9893,4/2/2025,1,0,1600128.92,3,56.67,24.945,16.485,0,1.057999969,113.7929993,278023.1875,0.451000005,254.2740021,41.43
CUST_D1ECB94B336AF3E8BB8D739FA6E9E544,PART_25F3874B96DA8E29F040CD54AC9B9893,4/3/2025,1,0,1605422.42,6,113.34,49.89,32.97,0,1.057999969,113.7870026,277973.4063,0.451000005,254.2749939,82.86
CUST_D1ECB94B336AF3E8BB8D739FA6E9E544,PART_25F3874B96DA8E29F040CD54AC9B9893,4/4/2025,1,0,1606458.38,4,75.56,33.26,21.98,0,1.057999969,113.7799988,277923.5938,0.451000005,254.2769928,55.24
CUST_D1ECB94B336AF3E8BB8D739FA6E9E544,PART_25F3874B96DA8E29F040CD54AC9B9893,4/8/2025,1,0,1615259.73,2,46.78,16.63,10.99,0,1.057000041,113.7529984,277724.4063,0.451999992,254.2810059,27.62
CUST_D1ECB94B336AF3E8BB8D739FA6E9E544,PART_25F3874B96DA8E29F040CD54AC9B9893,4/9/2025,1,0,1620120.49,3,56.67,24.945,16.485,0,1.057000041,113.7470016,277674.5938,0.451999992,254.2819977,41.43
CUST_D1ECB94B336AF3E8BB8D739FA6E9E544,PART_25F3874B96DA8E29F040CD54AC9B9893,4/10/2025,1,0,1626678.45,5,94.45,41.575,27.475,0,1.057000041,113.7399979,277624.8125,0.451999992,254.2839966,69.05
CUST_D1ECB94B336AF3E8BB8D739FA6E9E544,PART_25F3874B96DA8E29F040CD54AC9B9893,4/17/2025,1,0,1627977.15,3,56.67,24.945,16.485,0,1.055999994,113.6930008,277276.1875,0.453000009,254.2920074,41.43
CUST_D1ECB94B336AF3E8BB8D739FA6E9E544,PART_25F3874B96DA8E29F040CD54AC9B9893,4/18/2025,1,0,1626185.51,6,113.34,49.89,32.97,0,1.055999994,113.6869965,277226.4063,0.453000009,254.2929993,82.86
CUST_D1ECB94B336AF3E8BB8D739FA6E9E544,PART_25F3874B96DA8E29F040CD54AC9B9893,4/21/2025,1,0,1618428.83,9,170.01,74.835,49.455,0,1.054999948,113.6669998,277077,0.453000009,254.2960052,124.29
CUST_D1ECB94B336AF3E8BB8D739FA6E9E544,PART_25F3874B96DA8E29F040CD54AC9B9893,4/24/2025,1,0,1615290.62,8,151.12,66.52,43.96,0,1.054999948,113.6470032,276927.5938,0.453000009,254.3000031,110.48
CUST_D1ECB94B336AF3E8BB8D739FA6E9E544,PART_25F3874B96DA8E29F040CD54AC9B9893,4/30/2025,1,0,1619996.86,6,113.34,49.89,32.97,0,1.05400002,113.6070023,276628.8125,0.453999996,254.3070068,82.86
CUST_D1ECB94B336AF3E8BB8D739FA6E9E544,PART_25F3874B96DA8E29F040CD54AC9B9893,5/1/2025,1,0,1624527.64,14,264.46,116.41,76.93,0,1.05400002,113.5999985,276579,0.453999996,254.3079987,193.34
CUST_D1ECB94B336AF3E8BB8D739FA6E9E544,PART_25F3874B96DA8E29F040CD54AC9B9893,5/2/2025,1,0,1625513.29,13,245.57,108.095,71.435,0,1.05400002,113.5899963,276571.6563,0.453999996,254.3090057,179.53
CUST_D1ECB94B336AF3E8BB8D739FA6E9E544,PART_25F3874B96DA8E29F040CD54AC9B9893,5/6/2025,1,0,1624630.26,8,155.62,66.52,43.96,0,1.05400002,113.552002,276542.2188,0.453999996,254.3119965,110.48
CUST_D1ECB94B336AF3E8BB8D739FA6E9E544,PART_25F3874B96DA8E29F040CD54AC9B9893,5/7/2025,1,0,1623460.29,30,566.7,249.45,164.85,0,1.05400002,113.5419998,276534.875,0.453999996,254.3130035,414.3
CUST_D1ECB94B336AF3E8BB8D739FA6E9E544,PART_25F3874B96DA8E29F040CD54AC9B9893,5/8/2025,1,0,1623740.47,10,188.9,83.15,54.95,0,1.05400002,113.5319977,276527.5313,0.453999996,254.3130035,138.1
CUST_D1ECB94B336AF3E8BB8D739FA6E9E544,PART_25F3874B96DA8E29F040CD54AC9B9893,5/9/2025,1,0,1631878.99,6,113.34,49.89,32.97,0,1.052999973,113.5230026,276520.1563,0.453999996,254.3139954,82.86
CUST_D1ECB94B336AF3E8BB8D739FA6E9E544,PART_25F3874B96DA8E29F040CD54AC9B9893,5/12/2025,1,0,1629308.16,1,18.89,8.315,5.495,0,1.052999973,113.4940033,276498.0938,0.453999996,254.3170013,13.81
CUST_D1ECB94B336AF3E8BB8D739FA6E9E544,PART_25F3874B96DA8E29F040CD54AC9B9893,5/13/2025,1,0,1637436.6,10,188.9,83.15,54.95,0,1.052999973,113.4840012,276490.75,0.453999996,254.3170013,138.1
CUST_D1ECB94B336AF3E8BB8D739FA6E9E544,PART_25F3874B96DA8E29F040CD54AC9B9893,5/14/2025,1,0,1643548.77,20,391.3,166.3,109.9,0,1.052999973,113.473999,276483.375,0.453999996,254.3179932,276.2
CUST_D1ECB94B336AF3E8BB8D739FA6E9E544,PART_25F3874B96DA8E29F040CD54AC9B9893,5/15/2025,1,0,1647313.54,3,56.67,24.945,16.485,0,1.052999973,113.4649963,276476.0313,0.453999996,254.3190002,41.43
CUST_D1ECB94B336AF3E8BB8D739FA6E9E544,PART_25F3874B96DA8E29F040CD54AC9B9893,5/19/2025,1,0,1639911.44,8,151.12,70.912,39.568,0,1.052999973,113.4260025,276446.625,0.453000009,254.3220062,110.48
CUST_D1ECB94B336AF3E8BB8D739FA6E9E544,PART_25F3874B96DA8E29F040CD54AC9B9893,5/20/2025,1,0,1645886.4,4,75.56,35.456,19.784,0,1.052999973,113.4160004,276439.25,0.453000009,254.322998,55.24
CUST_D1ECB94B336AF3E8BB8D739FA6E9E544,PART_25F3874B96DA8E29F040CD54AC9B9893,5/21/2025,1,0,1638930.79,10,188.9,88.64,49.46,0,1.052999973,113.4059982,276431.9063,0.453000009,254.322998,138.1
CUST_D1ECB94B336AF3E8BB8D739FA6E9E544,PART_25F3874B96DA8E29F040CD54AC9B9893,5/27/2025,1,0,1640946.5,4,84.76,35.456,19.784,0,1.052000046,113.3479996,276387.7813,0.453000009,254.3280029,55.24
CUST_D1ECB94B336AF3E8BB8D739FA6E9E544,PART_25F3874B96DA8E29F040CD54AC9B9893,5/28/2025,1,0,1645871.93,5,105.95,44.32,24.73,0,1.052000046,113.3389969,276380.4063,0.453000009,254.3289948,69.05
CUST_D1ECB94B336AF3E8BB8D739FA6E9E544,PART_25F3874B96DA8E29F040CD54AC9B9893,5/30/2025,1,0,1649133.58,2,42.38,17.728,9.892,0,1.052000046,113.3190002,276365.7188,0.453000009,254.3300018,27.62
CUST_D1ECB94B336AF3E8BB8D739FA6E9E544,PART_25F3874B96DA8E29F040CD54AC9B9893,6/3/2025,1,0,1654910.14,7,148.33,62.048,49.322,0,1.050999999,113.3529968,276445.125,0.451000005,254.3320007,111.37
CUST_D1ECB94B336AF3E8BB8D739FA6E9E544,PART_25F3874B96DA8E29F040CD54AC9B9893,6/4/2025,1,0,1658483.42,2,42.38,17.728,14.092,0,1.049999952,113.3799973,276492.1875,0.449999988,254.3320007,31.82
CUST_D1ECB94B336AF3E8BB8D739FA6E9E544,PART_25F3874B96DA8E29F040CD54AC9B9893,6/5/2025,1,0,1663917.01,10,211.9,88.64,70.46,0,1.049000025,113.4069977,276539.2813,0.449000001,254.3320007,159.1
CUST_D1ECB94B336AF3E8BB8D739FA6E9E544,PART_25F3874B96DA8E29F040CD54AC9B9893,6/6/2025,1,0,1667052.27,20,423.8,177.28,140.92,0,1.049000025,113.4329987,276586.3438,0.448000014,254.3320007,318.2
CUST_D1ECB94B336AF3E8BB8D739FA6E9E544,PART_25F3874B96DA8E29F040CD54AC9B9893,6/9/2025,1,0,1660687.87,12,254.28,106.368,84.552,0,1.047000051,113.5130005,276727.5313,0.444999993,254.3320007,190.92
CUST_D1ECB94B336AF3E8BB8D739FA6E9E544,PART_25F3874B96DA8E29F040CD54AC9B9893,6/11/2025,1,0,1671667.82,10,211.9,88.64,70.46,0,1.046000004,113.5670013,276821.6563,0.442999989,254.3320007,159.1
CUST_D1ECB94B336AF3E8BB8D739FA6E9E544,PART_25F3874B96DA8E29F040CD54AC9B9893,6/17/2025,1,0,1677917.27,7,148.33,62.048,49.322,0,1.042000055,113.7269974,277104.0625,0.43599999,254.3320007,111.37
CUST_D1ECB94B336AF3E8BB8D739FA6E9E544,PART_25F3874B96DA8E29F040CD54AC9B9893,6/19/2025,1,0,1665938.45,3,63.57,26.592,21.138,0,1.041000009,113.7799988,277198.1875,0.433999985,254.3320007,47.73
CUST_D1ECB94B336AF3E8BB8D739FA6E9E544,PART_25F3874B96DA8E29F040CD54AC9B9893,6/24/2025,1,0,1675307.02,8,169.52,70.912,56.368,0,1.036999941,113.913002,277433.5313,0.42899999,254.3320007,127.28
CUST_D1ECB94B336AF3E8BB8D739FA6E9E544,PART_25F3874B96DA8E29F040CD54AC9B9893,6/26/2025,1,0,1678352.81,3,63.57,26.592,21.138,0,1.036000013,113.9670029,277527.6563,0.426999986,254.3320007,47.73
CUST_D1ECB94B336AF3E8BB8D739FA6E9E544,PART_25F3874B96DA8E29F040CD54AC9B9893,6/30/2025,1,0,1673891.45,6,127.14,53.184,42.276,0,1.034000039,114.072998,277715.9375,0.423000008,254.3320007,95.46
CUST_D1ECB94B336AF3E8BB8D739FA6E9E544,PART_25F3874B96DA8E29F040CD54AC9B9893,7/1/2025,1,0,1690468,6,127.14,53.184,42.276,0,1.032999992,114.0999985,277763,0.421999991,254.3320007,95.46
CUST_D1ECB94B336AF3E8BB8D739FA6E9E544,PART_25F3874B96DA8E29F040CD54AC9B9893,7/2/2025,1,0,1733759.65,8,169.52,70.912,56.368,0,1.031999946,114.1259995,277758,0.421000004,254.3509979,127.28
CUST_D1ECB94B336AF3E8BB8D739FA6E9E544,PART_25F3874B96DA8E29F040CD54AC9B9893,7/7/2025,1,0,1731003.17,6,127.14,53.184,42.276,0,1.029999971,114.2549973,277733,0.418000013,254.4459991,95.46
CUST_D1ECB94B336AF3E8BB8D739FA6E9E544,PART_25F3874B96DA8E29F040CD54AC9B9893,7/8/2025,1,0,1745589.58,4,84.76,35.456,28.184,0,1.029000044,114.2809982,277728,0.416999996,254.4649963,63.64
CUST_D1ECB94B336AF3E8BB8D739FA6E9E544,PART_25F3874B96DA8E29F040CD54AC9B9893,7/9/2025,1,0,1745212.1,4,84.76,35.456,28.184,0,1.029000044,114.3059998,277723,0.416000009,254.4850006,63.64
CUST_D1ECB94B336AF3E8BB8D739FA6E9E544,PART_25F3874B96DA8E29F040CD54AC9B9893,7/10/2025,1,0,1742498.45,8,169.52,70.912,56.368,0,1.027999997,114.3320007,277718,0.416000009,254.5039978,127.28
CUST_D1ECB94B336AF3E8BB8D739FA6E9E544,PART_25F3874B96DA8E29F040CD54AC9B9893,7/11/2025,1,0,1741456.37,5,105.95,44.32,35.23,0,1.027999997,114.3580017,277713,0.414999992,254.522995,79.55
CUST_D1ECB94B336AF3E8BB8D739FA6E9E544,PART_25F3874B96DA8E29F040CD54AC9B9893,7/14/2025,1,0,1735215.96,4,84.76,35.456,28.184,0,1.026000023,114.4349976,277698,0.412999988,254.5800018,63.64
CUST_D1ECB94B336AF3E8BB8D739FA6E9E544,PART_25F3874B96DA8E29F040CD54AC9B9893,7/16/2025,1,0,1746779.65,3,63.57,26.592,21.138,0,1.024999976,114.4869995,277688,0.411000013,254.6179962,47.73
CUST_D1ECB94B336AF3E8BB8D739FA6E9E544,PART_25F3874B96DA8E29F040CD54AC9B9893,7/22/2025,1,0,1755098.13,15,317.85,132.96,105.69,0,1.021999955,114.6419983,277658,0.407000005,254.7319946,238.65
CUST_D1ECB94B336AF3E8BB8D739FA6E9E544,PART_25F3874B96DA8E29F040CD54AC9B9893,7/23/2025,1,0,1756851.41,10,211.9,88.64,70.46,0,1.021999955,114.6679993,277653,0.405999988,254.7510071,159.1
CUST_D1ECB94B336AF3E8BB8D739FA6E9E544,PART_25F3874B96DA8E29F040CD54AC9B9893,7/24/2025,1,0,1759369.35,8,169.52,70.912,56.368,0,1.021000028,114.6940002,277648,0.405999988,254.7700043,127.28
CUST_D1ECB94B336AF3E8BB8D739FA6E9E544,PART_25F3874B96DA8E29F040CD54AC9B9893,7/28/2025,1,0,1760558.18,7,148.33,62.048,49.322,0,1.019000053,114.7969971,277628,0.402999997,254.8470001,111.37
CUST_D1ECB94B336AF3E8BB8D739FA6E9E544,PART_25F3874B96DA8E29F040CD54AC9B9893,7/31/2025,1,0,1770545.67,7,148.33,62.048,49.322,0,1.018000007,114.8740005,277613,0.400999993,254.904007,111.37
CUST_D1ECB94B336AF3E8BB8D739FA6E9E544,PART_25F3874B96DA8E29F040CD54AC9B9893,8/1/2025,1,0,1774166.53,2,42.38,17.728,13.192,0,1.01699996,114.9000015,277608,0.400000006,254.9230042,30.92
CUST_D1ECB94B336AF3E8BB8D739FA6E9E544,PART_25F3874B96DA8E29F040CD54AC9B9893,8/5/2025,1,0,1777321.14,19,402.61,168.416,125.324,0,1.019999981,114.7580032,277677.4063,0.398000002,255.0879974,293.74
CUST_D1ECB94B336AF3E8BB8D739FA6E9E544,PART_25F3874B96DA8E29F040CD54AC9B9893,8/6/2025,1,0,1777710.37,2,42.38,17.728,13.192,0,1.021000028,114.7229996,277694.7813,0.397000015,255.1300049,30.92
CUST_D1ECB94B336AF3E8BB8D739FA6E9E544,PART_25F3874B96DA8E29F040CD54AC9B9893,8/7/2025,1,0,1780128.93,9,192.91,79.776,59.364,0,1.021999955,114.6869965,277712.125,0.397000015,255.1710052,139.14
CUST_D1ECB94B336AF3E8BB8D739FA6E9E544,PART_25F3874B96DA8E29F040CD54AC9B9893,8/8/2025,1,0,1781274.23,10,211.9,88.64,65.96,0,1.023000002,114.6520004,277729.4688,0.395999998,255.2120056,154.6
CUST_D1ECB94B336AF3E8BB8D739FA6E9E544,PART_25F3874B96DA8E29F040CD54AC9B9893,8/11/2025,1,0,1777830.27,4,84.76,35.456,26.384,0,1.024999976,114.5449982,277781.5625,0.395000011,255.3370056,61.84
CUST_D1ECB94B336AF3E8BB8D739FA6E9E544,PART_25F3874B96DA8E29F040CD54AC9B9893,8/13/2025,1,0,1782238.08,3,63.57,26.592,19.788,0,1.02699995,114.473999,277816.25,0.393000007,255.4190063,46.38
CUST_D1ECB94B336AF3E8BB8D739FA6E9E544,PART_25F3874B96DA8E29F040CD54AC9B9893,8/15/2025,1,0,1785275.56,10,211.9,88.64,65.96,0,1.027999997,114.4029999,277850.9688,0.39199999,255.5019989,154.6
CUST_D1ECB94B336AF3E8BB8D739FA6E9E544,PART_25F3874B96DA8E29F040CD54AC9B9893,8/18/2025,1,0,1780022.42,4,84.76,35.456,26.384,0,1.031000018,114.2969971,277903.0313,0.391000003,255.6260071,61.84
CUST_D1ECB94B336AF3E8BB8D739FA6E9E544,PART_25F3874B96DA8E29F040CD54AC9B9893,8/19/2025,1,0,1785086.11,7,148.33,62.048,46.172,0,1.031999946,114.2610016,277920.375,0.389999986,255.6670074,108.22
CUST_D1ECB94B336AF3E8BB8D739FA6E9E544,PART_25F3874B96DA8E29F040CD54AC9B9893,8/20/2025,1,0,1782109.33,2,42.38,17.728,13.192,0,1.031999946,114.2259979,277937.75,0.389999986,255.7089996,30.92
CUST_D1ECB94B336AF3E8BB8D739FA6E9E544,PART_25F3874B96DA8E29F040CD54AC9B9893,8/22/2025,1,0,1785423.17,5,105.95,44.32,32.98,0,1.034000039,114.1549988,277972.4375,0.388000011,255.7910004,77.3
CUST_D1ECB94B336AF3E8BB8D739FA6E9E544,PART_25F3874B96DA8E29F040CD54AC9B9893,8/26/2025,1,0,1781706.21,8,169.52,70.912,52.768,0,1.036999941,114.0130005,278041.875,0.386000007,255.9570007,123.68
CUST_D1ECB94B336AF3E8BB8D739FA6E9E544,PART_25F3874B96DA8E29F040CD54AC9B9893,8/27/2025,1,0,1779886.77,3,63.57,26.592,19.788,0,1.037999988,113.9769974,278059.2188,0.386000007,255.9980011,46.38
CUST_D1ECB94B336AF3E8BB8D739FA6E9E544,PART_25F3874B96DA8E29F040CD54AC9B9893,8/28/2025,1,0,1778005.95,1,21.19,8.864,6.596,0,1.039000034,113.9420013,278076.5938,0.38499999,256.0400085,15.46
CUST_D1ECB94B336AF3E8BB8D739FA6E9E544,PART_25F3874B96DA8E29F040CD54AC9B9893,8/29/2025,1,0,1774884.72,1,21.19,8.864,6.596,0,1.039999962,113.9059982,278093.9375,0.38499999,256.0809937,15.46
CUST_D1ECB94B336AF3E8BB8D739FA6E9E544,PART_25F3874B96DA8E29F040CD54AC9B9893,9/2/2025,1,0,1768745.6,2,42.38,17.728,13.192,0,1.041000009,113.7470016,278129.3125,0.381999999,256.2049866,30.92
CUST_D1ECB94B336AF3E8BB8D739FA6E9E544,PART_25F3874B96DA8E29F040CD54AC9B9893,9/3/2025,1,0,1778555.57,7,148.33,62.048,46.172,0,1.039000034,113.6930008,278112.5938,0.379999995,256.2049866,108.22
CUST_D1ECB94B336AF3E8BB8D739FA6E9E544,PART_25F3874B96DA8E29F040CD54AC9B9893,9/11/2025,1,0,1769473.64,2,42.38,17.728,13.192,0,1.02699995,113.2669983,277979,0.368000001,256.2049866,30.92
CUST_D1ECB94B336AF3E8BB8D739FA6E9E544,PART_25F3874B96DA8E29F040CD54AC9B9893,9/12/2025,1,0,1767595.26,17,360.23,150.688,112.132,0,1.026000023,113.2129974,277962.3125,0.367000014,256.2049866,262.82
CUST_D1ECB94B336AF3E8BB8D739FA6E9E544,PART_25F3874B96DA8E29F040CD54AC9B9893,9/16/2025,1,0,1776323.09,19,402.61,168.416,125.324,0,1.019999981,113,277895.5,0.361000001,256.2049866,293.74
CUST_D1ECB94B336AF3E8BB8D739FA6E9E544,PART_25F3874B96DA8E29F040CD54AC9B9893,9/18/2025,1,0,1778192.24,2,42.38,17.728,13.192,0,1.01699996,112.8929977,277862.0938,0.35800001,256.2049866,30.92
CUST_D1ECB94B336AF3E8BB8D739FA6E9E544,PART_25F3874B96DA8E29F040CD54AC9B9893,9/19/2025,1,0,1785269.53,6,127.14,53.184,39.576,0,1.014999986,112.8399963,277845.4063,0.356999993,256.2049866,92.76
CUST_D1ECB94B336AF3E8BB8D739FA6E9E544,PART_25F3874B96DA8E29F040CD54AC9B9893,9/23/2025,1,0,1793143.01,12,254.28,106.368,79.152,0,1.008999944,112.6269989,277778.5938,0.351000011,256.2049866,185.52
CUST_D1ECB94B336AF3E8BB8D739FA6E9E544,PART_25F3874B96DA8E29F040CD54AC9B9893,9/25/2025,1,0,1797316.54,1,21.19,8.864,6.596,0,1.006000042,112.5199966,277745.1875,0.34799999,256.2049866,15.46
CUST_D1ECB94B336AF3E8BB8D739FA6E9E544,PART_25F3874B96DA8E29F040CD54AC9B9893,9/26/2025,1,0,1792500.29,4,84.76,35.456,26.384,0,1.004999995,112.4670029,277728.5,0.345999986,256.2049866,61.84
CUST_D1ECB94B336AF3E8BB8D739FA6E9E544,PART_25F3874B96DA8E29F040CD54AC9B9893,9/29/2025,1,0,1785039.86,7,148.33,62.048,46.172,0,1,112.3069992,277678.4063,0.342000008,256.2049866,108.22
CUST_D1ECB94B336AF3E8BB8D739FA6E9E544,PART_25F3874B96DA8E29F040CD54AC9B9893,9/30/2025,1,0,1795257.75,6,127.14,53.184,39.576,0,0.999000013,112.2529984,277661.6875,0.340000004,256.2049866,92.76
